LID,Year,lon,lat,PD,ED,LSI,AWMSI,AI,CONTAG,SHDI,FP,GP,WP,FVC,ECV,BP,POP,GDP,UEI,Temperature,Coupling Coordination Level
P19,2023,671107.2035,3802753.56,8.4016,73.0939,3.0435,2.3726,79.2952,36.4275,0.5468,0.200460054,0.030704898,0.002194547,0.64043951,0.045721631,0.040717578,72,0.857599676,0,37.5830861,3
P363,2023,698707.2035,3813103.56,4.2008,38.4373,1.5556,1.3677,95.4128,37.8833,0.6374,0.082137849,0.003780718,0.252156299,0.629487753,0.063443431,0.445023565,800,7.904875755,1.003935929,40.24667462,5
P374,2023,697327.2035,3797233.56,16.8032,51.6698,3.0588,1.2384,71.0744,54.3858,0.3872,0.127746593,0.001890359,0.005211926,0.755240321,0.075805709,0.023161379,131,0.650805831,-1.854711394,39.27685264,3
P834,2023,691807.2035,3819313.56,6.3012,24.5747,1.75,1.1132,87.7551,64.9401,0.3418,0.106433665,0.003780718,0.001037954,0.776877642,0.024419916,0.027646623,359,12.94618797,0,38.72712134,4
P1093,2023,700777.2035,3831733.56,6.3012,72.4638,2.093,1.7912,94.4247,45.3901,0.4439,0.717663031,0.116535412,0.003780718,0.880768239,0.062960316,0,67,0.650805831,0,30.8709388,2
P1107,2023,695947.2035,3804823.56,8.4016,63.012,3.2353,2.3482,68.595,52.1462,0.3872,0.079395085,0.042029134,0.007579355,0.725545943,0.049889627,0.106829813,145,7.697261333,0,39.64668219,4
P1251,2023,720097.2035,3833803.56,12.6024,51.6698,3.1429,1.6863,61.5385,62.39,0.2954,0.030621083,0.02268431,0.031181967,0.537115812,0.086835925,0.868051207,94,16.57756042,-0.519380599,41.56345216,5
P1367,2023,671797.2035,3802753.56,8.4016,49.1493,2.75,1.8383,71.4286,58.8232,0.3418,0.087397754,0.013232514,0.002438577,0.674376845,0.041346172,0.005671078,223,0.965344489,0,37.68086563,2
P1378,2023,696637.2035,3825523.56,6.3012,104.5999,3,2.8068,87.4074,18.1126,0.6895,0.399923537,0.059782729,0.071833648,0.800320268,0.072387268,0.05681776,208,1.666552901,0,36.59195287,3
P1851,2023,733207.2035,3818623.56,6.3012,13.8626,1.7778,1.3088,72,83.9248,0.1421,0.022762874,0.003780718,0.005671078,0.698073208,0.034631505,0.433159781,842,2.252217293,4.098196571,40.69147467,4
P1856,2023,690427.2035,3817243.56,2.1004,109.0107,3.1111,3.1111,86.9863,18.3011,0.6783,0.480620689,0.039697543,0.054820416,0.843828499,0.074109138,0.012296294,248,42.58895493,-2.664982609,35.65708211,5
P2490,2023,703537.2035,3862783.56,6.3012,39.6975,1.9259,1.4616,92.3077,37.5582,0.6361,0.033693037,0.001908278,0.286999627,0.408172309,0.287186564,0.243103828,113,4.946421623,-1.612070893,31.65626777,4
P2683,2023,692497.2035,3810343.56,14.7028,39.6975,2.8462,1.2469,61.9048,67.9885,0.2584,0.055422195,0.011342155,0.000477069,0.707544506,0.047605677,0.026465028,130,3.181622505,0,39.89203354,3
P2834,2023,702847.2035,3820003.56,8.4016,72.4638,2.4444,1.6013,91.2162,25.9049,0.6755,0.204900985,0.001890359,0.382194457,0.686623096,0.074125391,0.011342155,183,1.718070149,-5.028946966,33.18105087,3
P3185,2023,719407.2035,3826213.56,21.004,63.6421,4,1.442,48.7805,59.6286,0.3042,0.078954672,0.007269916,0.006148147,0.673910201,0.089754678,0.059471458,557,79.26118469,0,36.84204107,5
P3290,2023,720097.2035,3826213.56,8.4016,44.1084,2.25,1.7609,81.8182,58.0064,0.3651,0.112616304,0.003780718,0.003303649,0.665470481,0.064174709,0.096538279,566,72.00598145,21.32447473,37.2645581,5
P3299,2023,701467.2035,3826213.56,21.004,93.2577,4.15,2.3739,62.0482,40.0436,0.465,0.070462266,0.093533234,0.007561437,0.700617611,0.07126817,0.097589913,245,1.322383285,-1.098396886,39.59261675,3
P3313,2023,702157.2035,3820003.56,4.2008,71.2035,2.9231,2.1862,83.5526,30.6565,0.6206,0.128414462,0.000518977,0.184669312,0.705898941,0.0401929,0.048111384,260,1.625595808,-3.756786129,36.63986627,3
P3354,2023,691117.2035,3801373.56,2.1004,61.1216,1.7568,1.7568,95.6454,30.4548,0.6518,0.070628064,0.011342155,0.562141199,0.607356191,0.03826416,0.039435262,175,1.84578526,-0.91486061,33.16195973,3
P3495,2023,681457.2035,3799993.56,14.7028,46.6289,2.8571,1.9496,63.8889,64.5421,0.2819,0.06979541,0.011342155,0.002742764,0.746638477,0.038574624,0.45452627,370,0.877078712,1.451982791,38.79217391,4
P3654,2023,692497.2035,3822073.56,8.4016,80.6553,2.5,2.2096,90.625,22.9631,0.6889,0.397275375,0.007561437,0.144822057,0.740594029,0.044764586,0.011890373,275,1.703820705,-13.38432588,34.94610457,3
P3664,2023,690427.2035,3837943.56,2.1004,46.6289,1.8222,1.8222,96.1257,70.9342,0.2125,0.927647375,0.014603896,0.001890359,0.894370019,0.129075881,0.028355388,30,0.582940102,0,33.35550913,3
P3708,2023,682147.2035,3801373.56,8.4016,56.0807,2.6667,1.5297,80.663,45.0514,0.4876,0.050019662,0.013232514,0.134247919,0.728069842,0.048385786,0.130083436,332,0.920890331,-0.286474927,36.74899367,4
P4140,2023,718717.2035,3834493.56,25.2048,115.942,4.1923,1.6763,71.7687,22.9733,0.6129,0.156710024,0.121220752,0.01923702,0.686464548,0.081191916,0.208933722,98,21.45082855,-0.259146816,36.44245389,5
P4186,2023,669727.2035,3803443.56,12.6024,28.3554,2.7,1.1925,52.7778,77.3338,0.1788,0.009266247,0.014747538,0.020811869,0.626460373,0.029329986,0.048237107,300,0.908194542,0.815746195,38.6725754,3
P4282,2023,694567.2035,3833803.56,8.4016,85.0662,2.625,2.4678,91.0714,30.6134,0.5873,0.695290566,0.015683758,0.009303916,0.858200192,0.045764166,0.012101255,47,0.62672472,0,32.14336558,3
P4545,2023,676627.2035,3827593.56,21.004,66.7927,3.8667,1.4059,51.6854,57.5121,0.3213,0.075834407,0.003780718,0.018903592,0.732611775,0.037187257,0.119336989,253,1.124266505,0,38.77618991,3
P4636,2023,680767.2035,3820693.56,8.4016,53.5602,1.9697,1.5862,93.6634,29.2065,0.693,0.276830103,0.011485796,0.230182586,0.837459981,0.051901821,0.08211386,181,7.231266499,0,32.95291305,4
P4638,2023,721477.2035,3834493.56,12.6024,39.0674,2.5385,1.1665,69.2308,67.7043,0.2632,0.04115274,0.000518977,0.032136106,0.558471739,0.105793291,0.521370878,179,16.57530594,-0.072252979,38.81959542,5
P5016,2023,704917.2035,3805513.56,10.502,65.5325,3.2632,1.8442,72.2581,46.4481,0.447,0.003780718,0.123791648,0.0427181,0.604762733,0.0714427,0.143284877,307,6.640172958,-0.054011991,38.79395281,4
P153,2023,785647.2035,3870373.56,18.9036,62.3819,3.1667,1.4339,69.5312,51.0256,0.4013,0,0.006625216,0.124875748,0.175933197,0.0307684,0.685253323,20,2.495290756,55.45345345,32.62476947,5
P488,2023,682837.2035,3816553.56,8.4016,20.794,1.4,1.097,95.5556,55.2369,0.4848,0,0.005671078,0.172539303,0.57125324,0.024024788,0.152009991,1229,50.69367599,4.151880245,39.0146395,5
P513,2023,680767.2035,3811723.56,10.502,75.6144,3.5,2.1571,67.8571,46.8353,0.4216,0,0.119354908,0.030722816,0.529198825,0.019191946,0.17271353,137,2.302098513,0.055397026,42.34984123,4
P517,2023,744937.2035,3866923.56,12.6024,27.0951,2.1538,1.3557,78.2609,69.7181,0.2726,0,0.001890359,0.080321816,0.289747179,0.041205148,0.827404777,18,32.17008972,2.407002193,25.36782035,5
P1528,2023,782887.2035,3871063.56,8.4016,12.6024,2,1,28.5714,91.1593,0.0621,0,0.001890359,0.01048975,0.538013279,0.049318799,0.564831746,12,0.964111447,3.77905708,43.42226008,4
P1803,2023,789787.2035,3868993.56,4.2008,86.3264,2.7586,2.267,86.4721,23.6998,0.6659,0,0.003780718,0.376596885,0.534573257,0.035230024,0.192552522,10,1.907727003,44.37428821,45.01794007,4
P1888,2023,684907.2035,3858643.56,6.3012,40.3277,1.5938,1.4041,95.9916,33.0654,0.6922,0,0.003780718,0.473462436,0.573263109,0.064564238,0.420664784,37,1.98675561,0.55235091,31.36039206,5
P2190,2023,787717.2035,3869683.56,8.4016,85.6963,3.7143,2.5493,71.066,37.3158,0.5087,0,0.1725459,0.034546455,0.319055706,0.045885009,0.287115566,10,1.458523631,1740.504801,41.09805869,4
P2479,2023,681457.2035,3813103.56,18.9036,80.0252,3.85,1.6969,65.2439,42.4457,0.462,0,0.163361635,0.005671078,0.437315464,0.026590085,0.207939509,244,9.318598747,6.829268293,44.20547612,4
P2748,2023,786337.2035,3870373.56,21.004,67.4228,3.9333,1.5249,49.4253,57.8333,0.3171,0,0.084213757,0.011675583,0.23210448,0.037912574,0.196215753,23,2.231132984,1.324734495,45.27075288,4
P3259,2023,688357.2035,3830353.56,2.1004,5.041,1,1,100,95.3548,0.035,0,0.000518977,0.005671078,0.60646683,0.060655232,0.647793821,371,0.958095849,0.296135785,41.43487941,5
P3832,2023,681457.2035,3811723.56,8.4016,40.3277,2.4,1.35,75.2941,63.1963,0.3129,0,0.06089607,0.029768677,0.568134964,0.030538616,0.063090617,219,2.81504941,0.458285033,39.52265593,3
P3888,2023,686287.2035,3857263.56,8.4016,60.4915,1.95,1.3054,94.8087,36.1621,0.5836,0,0.014663722,0.713363336,0.52946955,0.035510775,0.234069276,4,3.097515106,-7.699219753,23.09778167,4
P4277,2023,686287.2035,3857953.56,16.8032,143.0372,4.7778,2.882,68.4211,17.11,0.6348,0,0.045785863,0.287354344,0.41559428,0.091871431,0.618216764,17,3.199578285,76.26481424,28.84076112,5
P4478,2023,734558.1743,3870333.367,4.884,28.5714,1.4667,1.3634,96.6507,36.7395,0.693,0,0.00218786,0.479905785,0.500634253,0.009365519,0.330094721,0,4.353236198,-2.210502359,33.43354057,5
P4618,2023,675937.2035,3813103.56,12.6024,69.3132,2.9524,1.5545,78.0749,41.5544,0.4956,0,0.189179558,0.009451796,0.63695693,0.032738828,0.051039698,123,1.723819017,0,41.57847246,3
P4888,2023,704227.2035,3805513.56,8.4016,29.6156,2.1538,1.2188,78.2609,69.0881,0.2726,0,0.077856072,0.000130974,0.670130432,0.082752039,0.029231782,212,5.298062325,4.676834889,39.6467205,3
P4893,2023,670417.2035,3803443.56,6.3012,46.6289,1.7917,1.5712,92.803,39.6096,0.5854,0,0.003303649,0.26986221,0.640220582,0.019706676,0.05241108,284,0.892081559,-0.196099159,35.24699693,3
P178,2023,668339.8442,3853769.103,0,0,0,0,0,0,0,0,0.002172949,0.185038729,0.46555981,0.016473583,0.563422798,52,0.650805831,8.437451722,26.33269926,3
P4579,2023,680123.6937,3857854.274,0,0,0,0,0,0,0,0,0.00559759,0.253797017,0.415322661,0.047899635,0.626360627,4,0.725737154,0.537976749,29.00701183,4
P5035,2023,683527.2035,3814483.56,12.6024,23.9445,2.625,1,45.8333,82.1052,0.1356,0,0.024574669,0.004716939,0.471051574,0.023266893,0.277947387,568,37.89959717,21.30111036,43.0084836,5
P5,2023,729757.2035,3866233.56,10.502,31.506,2.3333,1.2313,72.4138,71.044,0.2436,0.025946051,0,0.040651681,0.773225546,0.060952711,0.568867136,881,17.93163681,0,38.41534043,5
P23,2023,711127.2035,3846223.56,8.4016,23.9445,2.2222,1.2214,64.5161,79.8267,0.1609,0.015122873,0,0.023722264,0.740408182,0.07052144,0.049209164,185,2.764460325,0.213175183,38.11538096,3
P80,2023,726307.2035,3871063.56,18.9036,112.1613,3.3333,1.7626,84.507,16.4499,0.6931,0.105087285,0,0.394133333,0.745025456,0.107088462,0.321891358,101,12.85295582,1.446186139,30.82507636,5
P85,2023,711127.2035,3845533.56,16.8032,52.9301,3.0714,1.3244,59.7222,63.3772,0.2819,0.077504726,0,0.002742764,0.748255312,0.087675461,0.043609235,159,2.295300484,8.229972539,36.73491647,3
P129,2023,735967.2035,3837943.56,8.4016,40.9578,2.625,1.5227,75,59.6115,0.3536,0.016447097,0,0.088607577,0.733274996,0.074560245,0.219722077,448,18.04177856,0.814634448,36.53808969,4
P281,2023,706987.2035,3864853.56,23.1044,51.6698,3.8333,1.219,41.3793,67.2761,0.2436,0.033275793,0,0.036393894,0.701315701,0.184107187,0.126051272,220,2.478005886,0,33.80347885,3
P437,2023,714577.2035,3847603.56,4.2008,17.6434,1.75,1.1619,72.7273,84.0436,0.129,0.009451796,0,0.018903592,0.689920306,0.055813116,0.310967791,596,6.14209938,1.609511009,40.34463414,4
P453,2023,732517.2035,3831043.56,6.3012,101.4493,3.5185,2.807,78.4127,23.9244,0.6293,0.301339888,0,0.034026465,0.753350556,0.04996325,0.08899476,444,4.510072231,0.434044467,36.12720107,4
P471,2023,747697.2035,3806203.56,4.2008,5.6711,1.5,1,50,94.4029,0.0445,0.005671078,0,0.00141329,0.724357069,0.030315607,0.285830892,601,8.296647072,0.201034254,45.60709155,4
P527,2023,686977.2035,3856573.56,6.3012,40.3277,1.3429,1.227,97.8533,33.5497,0.6856,0.001890359,0,0.556086357,0.456898481,0.096586866,0.207610319,231,5.921046257,-6.144723276,26.40072268,4
P628,2023,722857.2035,3825523.56,10.502,56.7108,2.4286,1.2817,84.2932,43.8574,0.5009,0.005671078,0,0.197862764,0.594817638,0.057002042,0.148921131,270,18.22967339,6.008033903,34.08855024,4
P861,2023,717337.2035,3855883.56,2.1004,11.9723,1.4286,1.4286,80,87.8544,0.1011,0.003780718,0,0.017490302,0.701268792,0.041581239,0.299462732,278,58.9705162,1.746919197,44.31442786,5
P914,2023,753217.2035,3827593.56,8.4016,12.6024,2,1,28.5714,91.1593,0.0621,0.007561437,0,0.003780718,0.770984828,0.031295362,0.165604161,396,3.496353626,0.70918129,44.52774752,3
P932,2023,735967.2035,3818623.56,6.3012,42.218,2.7692,1.8945,66.6667,66.2289,0.2726,0.009785224,0,0.068070848,0.644884467,0.055249482,0.112372274,586,7.824623585,1.34571339,37.72040205,4
P1086,2023,753907.2035,3804133.56,2.1004,24.5747,1.6471,1.6471,91.3386,60.6107,0.3978,0.001890359,0,0.133528894,0.71093601,0.062959786,0.07341982,157,2.021003008,9.546652169,41.70417737,3
P1120,2023,736657.2035,3813793.56,10.502,25.8349,2.1818,1.4038,68.2927,76.3841,0.196,0.012296294,0,0.037807183,0.74408114,0.054143413,0.051183339,580,3.325577259,1.595151621,40.16192788,3
P1174,2023,747007.2035,3831733.56,8.4016,31.506,2.6,1.2396,57.8947,76.1408,0.1846,0.005671078,0,0.040651681,0.576858819,0.040575807,0.729940919,1653,49.55132675,0,39.95467534,5
P1207,2023,738037.2035,3829663.56,6.3012,26.465,1.9167,1.3719,79.6296,73.1213,0.2335,0.053866277,0,0.007561437,0.737906456,0.054241896,0.018371948,317,4.666893482,0,36.3578715,3
P1229,2023,731827.2035,3817243.56,4.2008,5.6711,1.4,1,60,93.6338,0.0535,0.008265962,0,0.003780718,0.819859326,0.077482816,0.0940169,294,2.369292259,0,36.65644107,3
P1445,2023,738727.2035,3822763.56,8.4016,22.6843,2.1818,1.145,69.7674,76.6702,0.2016,0.017865638,0,0.032272663,0.668352962,0.036639934,0.605905729,899,18.24475288,1.137749829,40.60969881,5
P1468,2023,716647.2035,3812413.56,4.2008,64.2722,2.7273,2.2594,82.7273,39.0896,0.5377,0.174182407,0,0.056228454,0.743827283,0.093910206,0.067951197,304,1.006761432,1.640819966,37.86894921,3
P1517,2023,718027.2035,3856573.56,2.1004,26.465,1.2424,1.2424,98.3968,37.5438,0.6931,0.016160827,0,0.494197086,0.666936159,0.032056036,0.253704608,716,37.838974,1.221568624,35.34343767,5
P1804,2023,718717.2035,3810343.56,18.9036,83.8059,3.8571,1.706,69.5431,37.6367,0.5087,0.202550462,0,0.009118368,0.721391022,0.068616346,0.091189307,494,1.315104961,3.394832869,38.66777866,3
P1816,2023,726997.2035,3831043.56,12.6024,23.9445,2.5,1.0778,45.4545,82.691,0.129,0.025051739,0,0.003303649,0.692214608,0.084444137,0.064671537,284,4.757143497,-0.972016161,37.61075066,3
P1852,2023,718717.2035,3856573.56,2.1004,42.8481,1.5185,1.5185,95.5272,37.3363,0.6279,0.025987959,0,0.293024409,0.642602265,0.038158706,0.272438357,880,38.35870361,0.648586834,38.15823832,5
P2088,2023,744247.2035,3833113.56,6.3012,10.712,1.8,1.1667,42.8571,91.5599,0.0621,0.007561437,0,0.003303649,0.58881706,0.047993841,0.311858926,746,58.20269775,3.421578542,38.24706783,5
P2141,2023,731827.2035,3816553.56,6.3012,23.3144,2.2,1.256,68.4211,77.9445,0.1846,0.037102658,0,0.007579355,0.733770967,0.044284316,0.163752484,388,2.00515914,2.610112019,40.15930026,4
P2152,2023,753217.2035,3810343.56,4.2008,27.7253,1.8462,1.5473,81.9672,71.1616,0.2535,0.002409336,0,0.067617768,0.512019813,0.062979874,0.532379118,1344,87.86816406,2.670645507,40.9724638,6
P2263,2023,704917.2035,3802753.56,6.3012,52.2999,1.907,1.5319,95.4598,51.6904,0.4183,0.059120111,0,0.787287965,0.558890939,0.032075754,0.000477069,80,2.078376532,0,27.84292804,3
P2277,2023,732517.2035,3816553.56,4.2008,30.8759,1.4783,1.2234,95.1965,47.0227,0.549,0.003780718,0,0.226614631,0.70471859,0.067278624,0.19933506,474,2.055671453,-4.389337531,36.55024411,4
P2354,2023,740797.2035,3820693.56,2.1004,3.1506,1,1,100,96.7967,0.0249,0.000388003,0,0.003780718,0.669404745,0.047514497,0.37488124,750,3.496824026,1.174509872,41.4120105,4
P2362,2023,698017.2035,3808273.56,4.2008,6.9313,1.5,1.3429,62.5,91.8386,0.0704,0.016579084,0,0.001890359,0.631561577,0.036581674,0.670904623,1007,26.16459084,0.056511775,44.23473504,5
P2367,2023,718717.9269,3806894.507,8.4016,106.4902,3.2647,2.3242,85.3053,17.5918,0.6916,0.523437535,0,0.008437166,0.814567566,0.065253019,0.002750368,88,0.775541246,0,34.36883451,2
P2495,2023,722857.2035,3805513.56,4.2008,5.6711,1.25,1,50,95.2273,0.035,0.005194008,0,0.000518977,0.762117565,0.071911945,0.007228008,124,0.823212683,0,37.97899398,2
P2601,2023,741487.2035,3804133.56,8.4016,22.6843,2.1818,1.2286,73.4694,75.3361,0.2178,0.049100835,0,0.001890359,0.791974783,0.035068165,0.183364839,333,1.417916298,0.860215054,41.04630918,4
P2614,2023,744247.2035,3833803.56,10.502,39.0674,2.5833,1.5133,67.2414,69.4031,0.2436,0.011342155,0,0.054820416,0.541830361,0.049139545,0.488946477,875,65.47797394,8.066885635,39.22017037,5
P2631,2023,720787.2035,3809653.56,16.8032,99.5589,3.4615,1.847,78.9474,25.0278,0.6206,0.253463424,0,0.056710775,0.782641351,0.073580549,0.015122873,206,1.37681973,0,35.65557965,3
P2755,2023,715957.2035,3812413.56,21.004,91.9975,3.4583,1.9757,77.1318,29.9522,0.5798,0.258598619,0,0.012010024,0.772284448,0.069061167,0.004734857,182,0.999236584,-5.706558376,36.59625308,2
P2852,2023,733207.2035,3840013.56,8.4016,85.0662,3.1667,2.3187,78.5124,32.6214,0.5639,0.172022684,0,0.070572476,0.747431934,0.070025689,0.136606919,255,29.75099373,0,35.64254582,5
P3108,2023,752527.2035,3835183.56,10.502,85.6963,3.2174,2.1,76.9231,34.5788,0.54,0.032524109,0,0.197151154,0.661298811,0.034831385,0.433943884,395,26.81466675,0,37.54172105,5
P3195,2023,733207.2035,3817933.56,4.2008,54.8204,2.5,2.3059,85.6,38.4705,0.572,0.085852146,0,0.171003662,0.716806591,0.059323308,0.161914867,579,4.818480968,-2.076754093,35.75378487,4
P3198,2023,735967.2035,3838633.56,14.7028,83.1758,3.2083,2.167,79.9242,31.1293,0.5854,0.107606831,0,0.158838149,0.708770514,0.062596169,0.205357291,597,22.16092873,-0.632729553,35.82341485,5
P3213,2023,736657.2035,3827593.56,4.2008,7.5614,1.5,1,75,90.3505,0.0862,0.002742764,0,0.017049069,0.663481474,0.043446159,0.402976512,818,2.023878336,6.289518562,40.44703354,4
P3239,2023,742867.2035,3816553.56,4.2008,6.3012,1.4,1,71.4286,92.7134,0.0621,0.002742764,0,0.006523483,0.713412464,0.04252798,0.291788239,378,1.401854038,1.955450081,41.9782735,4
P3244,2023,724237.2035,3871063.56,6.3012,7.5614,1.6,1,40,93.1478,0.0535,0.000649951,0,0.011962866,0.78823483,0,0.295447473,83,2.888353825,0.525307637,39.33931151,4
P3267,2023,718027.2035,3855883.56,8.4016,56.0807,2.6667,2.1238,82.4121,43.1161,0.5112,0.027317434,0,0.174782354,0.691118181,0.042095391,0.122604995,639,59.17949677,0.969962801,42.44018364,5
P3453,2023,677317.2035,3855883.56,10.502,49.1493,2.7778,1.3632,77.1429,52.0811,0.4216,0.062841004,0,0.075546112,0.654155493,0.223173826,0.116479824,85,1.155204535,-5.981623556,35.52327435,3
P3546,2023,735967.2035,3824833.56,6.3012,77.5047,3.45,2.3511,70.8333,42.3808,0.4679,0.122289292,0,0.052064984,0.727892756,0.089011499,0.060592214,212,5.6533494,0,37.20428692,3
P3586,2023,735277.2035,3837253.56,10.502,44.1084,2.6667,1.4865,71.2644,61.9955,0.3171,0.096151621,0,0.000954139,0.728085339,0.076916184,0.243350023,416,12.23616123,0.113347375,36.79604601,4
P3645,2023,747007.2035,3821383.56,4.2008,6.3012,1.5,1,50,94.2219,0.0445,0.001890359,0,0.00675619,0.692864239,0.038518286,0.201941074,324,4.993124485,0,42.24296613,4
P3667,2023,707677.2035,3864853.56,18.9036,83.1758,3.6842,1.7772,65.7718,44.1172,0.4377,0.125717844,0,0.032595257,0.696436882,0.281819046,0.200497724,188,2.331528187,0.783827323,38.73280337,4
P3880,2023,735967.2035,3837253.56,16.8032,154.3793,5.0714,2.2358,67.052,14.2804,0.6496,0.334928014,0,0.021730171,0.747655392,0.086531849,0.22059322,368,12.2176466,0,36.21441148,4
P3980,2023,724927.2035,3871063.56,12.6024,24.5747,2.4545,1.3267,67.3469,74.8325,0.2178,0.059301422,0,0.004716939,0.787909985,0.029895051,0.352929196,92,4.866825581,0,40.47987721,4
P4099,2023,748387.2035,3833113.56,2.1004,27.7253,1.8333,1.8333,80,73.6816,0.2231,0.003780718,0,0.054820416,0.536964715,0.037717635,0.645547877,1963,61.46824646,3.358325182,40.27326755,6
P4157,2023,747007.2035,3831043.56,4.2008,8.8217,1.6,1,57.1429,92.0134,0.0621,0.005671078,0,0.005671078,0.526306629,0.03613726,0.777664301,1342,42.82324219,0.916314126,41.65157995,5
P4212,2023,726307.2035,3807583.56,6.3012,76.2445,2.4062,1.6975,90.2597,23.7776,0.691,0.469294572,0,0.004114147,0.754334569,0.080706133,0.008413842,194,1.080626249,0,36.44557476,3
P4234,2023,676649.8161,3855854.09,9.4563,42.5532,2.2222,1.222,82.8125,52.7875,0.4318,0.076552119,0,0.0749072,0.650972128,0.270401013,0.25701567,80,1.018739581,-4.130377474,36.96612175,4
P4308,2023,708367.2035,3865543.56,16.8032,58.6011,3.3333,1.7427,63.9175,57.3391,0.3378,0.07494751,0,0.034026465,0.704230487,0.224616428,0.086639999,203,1.669659376,0.446104355,36.03535043,3
P4372,2023,747697.2035,3800683.56,6.3012,16.3831,2,1.2222,58.8235,86.1322,0.1083,0.006709031,0,0.017013233,0.789428234,0.044537003,0.176105233,290,1.714298487,0.665486035,41.46648581,3
P4373,2023,733897.2035,3840013.56,16.8032,50.4096,3.5833,1.1708,48.3333,66.9275,0.2486,0.042685682,0,0.027836411,0.784991086,0.078019902,0.115144279,263,28.52318382,0,35.10380303,4
P4416,2023,712507.2035,3823453.56,6.3012,8.1916,1.6,1,57.1429,92.185,0.0621,0.003261741,0,0.006607298,0.643870175,0.029415909,0.462316176,828,26.93068695,0,39.34312211,5
P4453,2023,726307.2035,3831043.56,4.2008,5.041,1.3333,1,0,96.3452,0.0249,0.003780718,0,0.000477069,0.694765091,0.065575903,0.146988864,342,3.939812899,1.300551757,38.16163609,3
P4489,2023,727687.2035,3840013.56,4.2008,15.753,1.4167,1.2557,90.3846,76.5496,0.2283,0.003780718,0,0.053759292,0.509555399,0.052328787,0.548792451,982,28.58930588,0.639860751,40.63229601,5
P4503,2023,728377.2035,3871063.56,14.7028,91.9975,3.0333,1.8337,85.1942,21.384,0.6796,0.143395527,0,0.280727296,0.741179645,0.200629801,0.278701772,200,14.77607441,1.440984229,35.21207219,5
P4520,2023,704227.2035,3804133.56,4.2008,13.2325,1.5,1.2348,88.8889,76.9421,0.2335,0.00282658,0,0.066055779,0.657906473,0.036807589,0.089264124,192,3.258252859,-2.828828446,40.96854093,3
P4582,2023,671797.2035,3798613.56,4.2008,32.7662,2.0769,1.527,77.0492,69.9345,0.2535,0.02551089,0,0.043478261,0.722175241,0.018819606,0.101620244,442,0.909974158,1.18210042,37.58882542,3
P4629,2023,708367.2035,3848983.56,8.4016,20.1638,2.4286,1.2727,33.3333,86.0463,0.1011,0.001890359,0,0.017865638,0.751633048,0.073603973,0.120159822,185,3.695220232,-0.446331433,35.75816977,3
P4685,2023,753217.2035,3835183.56,2.1004,25.8349,1.6875,1.6875,89.4231,63.6697,0.3536,0.019839812,0,0.087217457,0.640441597,0.031561611,0.322929312,272,23.47126007,0,41.23566412,5
P4706,2023,729757.2035,3820003.56,4.2008,6.9313,1.4,1.2,60,93.271,0.0535,0.001371382,0,0.006607298,0.74517262,0.044810987,0.114561238,425,2.208072662,0.429655871,45.18954583,3
P4711,2023,735967.2035,3839323.56,8.4016,61.1216,2.6364,2.0321,82.3529,41.3614,0.5187,0.049716294,0,0.159642575,0.716493547,0.053864495,0.275800819,1248,26.59706306,1.671397246,36.85372475,5
P4765,2023,752527.2035,3834493.56,6.3012,13.8626,1.5,1.1224,80,85.5877,0.1222,0.023709597,0,0.001890359,0.616156578,0.036043035,0.477424025,490,28.6232872,0.059380585,40.58574268,5
P4766,2023,669727.2035,3853813.56,6.3012,5.6711,1.5,1,0,95.423,0.035,0.003780718,0,0.001025287,0.590332866,0.167439116,0.092252263,165,0.650805831,13.54263998,39.82966444,3
P4785,2023,716647.2035,3811723.56,6.3012,49.7795,2.5238,2.0449,83.4197,45.2398,0.5035,0.109353549,0,0.079787814,0.755593121,0.063039978,0.035916824,311,1.070515037,5.333333333,38.01816482,3
P5003,2023,730447.2035,3831043.56,18.9036,65.5325,3.2,1.3188,73.494,44.8977,0.465,0.158233524,0,0.011342155,0.666294336,0.032939138,0.133048405,1077,10.8420105,0.744788897,37.50064687,4
P5008,2023,698707.2035,3857953.56,8.4016,75.6144,2.6,1.5537,87.9397,25.2424,0.6748,0.051975918,0,0.334679268,0.533321202,0.278605754,0.0240976,248,3.448984146,-6.024550196,34.22479571,3
P5104,2023,753217.2035,3805513.56,4.2008,35.9168,1.8421,1.4603,90.0621,52.7374,0.4561,0.004084906,0,0.165271745,0.690411925,0.074669592,0.002928313,291,4.632421017,0,37.67872755,3
P5132,2023,780127.2035,3858643.56,8.4016,35.2867,2.1429,1.6105,77.7778,66.964,0.2819,0.009451796,0,0.069925371,0.637935877,0.03012158,0.470000978,101,3.935392618,5.040062551,40.44301347,4
P5265,2023,735277.2035,3826213.56,4.2008,109.6408,3.5385,3.4469,78.7097,22.909,0.625,0.074201077,0,0.244501032,0.699876547,0.067326119,0.014561989,326,2.121092081,0,34.1415681,3
P5333,2023,754597.2035,3803443.56,2.1004,15.1229,1.4,1.4,93.5484,68.9693,0.3296,0.000477069,0,0.100271019,0.737638354,0.057658176,0.198840892,344,2.053664684,0,42.93450305,4
P5339,2023,751837.2035,3849673.56,6.3012,10.0819,1.6,1,57.1429,91.678,0.0621,0.001890359,0,0.009451796,0.485516369,0.059395083,0.927188224,4214,86.55819702,-0.081221149,41.82849098,6
P10,2023,741487.2035,3833113.56,4.2008,27.7253,2,1.537,74.4186,75.4855,0.2016,0,0,0.051039698,0.603845596,0.036761168,0.354164021,635,9.791787148,2.089930166,38.63749242,4
P21,2023,702847.2035,3864163.56,6.3012,50.4096,2.4762,1.5674,84.264,44.6844,0.5087,0,0,0.217965049,0.563885868,0.064556488,0.477758798,56,3.240413427,2.638945938,35.65350267,5
P29,2023,775987.2035,3870373.56,2.1004,22.0542,1.1556,1.1556,99.2639,75.0027,0.2231,0,0,0.93770245,0.417639464,0.051024739,0.058183403,28,0.812536359,-15.29520501,24.03475681,3
P40,2023,741487.2035,3866923.56,2.1004,59.8614,1.8462,1.8462,95.2924,34.0406,0.6113,0,0,0.700575998,0.587005258,0.049609069,0.088202181,98,49.13511276,42.87178161,23.98415757,5
P44,2023,722167.2035,3812413.56,2.1004,1.8904,1,1,0,98.2058,0.0137,0,0,0.001371382,0.623171449,0.057466092,0.624304891,1129,3.988409042,0.401834021,42.13972061,4
P70,2023,686977.2035,3853813.56,2.1004,23.9445,1.3636,1.3636,96.3303,50.3279,0.5354,0,0,0.231424827,0.584797084,0.046481153,0.256501615,598,41.93602753,9.161050408,37.80052298,5
P79,2023,784267.2035,3842083.56,4.2008,6.3012,1.25,1,50,95.0453,0.035,0,0,0.005671078,0.652556121,0.054463216,0.043478261,269,1.469485044,-1.6,41.50930671,3
P103,2023,709057.2035,3852433.56,2.1004,7.5614,1.1667,1.1667,87.5,91.6517,0.0704,0,0,0.012278375,0.552016497,0.026205883,0.803914733,2236,68.49982452,0.094502128,42.97164242,6
P128,2023,729757.2035,3857953.56,2.1004,1.8904,1,1,100,97.221,0.0249,0,0,0.003219834,0.636677206,0.05691635,0.239858419,1087,82.10627747,0,42.64673896,5
P133,2023,722167.2035,3872443.56,2.1004,18.2735,1.4737,1.4737,94.1935,58.96,0.447,0,0,0.163743567,0.623908341,0.050807646,0.286507191,58,0.654432535,-2.149681099,39.01744792,4
P141,2023,761497.2035,3846913.56,4.2008,39.6975,3.2,2.9495,35.2941,75.842,0.173,0,0,0.043144833,0.642462194,0.039620351,0.215532591,407,56.37543106,2.465794521,41.90224239,5
P143,2023,664897.2035,3806203.56,2.1004,51.0397,1.7778,1.7778,93.4985,34.5185,0.6348,0,0,0.326870577,0.697782636,0.009019466,0.052959297,127,1.031622529,-0.689287515,35.68200274,3
P162,2023,782197.2035,3860713.56,2.1004,6.9313,1.1667,1.1667,90,91.1931,0.0784,0,0,0.013565942,0.649488389,0.037334251,0.168112824,269,5.160722256,0,39.74728197,4
P172,2023,738037.2035,3824143.56,4.2008,10.0819,1.6,1.15,40,92.4782,0.0535,0,0,0.009451796,0.691964865,0.033042898,0.148688617,916,13.84139633,0.793060424,40.45611088,4
P179,2023,770467.2035,3864163.56,6.3012,6.9313,1.5,1,0,95.0435,0.035,0,0,0.005152101,0.729147553,0.065849594,0.393045289,136,1.301215529,0.29279582,42.7505852,4
P190,2023,767017.2035,3847603.56,2.1004,31.506,1.6667,1.6667,92.5926,50.7126,0.4983,0,0,0.203955848,0.566721261,0.054677592,0.532621609,568,55.68848419,0.12323342,38.40487013,6
P208,2023,789097.2035,3861403.56,6.3012,22.6843,2.5,1.4667,45.4545,82.9627,0.129,0,0,0.026452361,0.667580426,0.035800665,0.339310512,505,3.115227461,0.140523944,42.8684442,4
P212,2023,772537.2035,3858643.56,8.4016,9.4518,1.8,1,20,92.7494,0.0535,0,0,0.009367981,0.651801109,0.037844437,0.161619595,200,4.657853603,2.798679989,41.99441851,3
P984,2023,791084.9893,3868783.854,0,0,0,0,0,0,0,0,0.005641644,0.086267533,0.427189767,0.030583483,0.661395348,0,1.678156853,14.05481928,39.51044922,3
P214,2023,746317.2035,3822073.56,2.1004,3.7807,1,1,100,96.5955,0.0249,0,0,0.003780718,0.700432658,0.040592547,0.225805146,269,3.946892023,0.1688463,42.93233353,4
P220,2023,770467.2035,3861403.56,4.2008,8.1916,1.4,1,71.4286,92.1663,0.0621,0,0,0.011342155,0.729660332,0.038915682,0.14582702,147,3.49770236,0.532321968,41.75081059,3
P240,2023,787717.2035,3861403.56,4.2008,16.3831,1.8571,1.35,53.8462,87.4136,0.0937,0,0,0.018903592,0.793126464,0.031223338,0.129085557,195,2.023096561,0,42.4977331,3
P243,2023,780817.2035,3860023.56,25.2048,37.8072,3.2,1,31.25,76.8036,0.167,0,0,0.039262381,0.618932664,0.030894948,0.564723417,79,4.98866415,1.326657836,36.68397311,4
P274,2023,766327.2035,3858643.56,6.3012,11.9723,1.6667,1.1429,50,90.5169,0.0704,0,0,0.015308422,0.691574156,0.041424549,0.033363847,181,11.69599724,0,41.2964582,3
P275,2023,780127.2035,3862783.56,4.2008,3.7807,1.3333,1,0,96.7501,0.0249,0,0,0.003607837,0.561249077,0.031933265,0.570358657,430,16.01876259,0.756065842,40.50454643,4
P286,2023,738037.2035,3857263.56,6.3012,27.7253,2.3,1.5624,59.375,78.482,0.167,0,0,0.040604522,0.517252982,0.046499747,0.767151574,1372,91.84856415,0.445656889,41.06385333,6
P289,2023,782887.2035,3842773.56,4.2008,16.3831,1.625,1.2925,75,84.9287,0.1222,0,0,0.026465028,0.633816421,0.045974171,0.094577784,126,1.50086236,0.212871951,40.64801868,3
P294,2023,769777.2035,3846913.56,2.1004,32.7662,1.5,1.5,94.2529,52.0823,0.4765,0,0,0.183364839,0.664793253,0.038098055,0.356940216,348,62.24584961,0.214108263,38.42290377,6
P299,2023,789097.2035,3860023.56,10.502,13.2325,2.2,1,14.2857,91.1249,0.0621,0,0,0.011342155,0.583585143,0.036881763,0.320610387,147,2.728683949,8.883391359,39.47183008,4
P300,2023,740797.2035,3866233.56,4.2008,6.3012,1.25,1,50,95.0453,0.035,0,0,0.005671078,0.712795258,0.039191465,0.086998429,150,60.94241333,0,37.99633939,5
P306,2023,752527.2035,3860713.56,6.3012,42.8481,2.4375,1.7915,76.5306,60.1971,0.3418,0,0,0.109186932,0.531841218,0.039814994,0.449935542,925,68.02168274,0.206187243,39.83315267,5
P325,2023,718027.2035,3844153.56,2.1004,2.5205,1,1,0,97.9788,0.0137,0,0,0.001890359,0.705506444,0.05106947,0.154533395,318,3.579045534,0,37.7653609,3
P326,2023,776677.2035,3851053.56,4.2008,16.3831,1.5455,1.1154,85.3659,78.8889,0.196,0,0,0.051869946,0.568772852,0.042959238,0.419992151,420,46.08052444,1.686132599,38.5628545,5
P327,2023,704917.2035,3866233.56,2.1004,21.4241,1.3571,1.3571,97.2527,41.9156,0.6592,0,0,0.353829054,0.348275214,0.087538038,0.27754855,0,1.146313906,-8.526282205,32.38104485,4
P347,2023,750457.2035,3855193.56,6.3012,24.5747,1.5,1.1384,95,49.9172,0.5377,0,0,0.225588524,0.450922221,0.043215836,0.735191002,1249,90.19683838,0.313384626,39.73415543,6
P370,2023,776677.2035,3867613.56,2.1004,2.5205,1,1,0,97.9788,0.0137,0,0,0.001890359,0.686419606,0.037665715,0.024878857,170,1.770596623,0,44.58853011,2
P382,2023,763567.2035,3851743.56,6.3012,38.4373,2.3571,1.3985,75,65.4743,0.291,0,0,0.083634954,0.51521045,0.07418999,0.566042389,557,72.11662292,2.589763199,40.1827561,6
P400,2023,744247.2035,3864853.56,2.1004,18.9036,1.1935,1.1935,98.6395,40.8005,0.6873,0,0,0.435619501,0.539282739,0.025711096,0.098390921,396,76.32800293,0,34.80802557,6
P423,2023,742177.2035,3865543.56,4.2008,3.7807,1.3333,1,0,96.7501,0.0249,0,0,0.003261741,0.604281425,0.060588435,0.151401615,735,70.73169708,0.512219939,38.21280899,5
P425,2023,743557.2035,3849673.56,2.1004,6.3012,1.25,1.25,75,94.1854,0.0445,0,0,0.007561437,0.42597428,0.069012874,0.950391511,22824,95.33621979,0,45.45457709,6
P432,2023,704227.2035,3865543.56,4.2008,34.6566,1.5111,1.3988,97.5764,71.6565,0.2283,0,0,0.940808741,0.527162492,0.073055533,0.02036404,7,1.875747323,-18.95153342,22.90674342,3
P472,2023,755287.2035,3862093.56,4.2008,5.6711,1.25,1,50,95.2273,0.035,0,0,0.005152101,0.513058782,0.030975451,0.574512879,1077,40.78222275,10.50721776,43.18077483,5
P481,2023,771157.2035,3861403.56,33.6064,56.0807,4.2727,1.0583,26.5306,69.2786,0.2178,0,0,0.058833842,0.647386909,0.032405875,0.075382672,112,4.043515682,2.737740472,36.75954248,3
P482,2023,678007.2035,3844843.56,2.1004,7.5614,1.25,1.25,91.6667,86.4847,0.1356,0,0,0.026303469,0.624619603,0.152197983,0.116337196,248,28.36498261,12.16402079,39.67008589,4
P498,2023,788403.4492,3840706.851,4.2571,25.5428,2.2,1.6837,62.5,78.7988,0.1687,0,0,0.040723594,0.603140414,0.061965777,0.187998324,298,0.650805831,4.276463785,41.04464221,4
P531,2023,733207.2035,3817243.56,2.1004,47.8891,1.8077,1.8077,93,36.7165,0.6176,0,0,0.307305712,0.715034723,0.036853425,0.191940241,381,4.560293198,-5.810674149,35.35757025,4
P532,2023,742177.2035,3866923.56,10.502,135.4757,4.5938,3.6962,75.8403,12.7522,0.6924,0,0,0.478845743,0.521571219,0.044184262,0.518309759,30,49.06176376,5.560512165,22.26099429,6
P543,2023,748387.2035,3810343.56,2.1004,2.5205,1,1,0,97.9788,0.0137,0,0,0.001890359,0.623303294,0.069530793,0.575594085,1337,68.43766785,1.387056016,43.43880649,5
P551,2023,691807.2035,3857263.56,18.9036,91.9975,4.5882,2.7054,46.9565,48.7371,0.3763,0,0,0.121817474,0.470199466,0.072938455,0.485801542,71,2.245713234,15.43142512,41.74991174,4
P556,2023,689047.2035,3858643.56,2.1004,11.9723,1.2857,1.2857,95.2381,71.7252,0.3086,0,0,0.102677129,0.515673518,0.092891318,0.149899259,40,2.125064611,-1.068069575,30.69237935,4
P565,2023,772537.2035,3846913.56,2.1004,37.8072,1.7,1.7,92.1348,50.1939,0.4821,0,0,0.187145558,0.621037841,0.038793557,0.28756205,500,73.93300629,0.925130507,38.16677412,6
P566,2023,738037.2035,3866923.56,10.502,46.6289,2.5294,1.38,78.5124,55.548,0.3872,0,0,0.133553896,0.687090516,0.035167837,0.146775088,411,53.97996521,-0.979863542,36.70686539,5
P577,2023,777367.2035,3870373.56,2.1004,23.9445,1.3103,1.3103,97.6501,40.2996,0.6685,0,0,0.371663619,0.660611987,0.053982011,0.215590012,48,0.826028466,0.095569006,35.00809397,4
P653,2023,739417.2035,3820693.56,2.1004,3.7807,1,1,100,96.5955,0.0249,0,0,0.003780718,0.70469594,0.039717865,0.505362989,732,6.948853493,0.919258054,43.1919142,5
P657,2023,749077.2035,3860713.56,2.1004,3.7807,1,1,100,96.5955,0.0249,0,0,0.003780718,0.516096056,0.050227578,0.735725052,3767,72.97557831,4.158926193,44.34377365,6
P696,2023,780817.2035,3846913.56,2.1004,18.2735,2,2,60,84.4832,0.1222,0,0,0.02503382,0.567931175,0.066370477,0.485107471,511,2.867581606,0.1179646,40.90342548,4
P705,2023,677317.2035,3844843.56,2.1004,41.5879,2.1176,2.1176,83.4783,57.6672,0.3763,0,0,0.128705983,0.620819807,0.082524121,0.317472343,343,24.89508057,0,38.98450561,5
P708,2023,760117.0933,3863473.445,2.1004,12.6024,1.4286,1.4286,92.5,72.117,0.2999,0,0,0.078918149,0.573501825,0.027955859,0.579496558,116,4.874279022,0.24761089,40.61471754,5
P709,2023,777367.2035,3862783.56,8.4016,35.9168,2.2308,1.5987,74.6032,68.8072,0.2584,0,0,0.071356579,0.659098327,0.033739804,0.184645322,68,4.13639164,1.538669439,35.77675486,4
P720,2023,726307.2035,3855193.56,2.1004,10.0819,1.75,1.75,75,85.5745,0.1356,0,0,0.026356211,0.552766979,0.037168368,0.72356291,1177,57.89403534,9.265159298,42.15367095,5
P722,2023,760117.2035,3812413.56,2.1004,3.7807,1,1,100,96.5955,0.0249,0,0,0.003780718,0.535107493,0.038236424,0.809430322,717,10.54260731,1.49439717,44.39675344,5
P723,2023,744937.2035,3865543.56,4.2008,28.3554,1.68,1.1738,93.9068,43.9139,0.5997,0,0,0.281353064,0.50063324,0.049825497,0.510689509,339,61.59424591,0.216484453,34.59852176,6
P724,2023,738037.2035,3810343.56,2.1004,2.5205,1,1,0,97.9788,0.0137,0,0,0.001890359,0.797404408,0.039368605,0.242908265,387,20.30829048,7.778219194,45.55157032,4
P738,2023,775987.2035,3864163.56,4.2008,7.5614,1.4,1,71.4286,92.3445,0.0621,0,0,0.011342155,0.668964624,0.037578021,0.250563532,98,3.421943903,0.076450549,37.45172852,4
P745,2023,773917.2035,3862783.56,12.6024,21.4241,2.25,1.2143,50,83.803,0.1222,0,0,0.027980052,0.652979732,0.043674783,0.188558028,126,3.161100388,1.320151728,41.7076487,4
P747,2023,779437.2035,3862093.56,12.6024,25.8349,2.75,1.2056,36.3636,82.3816,0.129,0,0,0.027794503,0.523995519,0.04180216,0.563752704,266,10.76416206,2.403979964,38.60194977,4
P749,2023,733897.2035,3870373.56,2.1004,18.2735,1.5,1.5,94.0476,57.377,0.4679,0,0,0.168619708,0.6789096,0.030357199,0.646869695,94,4.730297089,-1.587561691,41.10418984,5
P755,2023,774607.2035,3862093.56,14.7028,34.0265,3,1.2957,37.931,78.4656,0.1547,0,0,0.035916824,0.636461616,0.041617373,0.203202819,217,4.084456444,-0.184341497,41.05438452,4
P760,2023,741487.2035,3866233.56,6.3012,23.9445,2,1.2652,76.9231,74.1607,0.2283,0,0,0.059632004,0.717768312,0.03760686,0.214935822,218,57.3861618,-1.23834669,37.16865935,5
P786,2023,729757.2035,3857263.56,4.2008,5.6711,1.25,1,50,95.2273,0.035,0,0,0.005671078,0.560209513,0.049048469,0.729657543,1402,85.51844788,1.023536418,42.28159262,5
P798,2023,707677.2035,3865543.56,4.2008,6.3012,1.25,1,50,95.0453,0.035,0,0,0.005671078,0.674411178,0.045180911,0.207665906,208,1.638575315,0.183730205,34.35522294,4
P805,2023,689737.2035,3857953.56,4.2008,56.7108,1.9412,1.7528,94.0075,28.5657,0.6904,0,0,0.520453444,0.296804696,0.019622019,0.473398409,40,2.184097528,1.644797866,26.88098421,5
P818,2023,672487.2035,3840703.56,2.1004,1.2602,1,1,0,98.4448,0.0137,0,0,0.001717478,0.766193151,0.037465491,0.255774885,1144,32.82405472,0,45.27329328,4
P832,2023,764257.2035,3851743.56,2.1004,29.6156,1.8,1.8,85.8824,65.8511,0.3129,0,0,0.097112843,0.491529047,0.058431518,0.410577204,495,70.81600952,4.269356473,41.57519185,5
P851,2023,738037.2035,3863473.56,8.4016,11.9723,2,1.1333,0,92.3146,0.0535,0,0,0.009928865,0.508903861,0.026199719,0.478187557,1183,83.34719849,0.139135014,42.00081688,5
P854,2023,747697.2035,3862093.56,2.1004,39.0674,2,2,86.4,56.8372,0.3943,0,0,0.134215501,0.579269111,0.039359771,0.55068363,805,71.68238068,0.860911016,40.33638898,6
P881,2023,752527.2035,3855193.56,2.1004,4.4108,1.1667,1.1667,91.6667,91.4508,0.0862,0,0,0.019041982,0.536010563,0.045180765,0.499431169,736,115.3475113,4.663510411,41.71255182,6
P902,2023,690427.2035,3857953.56,8.4016,61.1216,2.5238,1.8629,83.7563,42.2278,0.5087,0,0,0.204576034,0.294918716,0.056097492,0.597787646,43,1.72719717,2.260129848,22.78370802,5
P906,2023,694567.2035,3856573.56,2.1004,7.5614,1.4286,1.4286,76.9231,89.7315,0.0937,0,0,0.024151355,0.698408663,0.082452674,0.364643461,131,4.951467514,0,47.450211,4
P912,2023,705607.2035,3868303.56,2.1004,24.5747,1.1905,1.1905,99.0148,53.4845,0.4903,0,0,0.821248485,0.326820821,0.073850633,0.044789817,14,0.562639236,-18.34490319,23.29756508,3
P924,2023,788406.5748,3837942.937,2.1044,5.0505,1,1,100,94.5448,0.0445,0,0,0.007575747,0.660242796,0.04726397,0.066287783,322,0.621742785,100,42.80215904,3
P948,2023,787027.2035,3868303.56,2.1004,25.2048,1.6667,1.6667,92.6702,52.4731,0.5009,0,0,0.18800644,0.716860592,0.03524096,0.011634689,51,7.144146442,0,39.29485397,3
P952,2023,755287.2035,3804823.56,2.1004,17.0132,1.75,1.75,75,83.645,0.1356,0,0,0.030245747,0.749042571,0.037469204,0.070291742,379,3.029024839,6.473097096,44.79767475,3
P964,2023,747007.2035,3861403.56,2.1004,32.7662,2,2,80.5556,67.5693,0.2819,0,0,0.079293352,0.584721863,0.034931508,0.68744705,1701,79.97454071,0.692857399,39.71178115,6
P998,2023,782887.2035,3868993.56,2.1004,3.7807,1,1,100,94.2378,0.0535,0,0,0.009714076,0.769983232,0.032207958,0.001890359,17,2.395494699,-3.095035623,47.97958484,2
P1006,2023,736657.2035,3818623.56,2.1004,12.6024,1.3333,1.3333,90.3226,82.8491,0.1609,0,0,0.035898906,0.681461632,0.030135888,0.637684085,1380,10.90061951,0.059464543,43.08574315,5
P1007,2023,776677.2035,3835183.56,2.1004,2.5205,1,1,0,97.9788,0.0137,0,0,0.001890359,0.606025755,0.047525243,0.426297093,259,0.680688977,1.124063011,43.90543283,4
P1020,2023,756667.2035,3856573.56,6.3012,22.6843,1.8182,1.3333,81.6327,75.385,0.2178,0,0,0.057664914,0.490424275,0.047700934,0.716226084,1198,85.92345428,2.599044377,41.07187518,6
P1036,2023,778057.2035,3871063.56,2.1004,51.0397,1.7188,1.7188,95.1883,29.9364,0.6925,0,0,0.471861084,0.631691754,0.013483299,0.251657073,18,0.703412294,0,34.61024299,4
P1050,2023,776677.2035,3850363.56,10.502,59.8614,2.8,1.5787,78.0488,46.3538,0.462,0,0,0.168413835,0.598644912,0.052544894,0.308462986,440,49.19790649,-0.155004867,37.71407002,5
P1092,2023,748387.2035,3856573.56,4.2008,25.8349,1.2632,1.2099,98.494,41.8566,0.6387,0,0,0.673067192,0.542677164,0.041155456,0.25321723,778,92.5475235,12.7038928,31.80802009,6
P1100,2023,735277.2035,3866923.56,4.2008,32.7662,1.7647,1.41,89.2562,59.072,0.3872,0,0,0.12908739,0.744936109,0.047695434,0.244961528,464,35.41508865,-0.15315736,39.88704677,5
P1110,2023,730447.2035,3858643.56,2.1004,2.5205,1,1,100,97.0042,0.0249,0,0,0.004818672,0.656746924,0.040179055,0.627813213,1369,82.43041229,0.01520937,41.3084238,6
P1127,2023,700087.2035,3805513.56,2.1004,2.5205,1,1,100,97.0042,0.0249,0,0,0.004299695,0.628638387,0.079131554,0.572888465,819,9.819215775,0.52317034,41.86527799,5
P1142,2023,717337.2035,3847603.56,4.2008,15.1229,1.625,1.2286,77.2727,84.689,0.129,0,0,0.029309526,0.75070864,0.055588578,0.198814057,451,12.13755226,1.871634252,39.83171869,4
P1143,2023,744937.2035,3860713.56,2.1004,37.1771,1.7368,1.7368,90.7285,53.626,0.4408,0,0,0.161157599,0.483241826,0.036999256,0.736559539,4082,86.27841949,0.116285062,40.6425318,6
P1175,2023,775297.2035,3858643.56,14.7028,20.794,2.5714,1.0909,26.6667,85.9857,0.1011,0,0,0.01923702,0.697858572,0.031648623,0.562031856,111,9.226535797,0.20386331,39.46826241,4
P1180,2023,772537.2035,3862093.56,4.2008,10.0819,1.3333,1,75,90.9495,0.0704,0,0,0.013232514,0.642471075,0.040066268,0.12172942,96,3.431537628,0,43.62948574,3
P1243,2023,737347.2035,3866923.56,2.1004,20.1638,1.6,1.6,81.25,80.2286,0.167,0,0,0.039697543,0.716605961,0.060461549,0.098184276,434,54.36008453,0,38.82136764,5
P1259,2023,787717.2035,3859333.56,4.2008,5.6711,1.5,1,50,94.4029,0.0445,0,0,0.006004506,0.655638158,0.041994149,0.024485603,122,3.150859833,0,44.23831119,3
P1263,2023,778747.2035,3847603.56,4.2008,37.1771,1.7778,1.2917,89.3939,56.227,0.4082,0,0,0.142254007,0.486758322,0.040313216,0.539875965,876,29.16136169,0.070275455,38.94869262,5
P1266,2023,747697.2035,3856573.56,4.2008,65.5325,1.8611,1.7728,94.7635,27.4902,0.6755,0,0,0.607915933,0.583147943,0.035052994,0.077945959,509,94.55926514,25.67020755,31.97902658,6
P1296,2023,735277.2035,3848983.56,4.2008,16.3831,1.875,1.4286,70.8333,83.8013,0.1356,0,0,0.028253654,0.540806115,0.067049623,0.754135194,2996,93.0568924,1.368498587,41.67706108,6
P1304,2023,691117.2035,3856573.56,6.3012,37.8072,2.5385,1.5288,68.254,68.3838,0.2584,0,0,0.07087951,0.622281253,0.120089119,0.295427342,139,3.641185045,11.57478438,39.23625198,4
P1314,2023,781507.2035,3857953.56,2.1004,1.8904,1,1,0,98.2058,0.0137,0,0,0.002367429,0.672427177,0.044614421,0.115156946,176,11.48319912,3.023544469,39.23419455,3
P1341,2023,738037.2035,3856573.56,2.1004,8.8217,1.4,1.4,89.4737,82.2416,0.1846,0,0,0.0386949,0.526079774,0.036377203,0.67606332,1524,96.51876068,0.930651786,41.46250815,6
P1411,2023,729757.2035,3867613.56,2.1004,5.041,1,1,100,95.3548,0.035,0,0,0.005671078,0.80996716,0.070392783,0.27675679,294,20.8085804,0,38.59022658,4
P1420,2023,777367.2035,3847603.56,4.2008,19.5337,1.9,1.2821,77.5,78.4452,0.1904,0,0,0.048087395,0.340892732,0.053591531,0.91711755,1400,65.07713318,-0.372254853,43.73302767,6
P1422,2023,751837.2035,3861403.56,2.1004,49.7795,2.1429,2.1429,87.4346,45.5245,0.5009,0,0,0.199387277,0.62336874,0.03658087,0.412422237,1016,59.22390366,0,38.72559505,6
P1450,2023,752527.2035,3850363.56,4.2008,8.8217,1.6,1.1667,57.1429,92.0134,0.0621,0,0,0.012899086,0.488874853,0.044003381,0.925529559,4669,86.5869751,1.677397916,40.78547475,6
P1452,2023,760117.2035,3860023.56,10.502,16.3831,2.3333,1,33.3333,88.1752,0.0862,0,0,0.017967371,0.492729187,0.037139226,0.228866598,270,21.87121201,16.55625662,36.54064359,4
P1502,2023,738037.2035,3866233.56,2.1004,15.1229,1.5833,1.5833,88.3333,75.1535,0.2486,0,0,0.069620696,0.593837082,0.040642707,0.515962081,550,67.66572571,-0.163691853,38.20858124,6
P1514,2023,778057.2035,3847603.56,2.1004,35.9168,1.7368,1.7368,90.7285,53.9626,0.4408,0,0,0.159249321,0.416254044,0.048766865,0.60983534,904,49.91557312,0.219665288,40.22319339,6
P1518,2023,740107.2035,3859333.56,2.1004,5.041,1,1,100,92.4596,0.0704,0,0,0.011156606,0.522496402,0.041022169,0.597490542,867,92.29899597,0.857880549,41.75658724,6
P1557,2023,722857.2035,3842083.56,2.1004,3.7807,1,1,100,95.7447,0.035,0,0,0.005671078,0.741978526,0.042835845,0.130922161,381,14.01417351,1.373595186,40.15955819,4
P1571,2023,749077.2035,3862093.56,14.7028,74.3541,3.15,1.8081,75.8427,41.7411,0.4821,0,0,0.186149511,0.531461954,0.035037356,0.2615251,857,67.143013,0.145616813,38.07882846,5
P1573,2023,787027.2035,3868993.56,2.1004,19.5337,1.2917,1.2917,97.2441,48.8497,0.5759,0,0,0.28037932,0.441385388,0.032349008,0.398463089,34,4.280126572,823.1478956,26.45558781,5
P1589,2023,779437.2035,3861403.56,2.1004,47.259,1.7692,1.7692,93.2432,37.1349,0.6145,0,0,0.307115593,0.531621516,0.063507263,0.356937371,466,6.612082481,0.432853894,36.14621802,5
P1617,2023,706987.2035,3866923.56,2.1004,5.041,1.25,1.25,50,95.412,0.035,0,0,0.004675031,0.66627413,0.080617674,0.067450138,37,0.748863876,5.0547072,41.63050597,3
P1624,2023,736657.2035,3852433.56,6.3012,22.6843,1.9091,1.1896,75.6098,77.1581,0.196,0,0,0.049668315,0.545596421,0.053341452,0.672079328,1874,90.06038666,0.665598363,38.41519713,6
P1654,2023,761497.2035,3853123.56,4.2008,38.4373,2.8182,2.2523,59.1837,71.8117,0.2178,0,0,0.056191798,0.598109186,0.054061826,0.274730693,289,83.83943176,1.126232593,42.61689507,5
P1655,2023,754597.2035,3857263.56,4.2008,6.3012,1.6,1.1667,57.1429,92.7204,0.0621,0,0,0.011562528,0.496806175,0.032552008,0.430019524,1032,82.83595276,8.308440586,39.33325103,5
P1693,2023,751147.2035,3864163.56,8.4016,16.3831,1.8571,1,60,86.7513,0.1011,0,0,0.020793951,0.763969421,0.045321406,0.587160032,230,29.94330978,-0.127955919,39.11252535,5
P1698,2023,736657.2035,3853813.56,2.1004,12.6024,1.4444,1.4444,84,84.3208,0.1421,0,0,0.031098152,0.486995578,0.043327147,0.804887084,2416,88.48570251,-0.519289578,39.48041833,6
P1717,2023,700087.2035,3804823.56,4.2008,8.1916,1.4,1.2,60,92.9219,0.0535,0,0,0.008932819,0.682289064,0.039126486,0.930646836,885,6.292828083,-0.190145004,41.14357696,5
P1718,2023,776677.2035,3862783.56,2.1004,33.3963,1.8667,1.8667,86.0215,63.5297,0.3296,0,0,0.102556464,0.681269288,0.026786282,0.282401521,154,3.574582338,0.409862929,36.11248537,4
P1727,2023,760807.2035,3854503.56,6.3012,35.2867,2.5,1.5167,67.8571,70.6306,0.2386,0,0,0.064791189,0.616313338,0.060193739,0.52975923,430,81.84164429,6.250125986,41.20260349,6
P1731,2023,691807.2035,3857953.56,16.8032,81.2854,3.7619,1.8165,69.6335,38.7695,0.5009,0,0,0.194543602,0.379717946,0.092515988,0.461082852,57,2.259246111,11.88298381,38.74426546,4
P1755,2023,757357.2035,3844153.56,6.3012,11.3422,1.8,1.1333,20,92.2582,0.0535,0,0,0.009451796,0.513834238,0.042331925,0.794368094,572,57.73596573,3.423370428,44.83074305,5
P1756,2023,678697.2035,3850363.56,2.1004,35.2867,1.5,1.5,94.8113,47.2946,0.5284,0,0,0.221172023,0.582151651,0.085425149,0.172331598,241,54.4670639,2.060326902,37.02737888,5
P1759,2023,735277.2035,3850363.56,8.4016,32.7662,2.3077,1.2628,73.8462,69.1019,0.2632,0,0,0.076795962,0.51069206,0.082279794,0.732992597,2207,104.0806274,0.608602529,41.80399517,6
P1768,2023,779437.2035,3866233.56,12.6024,25.2048,2.4444,1.1222,51.8519,80.6741,0.1485,0,0,0.03394265,0.611712515,0.03732099,0.026191426,261,5.640295029,35.31619126,38.40098875,3
P1821,2023,774607.2035,3847603.56,2.1004,17.0132,1.5,1.5,88,76.5592,0.2231,0,0,0.054181787,0.511129558,0.050259368,0.731434799,1760,84.15045929,0.182812601,42.56017501,6
P1823,2023,754597.2035,3805513.56,2.1004,1.8904,1,1,100,97.221,0.0249,0,0,0.003214582,0.74229008,0.046530789,0.300279825,395,4.77427721,0.384990435,46.17214631,4
P1860,2023,752527.2035,3842083.56,6.3012,26.465,2.5,1.5333,62.5,76.7203,0.1904,0,0,0.044359907,0.63549912,0.037268837,0.481823573,839,66.38664246,0.799846455,40.44701964,5
P1868,2023,693877.2035,3858643.56,18.9036,95.7782,2.7895,1.5282,90.0293,25.1915,0.6265,0,0,0.676429895,0.180200562,0.026961532,0.090352415,41,3.272146225,-13.61138801,23.84651429,4
P1871,2023,772537.2035,3861403.56,31.506,49.7795,3.8182,1,36.7347,70.0202,0.2178,0,0,0.055798544,0.612933517,0.038601451,0.202082882,105,4.850306988,2.781905464,41.63599919,4
P1879,2023,780817.2035,3845533.56,6.3012,9.4518,1.6,1,40,92.6429,0.0535,0,0,0.009970773,0.604783535,0.078539681,0.059703152,404,1.806044698,3.518912809,39.94815629,3
P1884,2023,686977.2035,3853123.56,2.1004,8.8217,1.625,1.625,75,87.0352,0.1222,0,0,0.020452094,0.622287571,0.061548257,0.034891537,341,45.43749619,169.0294023,38.19480443,5
P1909,2023,787027.2035,3851743.56,4.2008,44.7385,2.3889,1.6609,82.3944,52.9005,0.4248,0,0,0.152492311,0.585084677,0.055436626,0.178744383,109,3.128984213,1.785000707,36.48808776,4
P1920,2023,742177.2035,3860023.56,2.1004,38.4373,2.0625,2.0625,83.6538,60.2972,0.3536,0,0,0.114375689,0.517316639,0.032486182,0.483025787,1120,88.95523071,2.894632144,40.30172522,6
P1923,2023,750457.2035,3853123.56,6.3012,35.2867,2.1429,1.4227,78.9474,66.2105,0.291,0,0,0.085066163,0.519194126,0.039188489,0.719290623,4431,90.74417877,0.470609981,42.05188571,6
P1925,2023,722167.2035,3813103.56,2.1004,2.5205,1,1,100,97.0042,0.0249,0,0,0.004299695,0.615203381,0.046277461,0.682491333,1363,9.009557724,-0.055242833,40.7615353,5
P1928,2023,777367.2035,3862093.56,4.2008,5.6711,1.25,1,50,95.2273,0.035,0,0,0.005194008,0.784219563,0.056542926,0.017346661,48,6.610016823,0,35.71764168,3
P1929,2023,753217.2035,3860023.56,4.2008,47.8891,2,1.4579,90.3766,41.2909,0.5597,0,0,0.249408771,0.536762595,0.043487489,0.469075592,342,76.411026,0.265620323,38.28883976,6
P1935,2023,775297.2035,3868303.56,35.7068,99.5589,4.7647,1.35,45.2991,47.4099,0.38,0,0,0.124620064,0.516517639,0.0414089,0.429321889,174,0.846282065,0,35.46681153,4
P1950,2023,775987.2035,3851743.56,2.1004,1.8904,1,1,0,98.2058,0.0137,0,0,0.005523198,0.586816132,0.045330117,0.064206315,367,41.09454727,5.19188838,39.84457472,4
P1953,2023,759427.2035,3860713.56,14.7028,24.5747,2.625,1.1282,27.7778,83.9538,0.1153,0,0,0.025397834,0.54048717,0.047399111,0.340563061,539,28.96056747,1.783158196,37.87880587,4
P1955,2023,773917.2035,3850363.56,2.1004,40.3277,1.9444,1.9444,87.5,54.8569,0.4149,0,0,0.145557656,0.613929451,0.05966696,0.188804222,193,49.07905197,0.408674385,38.76414435,5
P1971,2023,760117.2035,3855193.56,10.502,46.6289,3.0769,1.7212,58.4615,66.2183,0.2632,0,0,0.073598285,0.613253355,0.036454494,0.160941796,408,80.91694641,0.492055115,38.82357528,5
P1982,2023,724237.2035,3873133.56,2.1004,26.465,1.8421,1.8421,89.5425,56.412,0.4439,0,0,0.170994992,0.560278714,0.052096466,0.405877659,10,2.028775454,6.164349956,37.49360538,4
P1987,2023,698707.2035,3859333.56,4.2008,28.9855,1.6842,1.5721,91.3907,55.9271,0.4408,0,0,0.165429886,0.32288146,0.08389134,0.55836997,12,3.130860806,-3.895381821,31.51136979,5
P2008,2023,748387.2035,3799993.56,2.1004,28.3554,1.9333,1.9333,85.567,64.1795,0.3378,0,0,0.102997697,0.79454577,0.063207486,0.069144639,336,1.464564204,6.527056773,43.49448491,3
P2011,2023,688357.2035,3855883.56,2.1004,35.2867,1.6,1.6,93.1818,51.1273,0.4793,0,0,0.186293152,0.653909385,0.05062796,0.077415134,321,17.46125793,0,38.99129574,4
P2012,2023,707677.2035,3849673.56,2.1004,19.5337,1.25,1.25,96.0784,65.982,0.3497,0,0,0.114393607,0.667840838,0.069483835,0.156817009,281,5.000079155,-6.855097166,37.07863365,4
P2020,2023,769087.2035,3846913.56,2.1004,35.9168,1.7368,1.7368,91.3043,52.7587,0.4561,0,0,0.169655256,0.645153642,0.047257745,0.295388612,377,61.59418869,1.157537192,38.11909026,5
P2021,2023,720097.2035,3850363.56,2.1004,2.5205,1,1,0,97.9788,0.0137,0,0,0.001890359,0.601365924,0.039559917,0.744734603,1256,48.13150406,0,42.23864238,5
P2022,2023,702847.2035,3862783.56,2.1004,19.5337,1.1778,1.1778,99.1623,76.5932,0.2125,0,0,0.949300327,0.422298133,0.06215302,0.044105042,41,3.483643532,-15.46724931,21.19051011,3
P2031,2023,780817.2035,3862783.56,6.3012,17.0132,2,1.1357,70.9677,81.5203,0.1609,0,0,0.033309272,0.582651436,0.051886327,0.303461942,586,16.08706093,0.287449059,41.48397181,4
P2032,2023,706297.2035,3867613.56,10.502,92.6276,3.4643,2.6477,80.2857,23.588,0.6518,0,0,0.344471089,0.402724504,0.071049578,0.403721113,12,0.676576912,249.0684753,28.14160352,5
P2056,2023,762187.2035,3859333.56,23.1044,42.218,3.5,1.0761,30.5556,74.963,0.1788,0,0,0.042524122,0.593678057,0.034126623,0.057581099,161,11.39219284,0.336990989,37.66708997,3
P2063,2023,707677.2035,3868993.56,8.4016,81.2854,3.1852,2.4078,82.4926,26.5639,0.6437,0,0,0.334587796,0.296258599,0.055050728,0.491768524,26,0.805682838,13.25056449,21.75947343,5
P2082,2023,714577.2035,3872443.56,2.1004,34.6566,1.2381,1.2381,98.7654,50.0556,0.493,0,0,0.801130687,0.59973675,0.02751177,0.035934743,0,0.552463233,-16.41812093,23.4220836,3
P2090,2023,729067.2035,3855193.56,6.3012,28.9855,2.5455,1.6862,63.8298,74.2517,0.2125,0,0,0.054091901,0.535958469,0.04285813,0.692106815,3370,80.08582306,-0.161355298,43.24467096,6
P2096,2023,735967.2035,3851743.56,2.1004,24.5747,1.6923,1.6923,86.9565,70.4606,0.2726,0,0,0.079019749,0.53078407,0.060935043,0.804581884,1744,90.37804413,0.047100514,40.09314847,6
P2106,2023,753907.2035,3841393.56,2.1004,59.8614,1.7097,1.7097,94.8956,28.1962,0.6851,0,0,0.433475291,0.609112382,0.038307437,0.24392223,516,32.6688652,0.273086636,35.8090882,5
P2120,2023,692497.2035,3858643.56,2.1004,30.2457,1.4615,1.4615,95.9184,42.3229,0.6129,0,0,0.303877841,0.239326105,0.099512613,0.311035226,54,2.30752039,-0.792402791,21.44860176,4
P2121,2023,790477.2035,3868303.56,8.4016,8.8217,1.8,1,20,92.916,0.0535,0,0,0.008413842,0.584839582,0.029945132,0.061338647,17,3.124481201,100,44.62155797,3
P2128,2023,787027.2035,3841393.56,2.1004,2.5205,1,1,0,97.9788,0.0137,0,0,0.001890359,0.605103076,0.039106334,0.204601036,159,0.818142593,0,39.57298922,3
P2132,2023,694567.2035,3858643.56,14.7028,92.6276,2.7647,1.7317,88.3721,20.1722,0.6924,0,0,0.516598684,0.172421917,0.064947563,0.336818373,39,3.777451277,36.13853951,28.03288312,4
P2157,2023,739417.2035,3866923.56,2.1004,25.2048,1.4667,1.4667,91.954,66.771,0.3171,0,0,0.09433241,0.687282383,0.038268343,0.101291054,169,50.12269974,-8.285931563,40.72178705,5
P2242,2023,770467.2035,3864853.56,10.502,30.8759,2.3333,1.497,77.5281,64.7433,0.3213,0,0,0.089549049,0.62518549,0.046023994,0.122635387,81,1.407936215,0,37.03225558,3
P2244,2023,751147.2035,3807583.56,2.1004,15.1229,2,2,50,88.3708,0.0862,0,0,0.017013233,0.65780735,0.066183856,0.113010903,684,32.22805405,0,40.29164357,4
P2256,2023,686287.2035,3853813.56,2.1004,21.4241,1.6316,1.6316,91.7241,59.0267,0.4313,0,0,0.165394243,0.637350261,0.115989669,0.412832397,579,38.67891312,0.378005989,38.29798811,5
P2272,2023,715957.2035,3852433.56,2.1004,6.3012,1.25,1.25,50,95.0453,0.035,0,0,0.005671078,0.596854806,0.070873554,0.56390718,1910,69.42272949,0.016934465,42.6963606,5
P2282,2023,783577.2035,3865543.56,8.4016,8.8217,1.8,1,20,92.916,0.0535,0,0,0.008408591,0.629335761,0.064283214,0.676749595,468,3.68781805,0.183362171,42.49886087,4
P2296,2023,773917.2035,3849673.56,2.1004,37.8072,1.9412,1.9412,87.4016,56.8818,0.3978,0,0,0.13610586,0.615505457,0.048788521,0.219531277,218,51.16365814,1.782796503,38.59506393,5
P2328,2023,751837.2035,3807583.56,2.1004,34.6566,1.9333,1.9333,84.6154,63.541,0.3255,0,0,0.101745967,0.624520302,0.079661488,0.640711287,1270,29.49259377,1.710472237,40.79261875,5
P2333,2023,776677.2035,3861403.56,6.3012,8.8217,1.75,1,25,93.6108,0.0445,0,0,0.007561437,0.705921054,0.036740011,0.282444248,71,9.471307755,0.479072721,38.63860167,4
P2350,2023,758737.2035,3863473.56,2.1004,17.6434,1.0909,1.0909,99.5506,65.6444,0.3613,0,0,0.868905825,0.434680462,0.022940918,0.06813352,29,17.79599953,-1.997870669,24.88554962,4
P2358,2023,761497.2035,3846223.56,2.1004,3.1506,1.25,1.25,75,95.1724,0.0445,0,0,0.006004506,0.599298298,0.048368423,0.10591045,437,55.66463089,2.77365806,46.10463664,5
P2360,2023,716647.2035,3851053.56,4.2008,47.259,2.4706,2.195,78.6325,56.0183,0.38,0,0,0.124703879,0.547323525,0.054089981,0.611880175,1383,52.58579254,5.760562698,40.23632443,6
P2361,2023,772537.2035,3860023.56,33.6064,76.8746,4.3571,1.2081,34.7222,60.038,0.2819,0,0,0.081285444,0.673547029,0.029505535,0.201470075,151,4.810551643,6.128010652,37.92001925,4
P2364,2023,748387.2035,3811033.56,4.2008,13.2325,2,1.5833,40,89.553,0.0784,0,0,0.013691665,0.68205142,0.070830617,0.534111336,1250,70.53858185,0.12288759,42.6877476,5
P2392,2023,787717.2035,3860023.56,2.1004,1.8904,1,1,0,98.2058,0.0137,0,0,0.00344729,0.675384581,0.044601292,0.085543232,66,2.242730379,0,44.94115421,3
P2393,2023,766327.2035,3846913.56,6.3012,11.3422,1.5,1,62.5,90.6399,0.0704,0,0,0.013232514,0.486240894,0.048858641,0.945667976,796,47.63199997,-0.028961461,42.33100179,5
P2425,2023,717337.2035,3850363.56,4.2008,18.9036,1.7778,1.4167,74.0741,82.0843,0.1485,0,0,0.032988511,0.552359164,0.071638478,0.721443262,1864,41.6860199,2.11820747,41.63907431,5
P2427,2023,765637.2035,3858643.56,29.4056,35.2867,3.4444,1,12,79.9624,0.1421,0,0,0.030621083,0.681336284,0.033042939,0.090635507,215,13.47885609,4.910174504,37.23162611,3
P2455,2023,778057.2035,3865543.56,23.1044,58.6011,4,1.3725,35.7143,66.7201,0.2386,0,0,0.063318073,0.620772064,0.042237012,0.059508114,50,5.921384335,56.93869632,36.47260093,3
P2463,2023,789097.2035,3862093.56,2.1004,2.5205,1,1,0,97.9788,0.0137,0,0,0.003316316,0.71491152,0.052018298,0.54490051,476,4.258575916,0.139736834,39.91460836,4
P2464,2023,673148.1998,3840666.237,2.4207,31.2273,2,2,85.7143,56.7947,0.4195,0,0,0.140506599,0.714038014,0.043499678,0.310545862,1436,23.84288216,0.283324123,42.36564013,5
P2471,2023,781507.2035,3856573.56,2.1004,1.8904,1,1,0,98.2058,0.0137,0,0,0.001890359,0.604390919,0.043049187,0.037330114,118,31.49305153,1.066801493,41.60452882,4
P2476,2023,744937.2035,3849673.56,2.1004,2.5205,1,1,0,97.9788,0.0137,0,0,0.001890359,0.439909369,0.061534046,0.996219282,19325,92.18334961,0,46.29483788,6
P2485,2023,787027.2035,3862093.56,6.3012,6.9313,1.5,1,0,95.0435,0.035,0,0,0.006190054,0.772638083,0.053323089,0.289900238,109,2.927422524,0,40.14235083,4
P2506,2023,776677.2035,3866233.56,2.1004,1.8904,1,1,0,98.2058,0.0137,0,0,0.00141329,0.633797705,0.040546794,0.004168721,79,2.008252144,0,43.12169089,2
P2514,2023,733897.2035,3844843.56,18.9036,31.506,2.8889,1.0588,32,80.1676,0.1421,0,0,0.032136106,0.532278419,0.048899529,0.22732017,625,52.67982864,0,41.78791697,5
P2533,2023,778747.2035,3860713.56,2.1004,5.041,1.3333,1.3333,0,96.3452,0.0249,0,0,0.003780718,0.573220134,0.038137052,0.50527546,330,9.864489555,3.409646284,39.680817,4
P2542,2023,775987.2035,3865543.56,42.008,100.189,5.25,1.3313,38.1818,49.0062,0.3651,0,0,0.120004859,0.532925367,0.028958365,0.506740967,79,2.74289012,1.643252495,34.23816778,4
P2578,2023,693877.2035,3857953.56,8.4016,89.477,2.6571,1.639,89.4737,21.2297,0.6873,0,0,0.551102218,0.292301804,0.013044087,0.309736873,46,4.058901787,13.70982579,26.47553119,4
P2582,2023,779437.2035,3866923.56,2.1004,2.5205,1,1,0,97.9788,0.0137,0,0,0.002928313,0.584445894,0.05179412,0.408828129,300,3.446489573,0,40.46300675,4
P2589,2023,740797.2035,3860713.56,2.1004,18.2735,1.7778,1.7778,72,82.777,0.1421,0,0,0.030704898,0.488266498,0.052643675,0.938548297,2112,89.07110596,0.020352916,43.9984646,6
P2598,2023,764257.2035,3846223.56,8.4016,25.2048,2.5,1.4688,50,81.8065,0.1356,0,0,0.030245747,0.529184222,0.061231068,0.732022078,750,37.06185532,0.090670109,40.93823352,5
P2620,2023,695996.8122,3859308.973,2.5484,31.3456,1.7391,1.7391,92.6407,42.5227,0.6033,0,0,0.300966635,0.137390211,0.082652744,0.579881927,37,3.05638051,0.781511114,22.28844611,5
P2629,2023,755287.2035,3858643.56,2.1004,1.8904,1,1,0,98.2058,0.0137,0,0,0.00141329,0.533326209,0.030591687,0.665113074,1432,78.23247528,6.856439653,42.67803124,5
P2630,2023,746317.2035,3861403.56,2.1004,39.6975,2.25,2.25,80,60.6103,0.3458,0,0,0.113708832,0.542870462,0.041512023,0.461658616,1060,85.37364197,0.67734212,39.58020054,6
P2661,2023,749767.2035,3861403.56,6.3012,8.1916,1.6,1,40,92.9775,0.0535,0,0,0.00984505,0.518987596,0.033168169,0.456748665,1813,65.31027222,0.251445767,42.36754212,5
P2680,2023,758737.2035,3849673.56,2.1004,6.3012,1,1,100,93.4251,0.0535,0,0,0.009451796,0.52036494,0.046314651,0.387733167,616,83.9148407,2.431937647,40.05244287,5
P2685,2023,755287.2035,3851743.56,4.2008,36.5469,2.5385,1.837,71.831,67.0433,0.2773,0,0,0.079651782,0.541259587,0.03664289,0.744313121,2546,90.41332245,0.152410781,40.14060383,6
P2686,2023,755287.2035,3802063.56,2.1004,44.7385,1.9565,1.9565,90.393,42.9706,0.549,0,0,0.233645436,0.71552223,0.042126988,0.141165669,427,2.532875776,0.700462362,38.5347886,4
P2690,2023,745627.2035,3853813.56,2.1004,6.3012,1,1,100,93.4251,0.0535,0,0,0.009451796,0.434973031,0.078915283,0.982986767,5651,95.54167938,0.077220077,43.24937488,6
P2691,2023,761497.2035,3860023.56,46.2088,85.0662,5,1.1277,30,57.4504,0.2999,0,0,0.090755158,0.469668299,0.040464548,0.116538637,109,13.87700272,266.5121192,32.70575718,4
P2696,2023,778747.2035,3866923.56,12.6024,32.1361,2.8,1.2857,43.75,77.687,0.167,0,0,0.040735496,0.593599439,0.039918075,0.48335555,317,2.738844872,1.401783522,39.07941401,4
P2703,2023,727687.2035,3866233.56,4.2008,32.7662,2.7,2.2833,55.2632,75.8953,0.1846,0,0,0.044760577,0.658452153,0.078311307,0.288496438,837,17.84518242,2.811720101,40.84905019,4
P2706,2023,738727.2035,3844843.56,4.2008,16.3831,1.6,1.3833,84.2105,79.8044,0.1846,0,0,0.04974606,0.446792334,0.080667684,0.923603363,4150,91.36302185,0.113108781,43.1008081,6
P2724,2023,775297.2035,3865543.56,23.1044,40.9578,3.5,1.0972,34.2105,74.591,0.1846,0,0,0.043895504,0.528280377,0.046929933,0.559219482,237,2.367906332,5.376682663,39.21505178,4
P2725,2023,753217.2035,3835873.56,4.2008,8.8217,1.5,1,75,89.9754,0.0862,0,0,0.019560959,0.676343441,0.031214734,0.404571686,282,24.13077736,1.836562078,40.00554526,5
P2774,2023,791857.2035,3861403.56,27.3052,38.4373,3.7778,1.1111,7.4074,79.0596,0.1485,0,0,0.032469534,0.502194226,0.036485009,0.11902755,140,10.3708992,0,35.87347787,3
P2786,2023,721477.2035,3864163.56,2.1004,8.8217,1.25,1.25,88.8889,87.6285,0.1153,0,0,0.021712253,0.67867589,0.042055563,0.316379814,569,7.038619041,3.345945562,41.51181815,4
P2795,2023,742867.2035,3864163.56,2.1004,22.0542,2,2,66.6667,81.3293,0.1485,0,0,0.034980604,0.614393055,0.036801954,0.269051712,1223,80.50650787,0.28504574,39.00183682,5
P2824,2023,775297.2035,3868993.56,25.2048,143.6673,4.6923,2.7274,66.6667,19.5713,0.6081,0,0,0.297698621,0.689289689,0.053392392,0.070258799,152,0.7472682,9.536333634,33.34162444,3
P2845,2023,767017.2035,3822763.56,2.1004,7.5614,1,1,100,91.6565,0.0704,0,0,0.013232514,0.57672739,0.025867808,0.497569038,617,5.166868687,0.545658084,43.52509687,4
P2865,2023,784267.2035,3857953.56,2.1004,5.041,1,1,100,95.3548,0.035,0,0,0.005671078,0.59700489,0.036696969,0.500646575,314,16.11634827,1.567848502,44.07818488,5
P2874,2023,762187.2035,3860023.56,31.506,71.2035,4.2857,1.1852,39.4737,59.881,0.291,0,0,0.082680816,0.481483668,0.047103463,0.205300883,160,11.27273083,7.576202098,35.02147301,4
P2883,2023,764947.2035,3862093.56,2.1004,4.4108,1,1,100,95.5469,0.035,0,0,0.005671078,0.611955404,0.052980877,0.275198846,183,2.996946096,0,39.41898414,4
P2884,2023,728377.2035,3819313.56,6.3012,9.4518,2,1.1667,0,93.6421,0.0445,0,0,0.007084367,0.712849796,0.02883513,0.269593859,775,2.445417881,0.141227826,42.16427451,4
P2888,2023,775297.2035,3866923.56,23.1044,35.9168,3.4444,1.0351,24.1379,78.3785,0.1547,0,0,0.036954778,0.582473338,0.037672756,0.16346944,66,1.430561543,23.70366934,38.60477925,3
P2897,2023,682837.2035,3858643.56,6.3012,8.1916,1.75,1,25,93.7814,0.0445,0,0,0.00704246,0.747702003,0.057709648,0.654378769,8,0.945964992,-0.974711525,40.4122405,4
P2906,2023,716647.2035,3872443.56,2.1004,27.7253,2.2727,2.2727,67.4419,75.4752,0.2016,0,0,0.048009651,0.545982957,0.054895309,0.526190944,75,0.650805831,0.407263068,41.97088883,4
P2913,2023,754597.2035,3804133.56,6.3012,23.9445,1.6875,1.2556,89.4231,64.2227,0.3536,0,0,0.116184065,0.702286124,0.063796851,0.458497789,394,2.272732258,0.098033925,39.98474606,4
P2926,2023,749767.2035,3853123.56,8.4016,51.6698,2.3684,1.3514,82.5503,50.2392,0.4377,0,0,0.15969715,0.499644548,0.045987513,0.755260677,3662,90.06253815,-0.295906943,40.89409604,6
P2939,2023,780127.2035,3865543.56,6.3012,9.4518,1.8,1,42.8571,91.8863,0.0621,0,0,0.009869039,0.660572648,0.037148049,0.095776285,252,10.62598705,11.57288634,39.51351784,3
P2942,2023,735277.2035,3810343.56,2.1004,5.041,1,1,100,95.3548,0.035,0,0,0.005671078,0.737459302,0.043370166,0.217289571,385,8.093603134,0.304796004,40.66658629,4
P2945,2023,665587.2035,3806203.56,2.1004,5.6711,1,1,100,92.2484,0.0704,0,0,0.011801306,0.712867677,0.011519419,0.260187196,553,0.930314183,0.48403164,41.0053205,4
P2946,2023,746317.2035,3860713.56,2.1004,8.1916,1.375,1.375,86.3636,86.7554,0.129,0,0,0.023810318,0.538072467,0.03951424,0.517406444,1770,83.82699585,1.250038119,42.55769455,6
P2980,2023,718717.2035,3855883.56,2.1004,3.1506,1.25,1.25,75,95.1724,0.0445,0,0,0.005139433,0.67321831,0.04115824,0.48020479,893,59.05041885,1.279522179,44.51999155,5
P2984,2023,758047.2035,3860713.56,18.9036,40.3277,3.3,1.3429,42.5,74.0477,0.1904,0,0,0.046221025,0.596629918,0.028616215,0.164766448,814,51.97363663,9.340463179,37.23714073,5
P2989,2023,754597.2035,3841393.56,2.1004,5.041,1,1,100,93.1273,0.0621,0,0,0.010388016,0.600012422,0.038632605,0.501184483,691,31.31884003,8.564508796,41.63688564,5
P2990,2023,775987.2035,3867613.56,2.1004,2.5205,1,1,0,97.9788,0.0137,0,0,0.001890359,0.617950678,0.044523211,0.031659036,59,1.660649657,8.512355042,44.29485426,2
P2993,2023,776677.2035,3857263.56,2.1004,4.4108,1,1,100,95.5469,0.035,0,0,0.006190054,0.653118849,0.031276184,0.155455116,374,33.2590065,1.294737109,43.92315201,4
P2998,2023,702157.2035,3862783.56,2.1004,11.9723,1.3846,1.3846,91.8033,75.8571,0.2535,0,0,0.078352073,0.630422771,0.076047595,0.28021439,6,2.848444939,-3.240321051,39.5224719,4
P3009,2023,752527.2035,3863473.56,6.3012,8.1916,1.8,1,42.8571,92.2208,0.0621,0,0,0.014204571,0.590691984,0.04164151,0.357594212,596,28.31085014,10.47518313,39.65254572,4
P3019,2023,760807.2035,3860023.56,67.2128,105.23,5.8,1.0424,24.2105,52.1305,0.3337,0,0,0.103450777,0.473032802,0.033309028,0.120056256,80,21.87513733,57.71713523,33.50563225,4
P3077,2023,720787.2035,3860023.56,2.1004,12.6024,1.4286,1.4286,82.3529,87.0884,0.1083,0,0,0.02268431,0.720818281,0.049215569,0.256088562,311,7.932024002,-0.982657158,45.08487106,4
P3093,2023,780127.2035,3866233.56,4.2008,4.4108,1.25,1,50,95.5998,0.035,0,0,0.004758846,0.646099746,0.047264123,0.441907051,292,5.535547256,0.085922157,37.88912087,4
P3099,2023,749767.2035,3855883.56,4.2008,27.7253,1.2222,1.1912,98.0831,42.0488,0.6279,0,0,0.316585114,0.4619506,0.053997849,0.657426928,1266,82.62351227,-6.329306776,37.69508053,6
P3101,2023,780127.2035,3862093.56,2.1004,2.5205,1,1,100,97.0042,0.0249,0,0,0.00282658,0.548636854,0.039280808,0.305038672,492,10.9973402,8.328744913,42.22715514,4
P3106,2023,682147.2035,3817243.56,2.1004,8.1916,1.2222,1.2222,92,85.7496,0.1421,0,0,0.037640566,0.618730247,0.017188144,0.116337196,331,37.1531105,7.352167447,41.11228842,5
P3110,2023,717337.2035,3851053.56,2.1004,20.1638,1.4615,1.4615,91.3043,71.7455,0.2726,0,0,0.077111472,0.498376191,0.05945912,0.850976316,2541,54.46849823,0.133751432,42.98184752,6
P3126,2023,743557.2035,3833113.56,4.2008,8.1916,1.4,1.2,60,92.9219,0.0535,0,0,0.009928865,0.59833765,0.044878714,0.447720757,597,52.83793259,1.228218282,40.1121435,5
P3134,2023,664897.2035,3806893.56,2.1004,2.5205,1,1,100,97.0042,0.0249,0,0,0.005337649,0.674222529,0.01031821,0.004210629,175,0.997727871,0,44.48436883,2
P3136,2023,753217.2035,3862093.56,4.2008,6.9313,1.5,1.2222,0,95.0435,0.035,0,0,0.005152101,0.477887869,0.026277105,0.754022433,711,45.06978989,2.508326357,42.59972798,5
P3181,2023,740107.2035,3861403.56,6.3012,25.2048,2.2,1.2567,70,77.0161,0.1904,0,0,0.047258979,0.454126477,0.054215636,0.8760887,1718,85.92967224,0.317947949,42.60704609,6
P3202,2023,753907.2035,3807583.56,6.3012,13.2325,1.8333,1.3,50,89.5061,0.0784,0,0,0.015122873,0.696967661,0.06843052,0.772250445,1607,22.52106285,0.049077287,42.19269156,5
P3208,2023,689737.2035,3858643.56,4.2008,29.6156,1.2927,1.2433,98.4556,48.398,0.5354,0,0,0.782420253,0.214216918,0.05584794,0.098036397,40,1.910853267,-14.63439818,20.07820819,4
P3224,2023,683527.2035,3846913.56,2.1004,2.5205,1,1,0,97.9788,0.0137,0,0,0.001890359,0.532127917,0.098314357,0.79960319,2866,69.38790894,0,40.65825741,5
P3232,2023,751837.2035,3859333.56,2.1004,1.2602,1,1,0,98.4448,0.0137,0,0,0.001371382,0.440466315,0.044276475,0.820867614,1508,76.7203598,0.642425635,42.99476805,5
P3243,2023,776677.2035,3868993.56,8.4016,11.3422,1.8333,1,37.5,90.7313,0.0704,0,0,0.012797352,0.6073668,0.056523998,0.72686762,374,1.060809731,0.465590056,41.73025109,4
P3263,2023,767707.2035,3848293.56,2.1004,13.8626,1.2941,1.2941,95.5752,66.1894,0.3726,0,0,0.12173024,0.617733419,0.050965882,0.425264916,241,59.4222908,0.930383408,39.37370245,5
P3273,2023,704917.2035,3803443.56,2.1004,0,1,1,100,0,0,0,0,1,0.523266673,0.006839847,0,19,2.423148632,0,25.886697,3
P3274,2023,764947.2035,3855883.56,2.1004,2.5205,1,1,0,97.9788,0.0137,0,0,0.001890359,0.570611656,0.048246082,0.522660803,515,77.16403198,7.646755773,42.84387738,5
P3277,2023,754597.2035,3853123.56,2.1004,11.3422,1.125,1.125,94.4444,86.8806,0.1153,0,0,0.024574669,0.531964004,0.056525516,0.930098618,4940,83.49695587,0.205722722,42.68708279,6
P3285,2023,775297.2035,3864163.56,10.502,11.9723,2,1,0,92.3146,0.0535,0,0,0.008974726,0.684365094,0.040167832,0.231731908,65,2.859979391,0.331712973,37.77406937,3
P3289,2023,738727.2035,3866923.56,4.2008,5.041,1.2,1,80,93.8135,0.0535,0,0,0.008408591,0.67935127,0.037491514,0.16039508,301,52.61964416,-0.232967194,36.72775326,5
P3306,2023,780817.2035,3844153.56,6.3012,26.465,3,1.8182,6.6667,85.1733,0.1011,0,0,0.020793951,0.584334493,0.048645077,0.025599956,318,1.542924523,1.594594102,40.46581541,3
P3325,2023,738037.2035,3857953.56,4.2008,10.0819,2,1.6548,58.8235,87.7618,0.1083,0,0,0.02845105,0.576595724,0.064236803,0.865523039,1305,91.29452515,0.043776925,45.91776972,6
P3330,2023,727687.2035,3872443.56,10.502,22.6843,2.1538,1.2216,75.4098,72.4056,0.2535,0,0,0.078765898,0.22589919,0.063100986,0.228250319,33,13.98141861,3.79609,41.86788202,4
P3340,2023,778057.2035,3862783.56,2.1004,27.0951,1.303,1.303,98.004,37.3233,0.6931,0,0,0.510414074,0.611480236,0.043131993,0.073443809,58,6.525056839,3.668742866,32.17168878,4
P3341,2023,739417.2035,3848293.56,2.1004,2.5205,1,1,0,97.9788,0.0137,0,0,0.001890359,0.463716298,0.06656874,0.998109641,20842,90.83626556,0,46.86438283,6
P3346,2023,762187.2035,3852433.56,6.3012,68.683,2.1613,1.3308,91.762,25.9017,0.6865,0,0,0.448629763,0.482591778,0.049748461,0.127947702,342,78.86287689,12.5960601,34.32770416,6
P3355,2023,740107.2035,3863473.56,2.1004,6.3012,1.1667,1.1667,91.6667,90.7819,0.0862,0,0,0.015110206,0.457874089,0.050810664,0.839003961,1016,84.10414124,6.285562056,43.60925576,6
P3364,2023,784957.2035,3868993.56,2.1004,27.0951,1.2812,1.2812,98.0932,37.4057,0.692,0,0,0.475920361,0.694057107,0.028215996,0.212148792,25,4.170137405,-6.209195791,31.00845822,4
P3379,2023,771847.2035,3857263.56,6.3012,17.6434,1.75,1.1795,66.6667,85.2136,0.1153,0,0,0.024574669,0.703477621,0.0432588,0.084147861,173,13.64237118,2.675559049,44.40744445,4
P3381,2023,762187.2035,3846223.56,6.3012,18.9036,1.875,1.0577,61.1111,84.9294,0.1153,0,0,0.024574669,0.557730079,0.047466356,0.480583165,587,49.16725922,8.568831337,42.19187815,5
P3399,2023,737347.2035,3855883.56,2.1004,25.2048,1.6154,1.6154,87.3016,71.4472,0.2584,0,0,0.070795694,0.549286544,0.040305957,0.798745534,1693,92.32698822,-0.450283144,40.66239984,6
P3410,2023,758737.2035,3862783.56,2.1004,1.8904,1,1,100,97.221,0.0249,0,0,0.002396669,0.444987684,0.05951214,0.357859911,134,14.42446518,0,42.29092765,4
P3426,2023,780127.2035,3847603.56,4.2008,5.041,1.25,1,50,95.412,0.035,0,0,0.005712985,0.557621241,0.062625389,0.590305786,495,7.404959202,1.712174279,41.58770833,4
P3452,2023,717337.2035,3848983.56,6.3012,39.6975,2.9091,1.8458,53.3333,72.5609,0.2071,0,0,0.05241108,0.700811327,0.047307438,0.122004561,1344,23.21775818,0.395768188,37.65113603,4
P3454,2023,728377.2035,3866233.56,2.1004,2.5205,1,1,100,96.1649,0.035,0,0,0.003768051,0.743574381,0.048782798,0.478736926,668,21.77134323,0.630364175,41.24754094,5
P3467,2023,774607.2035,3848293.56,2.1004,29.6156,1.8125,1.8125,86.7347,63.5225,0.3418,0,0,0.105490848,0.569310069,0.052254776,0.384182837,1063,81.96630096,0.098895965,40.49674373,6
P3470,2023,738727.2035,3866233.56,6.3012,49.7795,1.7586,1.295,94.0054,32.7596,0.6612,0,0,0.375334321,0.593644023,0.021364826,0.389517555,550,67.32009125,-0.563859557,36.93326273,6
P3471,2023,686287.2035,3853123.56,4.2008,14.4928,1.9091,1.4145,75.6098,79.3749,0.196,0,0,0.041149894,0.644004881,0.040457403,0.022760709,284,38.77162552,16.50716043,41.0416385,4
P3481,2023,729757.2035,3871753.56,2.1004,37.8072,1.3684,1.3684,97.9351,38.6271,0.6293,0,0,0.660041418,0.515733421,0.043191301,0.286227517,181,16.70031357,22.04994349,24.33990819,5
P3498,2023,741487.2035,3862093.56,2.1004,2.5205,1,1,0,97.9788,0.0137,0,0,0.001890359,0.613381147,0.06942652,0.573138078,1524,86.22218323,0,41.68293309,5
P3505,2023,706987.2035,3867613.56,8.4016,29.6156,2.6364,1.6996,58.1395,75.0607,0.2016,0,0,0.046274255,0.615822196,0.071284085,0.487747489,1,0.704775512,1.000054491,40.7897974,4
P3510,2023,783577.2035,3868993.56,2.1004,11.9723,1.3,1.3,91.1765,82.0884,0.173,0,0,0.03821176,0.748998582,0.03493111,0.015039058,20,3.050714731,-7.268943443,41.7805455,3
P3525,2023,782197.2035,3855883.56,2.1004,1.8904,1,1,0,98.2058,0.0137,0,0,0.00141329,0.532037199,0.036664682,0.07477988,287,42.4046402,2.452914305,41.77611203,4
P3528,2023,751837.2035,3852433.56,2.1004,10.0819,1.25,1.25,90,86.694,0.1222,0,0,0.030407306,0.579418957,0.050710449,0.792382072,2973,91.6795578,0.58943422,40.7650203,6
P3530,2023,751147.2035,3851053.56,2.1004,11.9723,1.625,1.625,79.1667,85.0226,0.1356,0,0,0.026738631,0.555668652,0.056383043,0.890862585,5152,90.5619278,-0.042348988,42.01552895,6
P3547,2023,755977.2035,3811723.56,2.1004,28.9855,1.7692,1.7692,83.6066,70.8626,0.2535,0,0,0.069943289,0.544629455,0.037142365,0.4766997,609,79.0350647,2.042409189,43.11945019,6
P3569,2023,737347.2035,3844153.56,2.1004,3.7807,1,1,100,96.5955,0.0249,0,0,0.003780718,0.608267963,0.03593809,0.863929977,1551,73.21173096,0.109796722,40.84291362,6
P3578,2023,727687.2035,3842773.56,2.1004,1.2602,1,1,0,98.4448,0.0137,0,0,0.001025287,0.697218657,0.058937914,0.27445102,715,50.75162506,0.279359672,38.54830719,4
P3585,2023,760117.2035,3810343.56,2.1004,15.753,1.4,1.4,93.5484,68.751,0.3296,0,0,0.109062554,0.545541048,0.039573533,0.430189035,614,10.8639183,0.823534796,44.19294246,5
P3590,2023,748387.2035,3846913.56,2.1004,3.7807,1,1,100,96.5955,0.0249,0,0,0.003780718,0.484451264,0.040281754,0.922453367,3234,94.24793243,0,42.70279681,6
P3595,2023,776677.2035,3870373.56,2.1004,83.8059,2.0526,2.0526,93.9024,25.9733,0.6437,0,0,0.660117282,0.447471708,0.051560021,0.287137197,46,0.817157447,-5.395967555,26.78481542,4
P3603,2023,697327.2035,3859333.56,4.2008,55.4505,2,1.9358,93.3063,28.6899,0.6931,0,0,0.50289903,0.153520539,0.059896927,0.306527873,41,3.095351458,-10.29235263,20.9304614,4
P3606,2023,748387.2035,3853123.56,4.2008,32.7662,2.0714,1.6151,80.2632,66.8138,0.291,0,0,0.08494044,0.514774024,0.050844722,0.88674608,4137,89.01474762,0.091604947,42.10450823,6
P3608,2023,777367.2035,3859333.56,2.1004,2.5205,1,1,0,97.9788,0.0137,0,0,0.001890359,0.604378998,0.040819954,0.131356455,378,13.91393089,2.5016833,43.27614681,4
P3609,2023,713887.2035,3840013.56,2.1004,5.041,1.2,1.2,85.7143,93.1145,0.0621,0,0,0.009433877,0.691441655,0.038291217,0.319065791,722,5.807759285,1.314135043,38.87239891,4
P3611,2023,755287.2035,3862783.56,10.502,15.1229,2,1,25,89.8976,0.0704,0,0,0.013751491,0.430302948,0.048078837,0.236331552,705,39.95323181,11.56735217,38.26488848,4
P3623,2023,775987.2035,3866233.56,27.3052,45.3686,3.9,1.0972,23.6842,74.0916,0.1846,0,0,0.043937412,0.573255181,0.032265094,0.112636055,50,1.765864849,41.29465701,37.76001127,3
P3641,2023,767017.2035,3857953.56,8.4016,11.9723,2,1,28.5714,91.3162,0.0621,0,0,0.012380109,0.643860281,0.034051341,0.302040223,78,18.61557961,6.963000904,39.95112486,4
P3651,2023,791856.8521,3860713.485,8.4016,13.8626,1.8333,1,37.5,90.1106,0.0704,0,0,0.013246185,0.502176046,0.039841417,0.174553357,115,13.06089497,15.3643674,36.35674639,4
P3657,2023,769777.2035,3842083.56,2.1004,4.4108,1.25,1.25,75,94.7565,0.0445,0,0,0.008038506,0.475152701,0.041989167,0.834752244,540,15.39077091,2.060387826,44.39950873,5
P3660,2023,696637.2035,3858643.56,18.9036,62.3819,2.0256,1.1957,94.3262,33.7261,0.6081,0,0,0.69101486,0.16570349,0.08666967,0.138968276,30,4.271528721,1.380962262,24.9016914,4
P3662,2023,749767.2035,3816553.56,4.2008,40.3277,2.2667,1.6019,78.1609,62.8575,0.3171,0,0,0.096408318,0.674924374,0.045145502,0.222269803,245,26.87524414,0.804921051,38.80664905,5
P3683,2023,751147.2035,3857953.56,2.1004,2.5205,1,1,0,97.9788,0.0137,0,0,0.001890359,0.591386795,0.037752349,0.699365982,1088,73.49105072,0.819100566,42.39465032,5
P3686,2023,758737.2035,3848983.56,4.2008,10.0819,2,1.375,0,93.4676,0.0445,0,0,0.007561437,0.489850879,0.047669268,0.278396523,779,81.82540894,1.893153101,42.89957553,5
P3688,2023,783577.2035,3860713.56,2.1004,2.5205,1,1,0,97.9788,0.0137,0,0,0.002367429,0.650608242,0.038410988,0.296708645,201,4.747865677,2.270165706,38.98090078,4
P3690,2023,719407.2035,3862783.56,2.1004,28.9855,2.5882,2.5882,76.9231,60.475,0.38,0,0,0.144792437,0.722011566,0.031506619,0.010637629,259,4.870556831,6.948223717,41.25157168,3
P3712,2023,762187.2035,3857953.56,39.9076,53.5602,4.0909,1.0385,17.0732,72.0064,0.196,0,0,0.048761335,0.479162335,0.049789366,0.442048286,413,31.94228363,0.085894587,35.96446035,4
P3718,2023,780127.2035,3863473.56,2.1004,11.9723,1.2308,1.2308,95.5224,74.8018,0.2679,0,0,0.081035012,0.565961301,0.049261716,0.15744836,438,20.1471138,0.684714735,38.71028584,4
P3719,2023,752527.2035,3853123.56,6.3012,47.8891,2.5294,1.5101,78.5124,55.2693,0.3872,0,0,0.134896037,0.584196687,0.041053827,0.654880841,2412,89.07095337,-0.014559049,38.43355844,6
P3720,2023,720097.2035,3862783.56,4.2008,52.2999,2,1.6896,92.6366,30.3719,0.6825,0,0,0.415048575,0.692464173,0.024434375,0.106457848,627,6.915532589,0.736428523,35.21043832,4
P3731,2023,747697.2035,3821383.56,4.2008,34.6566,2.0714,1.8601,79.7297,66.7395,0.2865,0,0,0.083647622,0.696435988,0.04832483,0.053090603,401,5.59984827,-1.329569361,42.6123708,3
P3737,2023,734587.2035,3855193.56,2.1004,12.6024,1.2222,1.2222,92,84.3499,0.1421,0,0,0.031098152,0.433133811,0.050654828,0.784291349,3639,88.52593231,1.671497801,41.41053065,6
P3749,2023,743557.2035,3866233.56,4.2008,40.9578,1.5946,1.539,96.5785,35.9768,0.6518,0,0,0.634125132,0.458840668,0.022427774,0.183421247,377,60.37922287,-6.141548141,27.77954777,6
P3765,2023,754597.2035,3851053.56,2.1004,3.7807,1,1,100,96.5955,0.0249,0,0,0.003780718,0.517771721,0.035404974,0.746129974,1843,87.11975861,0.204759241,42.44807697,6
P3770,2023,776677.2035,3865543.56,48.3092,85.6963,4.6667,1.0476,36.7816,55.4741,0.3171,0,0,0.096575948,0.565210462,0.036556178,0.074815191,152,3.092196703,1.219503673,35.1895587,3
P3774,2023,734587.2035,3849673.56,2.1004,1.8904,1,1,0,98.2058,0.0137,0,0,0.003798637,0.471411347,0.051038869,0.929388841,2297,90.31207275,0.776212601,43.06343722,5
P3776,2023,772541.2264,3868299.561,4.2817,7.0649,1.6667,1.5143,50,91.7192,0.0715,0,0,0.012218823,0.578132212,0.024579994,0.471390765,146,0.694870412,0.561776161,38.53299026,4
P3801,2023,756667.2035,3850363.56,4.2008,28.3554,1.9286,1.3706,83.75,67.2193,0.2999,0,0,0.08915632,0.529934585,0.061214841,0.753521374,1196,99.51074219,1.701455384,40.61111819,6
P3805,2023,773917.2035,3848983.56,2.1004,33.3963,1.7368,1.7368,90.4762,55.1453,0.4345,0,0,0.156899811,0.605871022,0.049557519,0.228961735,260,69.66425323,-0.041585762,37.96424972,5
P3820,2023,739417.2035,3821383.56,4.2008,17.0132,1.5556,1.4706,80,83.105,0.1421,0,0,0.031617129,0.718903542,0.046366247,0.342541667,895,6.514252663,0.68491375,41.99856146,4
P3887,2023,747697.2035,3820003.56,2.1004,14.4928,1.0714,1.0714,98.6111,72.8812,0.2819,0,0,0.077652605,0.678064585,0.05670305,0.241697429,380,5.893716335,-0.155209683,41.27174357,4
P3890,2023,756667.2035,3853123.56,4.2008,41.5879,1.9091,1.3816,90.2913,46.0249,0.5212,0,0,0.209440852,0.552464426,0.037778578,0.392886281,2592,89.2430191,0.067637979,37.82018489,6
P3901,2023,729059.8084,3872432.58,6.5488,125.7367,3.7742,2.5889,80.1386,14.5039,0.6892,0,0,0.468995929,0.355386525,0.025091236,0.311161289,40,16.21174431,20.95499223,30.62244542,5
P3913,2023,774618.1223,3870359.871,2.2134,18.5923,1.4,1.4,95.5056,55.1152,0.4965,0,0,0.192811793,0.585667789,0.049115494,0.257147341,12,0.665367484,7.432250968,41.20665738,4
P3940,2023,726307.2035,3847603.56,2.1004,5.041,1,1,100,92.4596,0.0704,0,0,0.015958373,0.69916445,0.039360542,0.207632475,870,39.93050766,0.588337489,37.15694994,5
P3971,2023,684217.2035,3852433.56,2.1004,44.1084,1.6667,1.6667,93.4959,41.6821,0.568,0,0,0.255675557,0.661028624,0.045152213,0.386531821,620,39.95179749,-2.869576445,36.80728928,5
P3973,2023,765637.2035,3846223.56,4.2008,16.3831,1.5556,1.0686,80,83.2687,0.1421,0,0,0.031181967,0.521210551,0.047385992,0.701176192,616,40.65145493,1.742423495,41.44512957,5
P3976,2023,755977.2035,3854503.56,4.2008,34.6566,2.0667,1.52,81.1765,64.5474,0.3129,0,0,0.094517958,0.544581771,0.049778938,0.523332718,2558,92.8467865,0.443061097,39.96981633,6
P3986,2023,773227.2035,3858643.56,4.2008,7.5614,1.4,1,71.4286,92.3445,0.0621,0,0,0.010388016,0.64138931,0.039433464,0.254983698,236,5.556135178,1.727671088,44.50673896,4
P4004,2023,749767.2035,3851053.56,2.1004,17.6434,2.1429,2.1429,52.9412,85.8521,0.1083,0,0,0.02268431,0.498889387,0.047324983,0.913502629,7697,90.21505737,0,44.03323832,6
P4011,2023,707677.2035,3802753.56,2.1004,8.8217,1.0652,1.0652,99.6933,85.5347,0.1421,0,0,0.963397388,0.304725021,0.004111637,0.011055886,280,2.115540028,-10.54813668,27.00466388,3
P4030,2023,726307.2035,3866233.56,2.1004,2.5205,1,1,0,97.9788,0.0137,0,0,0.001890359,0.643330038,0.065416999,0.405064316,748,12.00769234,2.099021298,41.4302502,4
P4031,2023,776677.2035,3856573.56,6.3012,10.712,1.8,1.1667,42.8571,91.5599,0.0621,0,0,0.010823178,0.64365387,0.037328096,0.438739911,617,44.6905098,3.918372277,43.98297275,5
P4041,2023,771847.2035,3860023.56,27.3052,35.9168,3.625,1,12.5,80.3351,0.1356,0,0,0.02972677,0.700539649,0.0347887,0.165528967,93,4.204149723,10.38476561,37.5606206,3
P4063,2023,773917.2035,3846913.56,6.3012,29.6156,2.0625,1.3418,83.9623,62.2284,0.3575,0,0,0.113445539,0.527766347,0.05647414,0.703988797,1370,81.09198761,0,39.41443396,6
P4066,2023,728377.2035,3871753.56,2.1004,47.259,1.5429,1.5429,96.5766,31.4456,0.6865,0,0,0.553844651,0.526888788,0.046255154,0.35494104,81,18.0961895,12.10445361,27.61273015,5
P4074,2023,757357.2035,3853123.56,2.1004,1.8904,1,1,0,98.2058,0.0137,0,0,0.00141329,0.584068477,0.045110019,0.808143087,3765,87.23514557,0.046892472,41.57201445,5
P4075,2023,787717.2035,3868993.56,2.1004,39.0674,1.4146,1.4146,97.7893,44.8126,0.5445,0,0,0.770313747,0.488101512,0.028927847,0.118673026,40,4.043774128,607.7803092,24.44427906,4
P4110,2023,766327.2035,3846223.56,2.1004,3.7807,1,1,100,96.5955,0.0249,0,0,0.003780718,0.516825438,0.037850565,0.752438861,799,39.77846909,0.036518215,41.5600331,5
P4120,2023,720787.2035,3864163.56,2.1004,26.465,1.3043,1.3043,97.0464,47.8072,0.5576,0,0,0.253279901,0.679179668,0.046614745,0.362049396,573,6.29970932,0,38.37259834,5
P4129,2023,787027.2035,3860023.56,2.1004,1.8904,1,1,0,98.2058,0.0137,0,0,0.001890359,0.668290019,0.037210264,0.116725199,135,2.604317904,0,44.2234358,3
P4155,2023,751147.2035,3813793.56,4.2008,6.3012,1.4,1,60,93.4504,0.0535,0,0,0.008408591,0.6111691,0.041361518,0.545374354,856,76.79912567,0.107966983,44.00196876,5
P4165,2023,762187.2035,3861403.56,6.3012,21.4241,2.375,1.25,54.1667,82.6133,0.1356,0,0,0.028337469,0.575803876,0.044875839,0.605593638,512,5.807398319,0.677411268,37.0521996,4
P4183,2023,738727.2035,3857953.56,8.4016,20.794,2.2,1.198,70,78.0864,0.1904,0,0,0.042011216,0.477883339,0.061560328,0.87011396,2289,92.0141983,0.043545445,42.83981191,6
P4198,2023,767707.2035,3850363.56,2.1004,15.1229,1.5714,1.5714,88.8889,72.5622,0.2819,0,0,0.088032145,0.635486305,0.046385143,0.455543129,735,60.48639297,0.252119574,40.56697968,5
P4200,2023,744247.2035,3853813.56,2.1004,2.5205,1,1,0,97.9788,0.0137,0,0,0.001890359,0.432966024,0.042271495,0.976463285,10574,92.55249786,0,41.76622854,5
P4204,2023,782887.2035,3871753.56,6.3012,8.8217,1.75,1,25,93.6108,0.0445,0,0,0.007561437,0.506393731,0.045991569,0.490860531,16,0.65620631,1.061549112,41.76718318,4
P4223,2023,712507.2035,3868993.56,4.2008,5.041,1.25,1,50,95.412,0.035,0,0,0.004633124,0.667454422,0.045540828,0.563398512,100,1.019070506,1.190772471,38.34657267,4
P4235,2023,745627.2035,3860713.56,4.2008,39.6975,1.9444,1.3692,87.3134,55.2838,0.4116,0,0,0.143190227,0.51162827,0.049431889,0.752422775,2727,84.93119812,-1.215143431,41.31015436,6
P4242,2023,749767.2035,3850363.56,2.1004,12.6024,2,2,28.5714,91.1593,0.0621,0,0,0.011342155,0.537498951,0.052645312,0.950850662,5312,91.32313538,0,42.51093648,6
P4251,2023,682147.2035,3851743.56,2.1004,1.8904,1,1,100,97.221,0.0249,0,0,0.006941739,0.555624723,0.057374162,0.643030543,803,51.31689835,7.516933807,42.92045637,5
P4273,2023,761497.2035,3858643.56,2.1004,3.7807,1,1,100,96.5955,0.0249,0,0,0.003780718,0.583918452,0.044579311,0.363008786,442,17.78240204,0.534668871,41.21485835,4
P4284,2023,704917.2035,3867613.56,2.1004,36.5469,1.5429,1.5429,96.6841,35.0196,0.682,0,0,0.590831553,0.354334861,0.071652489,0.268405474,2,0.701557338,-10.27770746,25.78765056,4
P4290,2023,753907.2035,3854503.56,2.1004,1.8904,1,1,0,98.2058,0.0137,0,0,0.001890359,0.575509608,0.041230496,0.736285937,1994,90.07182312,1.652471176,41.19787252,5
P4295,2023,706297.2035,3802753.56,2.1004,0,1,1,100,0,0,0,0,1,0.228240237,0,0,52,2.188271761,0,25.79552317,3
P4302,2023,761497.2035,3859333.56,8.4016,16.3831,2,1.1,46.1538,87.45,0.0937,0,0,0.018903592,0.592574477,0.04342966,0.094343732,238,10.44393444,1.389861711,36.91066801,3
P4307,2023,777367.2035,3864853.56,16.8032,30.8759,2.7778,1.1579,44.8276,78.9995,0.1547,0,0,0.03738994,0.582256198,0.035783794,0.228158895,109,4.462975979,1.320066393,33.92322845,4
P4327,2023,761497.2035,3860713.56,8.4016,15.1229,1.7143,1,61.5385,87.6899,0.0937,0,0,0.018903592,0.478844404,0.052983526,0.382654573,288,11.07547951,16.79065729,35.49848595,4
P4336,2023,764947.2035,3857263.56,12.6024,18.2735,2.5,1,25,87.824,0.0862,0,0,0.016536163,0.621749759,0.035198562,0.285023766,353,53.91827393,4.829163684,39.16472593,5
P4361,2023,751147.2035,3855193.56,2.1004,29.6156,1.1795,1.1795,99.021,43.4672,0.5997,0,0,0.711244701,0.478512198,0.03983374,0.108140308,753,94.82665253,-1.768480938,31.77385102,6
P4376,2023,682147.2035,3851053.56,2.1004,48.5192,1.84,1.84,92.3077,38.3737,0.5945,0,0,0.278502495,0.622564256,0.101957623,0.314085891,700,62.10176468,-0.668721524,37.71312877,6
P4380,2023,751147.2035,3854503.56,6.3012,32.7662,1.9412,1.4296,87.2,58.4739,0.3943,0,0,0.13478722,0.48701486,0.029631581,0.627026512,1412,102.9063873,1.083374716,39.55938259,6
P4410,2023,758737.2035,3815863.56,2.1004,26.465,1.5,1.5,92,64.1423,0.3458,0,0,0.10652697,0.617947757,0.027094977,0.503254615,505,11.39577293,2.350751509,40.39110786,5
P4421,2023,760807.2035,3856573.56,12.6024,17.0132,2.5,1,25,88.1115,0.0862,0,0,0.016494256,0.586951792,0.036113138,0.071130136,409,56.97112656,1.732709779,36.62910568,4
P4426,2023,671818.5726,3857233.008,4.7281,86.5248,3.2609,2.9496,77.0925,30.9081,0.5792,0,0,0.254118391,0.489808798,0.056299755,0.452767828,6,0.650805831,-6.545223753,23.45841923,5
P4430,2023,757357.2035,3862783.56,10.502,31.506,1.9091,1.3718,90.099,49.2654,0.5162,0,0,0.199825664,0.347637415,0.046407826,0.345805767,455,41.63541031,1.128403505,35.54061509,5
P4444,2023,706987.2035,3803443.56,2.1004,19.5337,1.1429,1.1429,99.2519,54.2683,0.5035,0,0,0.79797218,0.309791893,0.015791159,0.031199885,113,2.701957464,-5.956245572,28.58310138,3
P4445,2023,751147.2035,3853123.56,2.1004,37.8072,2,2,85.4545,59.5266,0.3651,0,0,0.119569697,0.550788879,0.04819597,0.665883497,4670,90.48681641,1.705703953,41.00585078,6
P4457,2023,707677.2035,3822073.56,4.2008,17.0132,1.5,1.1919,85.2941,80.578,0.173,0,0,0.044701764,0.699721515,0.02168218,0.348522184,796,9.586055756,0.874698806,41.8444406,4
P4458,2023,791857.2035,3864163.56,6.3012,11.3422,1.8,1,42.8571,91.3993,0.0621,0,0,0.011342155,0.759329498,0.038062183,0.499258288,69,19.20616341,0,41.50480257,5
P4460,2023,770467.2035,3842083.56,2.1004,1.8904,1,1,0,98.2058,0.0137,0,0,0.00141329,0.490675449,0.031568888,0.484604874,371,13.45654202,3.648322768,44.59468572,4
P4462,2023,715957.2035,3853813.56,8.4016,23.9445,2.2222,1.1587,59.2593,80.9168,0.1485,0,0,0.034503534,0.659983575,0.055237725,0.280589725,680,71.46227264,0.84250751,39.83407668,5
P4474,2023,747007.2035,3809653.56,4.2008,6.3012,1.25,1,50,95.0453,0.035,0,0,0.005671078,0.688013673,0.030235154,0.334844199,627,26.82618904,0.884847597,43.41354382,4
P4484,2023,733190.5424,3871043.332,2.2584,46.0705,1.7209,1.7209,96.4079,65.0678,0.277,0,0,0.915175315,0.555414081,0.061686607,0.068983523,12,4.301077843,11.52108229,24.37727129,4
P4487,2023,753907.2035,3853123.56,2.1004,8.1916,1.3333,1.3333,83.3333,90.17,0.0862,0,0,0.018570163,0.549169004,0.059942437,0.753115978,3078,83.57292175,0.461086685,40.41743293,6
P4499,2023,742177.2035,3817933.56,6.3012,8.8217,1.6,1,40,92.8092,0.0535,0,0,0.011008727,0.729177773,0.031398893,0.252418054,400,1.208110571,3.116096657,41.10408738,4
P4505,2023,777367.2035,3848293.56,2.1004,39.0674,2.125,2.125,83.3333,59.5085,0.3613,0,0,0.116683291,0.442174464,0.054287749,0.628017307,960,70.37538147,0.02718281,39.43622697,6
P4524,2023,758737.2035,3858643.56,2.1004,2.5205,1,1,0,97.9788,0.0137,0,0,0.001890359,0.609022498,0.043419207,0.235025247,546,46.83960724,12.60022487,39.78940598,4
P4531,2023,787027.2035,3859333.56,10.502,18.9036,2.6667,1.25,0,88.7984,0.0784,0,0,0.016202735,0.667075515,0.037303282,0.126409703,96,3.126012564,0.303624982,40.23925741,3
P4536,2023,678007.2035,3835873.56,2.1004,11.3422,1.3636,1.3636,91.1111,79.6423,0.2071,0,0,0.059676757,0.610717356,0.058300593,0.2295218,920,6.287586212,0.123913815,41.59263043,4
P4554,2023,684907.2035,3857953.56,4.2008,26.465,1.4444,1.3683,96.4179,41.3546,0.6425,0,0,0.343219884,0.632469773,0.075126809,0.314594034,25,2.403087139,-5.134155173,32.2112331,4
P4556,2023,706297.2035,3804133.56,4.2008,24.5747,1.8889,1.3466,88.4058,58.9692,0.4183,0,0,0.159819647,0.639910102,0.02362474,0.02362053,144,9.1062994,-10.29405001,34.95723449,3
P4560,2023,739417.2035,3866233.56,2.1004,23.3144,1.3889,1.3889,95,59.2226,0.4216,0,0,0.143613542,0.602895319,0.047015903,0.113644768,268,62.73791122,-6.730854334,38.04199778,5
P4561,2023,773917.2035,3851053.56,2.1004,11.9723,1.4,1.4,90,80.7268,0.1904,0,0,0.050247118,0.606635332,0.039841277,0.115413643,152,46.10605621,2.179685377,41.74829044,5
P4576,2023,784267.2035,3871063.56,2.1004,28.9855,1.175,1.175,99.0541,45.4846,0.5759,0,0,0.736941139,0.5097543,0.047554435,0.246695579,17,1.411945105,-13.8925096,25.85705088,4
P4583,2023,726997.2035,3855193.56,4.2008,8.8217,1.4444,1.0994,86.2069,84.5269,0.1547,0,0,0.029945797,0.510932803,0.033276824,0.674229036,1101,57.69735336,1.992850202,42.08354092,5
P4592,2023,763567.2035,3816553.56,2.1004,18.9036,1.3636,1.3636,90.6977,77.7661,0.2016,0,0,0.051039698,0.620935798,0.037633594,0.478813277,525,19.91633797,0.633716337,42.48722363,5
P4637,2023,738727.2035,3805513.56,2.1004,5.041,1.3333,1.3333,0,96.3452,0.0249,0,0,0.003780718,0.76230067,0.0372529,0.056960388,318,4.418498516,1.051261624,43.45863789,3
P4666,2023,738727.2035,3861403.56,2.1004,7.5614,1.2,1.2,85.7143,92.3389,0.0621,0,0,0.011342155,0.480074465,0.045140718,0.689881721,1898,83.12363434,0.262363852,42.15541414,6
P4670,2023,758737.2035,3856573.56,2.1004,2.5205,1,1,0,97.9788,0.0137,0,0,0.002367429,0.584792078,0.050623756,0.217700743,664,66.3622818,0.534932457,37.71718287,5
P4680,2023,784957.2035,3869683.56,2.1004,10.712,1.0652,1.0652,99.6926,84.3711,0.1485,0,0,0.96610976,0.55224067,0.030163509,0.022983246,14,2.495290756,-18.03457905,22.11489164,3
P4688,2023,740797.2035,3808273.56,2.1004,3.7807,1,1,100,96.5955,0.0249,0,0,0.003780718,0.676999688,0.037163056,0.299911573,614,10.36992073,1.453309527,41.10339604,4
P4695,2023,786337.2035,3859333.56,29.4056,40.3277,3.6667,1.0417,11.1111,78.5251,0.1485,0,0,0.033638462,0.669781148,0.034279919,0.154907718,175,3.858068228,0.760011412,37.19065214,3
P4699,2023,773227.2035,3862093.56,6.3012,6.3012,1.5,1,0,95.2315,0.035,0,0,0.006625216,0.699011743,0.036925235,0.093832364,146,3.719641924,6.185642896,41.68159799,3
P4701,2023,695257.2035,3856573.56,2.1004,30.8759,1.1316,1.1316,99.2424,39.9035,0.6412,0,0,0.655326837,0.640300751,0.07489174,0.241323106,200,5.008751392,0,32.00185384,4
P4740,2023,713197.2035,3840703.56,2.1004,6.3012,1.1667,1.1667,87.5,92.0344,0.0704,0,0,0.017772333,0.707764745,0.062402833,0.132092102,426,3.747029543,0.589303649,40.06947606,4
P4774,2023,751837.2035,3851743.56,2.1004,35.9168,2.1333,2.1333,82.1053,62.533,0.3337,0,0,0.100504546,0.564136505,0.042676888,0.822813893,3033,88.69342804,-0.079980119,40.30732915,6
P4788,2023,756667.2035,3862093.56,4.2008,7.5614,1.5,1,50,93.8686,0.0445,0,0,0.007561437,0.602842748,0.038672154,0.027843007,535,41.7262764,1.456775586,40.11230065,4
P4825,2023,740107.2035,3860023.56,2.1004,12.6024,1.625,1.625,79.1667,84.8404,0.1356,0,0,0.033275793,0.46145469,0.04729688,0.722838633,1096,91.08157349,2.384834086,41.57540017,6
P4827,2023,749077.2035,3856573.56,2.1004,34.6566,1.3333,1.3333,97.9798,36.1501,0.6748,0,0,0.599525887,0.483109146,0.040295806,0.36077657,926,85.72949219,-0.156453967,33.12388556,6
P4834,2023,735277.2035,3855883.56,4.2008,14.4928,1.5,1.2353,89.2857,76.1404,0.2386,0,0,0.059297231,0.506356478,0.056592863,0.803243445,2340,87.69857025,3.810422703,41.88077942,6
P4837,2023,688357.2035,3853813.56,2.1004,44.1084,1.7826,1.7826,92.4686,42.3238,0.5597,0,0,0.241744588,0.609027028,0.139658814,0.144502797,496,50.02104187,2.668960811,36.62486039,5
P4872,2023,685597.2035,3857263.56,2.1004,27.0951,1.2727,1.2727,98.152,37.3315,0.693,0,0,0.489528211,0.660288393,0.065343514,0.266542475,0,2.796505451,-7.462221347,30.78291254,4
P4879,2023,673177.2035,3825523.56,2.1004,10.712,1.2308,1.2308,95.7746,74.5628,0.2773,0,0,0.076527418,0.709565401,0.036901546,0,218,1.452293038,0,42.63775819,2
P4894,2023,726997.2035,3842773.56,2.1004,8.8217,1.4,1.4,60,92.7514,0.0535,0,0,0.009797891,0.720332801,0.047951941,0.222789793,596,38.86505127,1.072809812,39.83385071,5
P4902,2023,781507.2035,3843463.56,2.1004,3.1506,1,1,100,96.7967,0.0249,0,0,0.003780718,0.638571739,0.054913879,0.064749281,217,1.516525984,4.247431322,39.645962,3
P4926,2023,706987.2035,3855193.56,2.1004,11.3422,1.125,1.125,95.8333,85.27,0.1356,0,0,0.030245747,0.505048931,0.039172559,0.958412098,2955,69.40442657,0,45.43111761,6
P4940,2023,731827.2035,3846913.56,2.1004,10.0819,1.3333,1.3333,75,90.9495,0.0704,0,0,0.013232514,0.521872401,0.039768628,0.844715601,1220,94.17440796,2.351914545,42.07601415,6
P4943,2023,778057.2035,3864853.56,2.1004,3.7807,1,1,100,95.7447,0.035,0,0,0.005235916,0.598437011,0.044491473,0.095388282,50,6.454067707,148.2013372,40.97490238,3
P4952,2023,775297.2035,3866233.56,48.3092,110.9011,5.4118,1.5296,35.8974,46.394,0.38,0,0,0.127566295,0.508067489,0.039790547,0.111740729,144,1.73347199,18.06600203,33.80691678,3
P4971,2023,742177.2035,3819313.56,2.1004,3.1506,1,1,100,96.7967,0.0249,0,0,0.003303649,0.695615947,0.043997926,0.282194341,472,2.373747826,0.586418748,42.45481287,4
P4980,2023,711817.2035,3868303.56,4.2008,8.8217,1.625,1.3482,75,87.0352,0.1222,0,0,0.032446558,0.631889284,0.043915984,0.014037761,68,1.045989394,105.5358482,39.89707909,2
P291,2023,754597.2035,3855193.56,0,0,0,0,0,0,0,0,0,0.000518977,0.574638844,0.036781989,0.609070988,1573,83.01823425,3.748885078,41.87609956,4
P305,2023,776677.2035,3871063.56,0,0,0,0,0,0,0,0,0,0.000518977,0.655533433,0.056309746,0.631374711,20,0.666418612,0.466841691,46.56330742,3
P332,2023,727687.2035,3819313.56,0,0,0,0,0,0,0,0,0,0.000477069,0.697362423,0.021489869,0.279152446,685,2.466152668,0,44.62955814,3
P706,2023,760117.2035,3811033.56,0,0,0,0,0,0,0,0,0,0.000649951,0.505540192,0.035811204,0.723315703,592,8.826024055,1.579092781,45.04313178,3
P725,2023,729067.2035,3820693.56,0,0,0,0,0,0,0,0,0,0.000518977,0.749938965,0.029419095,0.399004174,741,2.537943125,2.476015961,45.91201303,3
P1083,2023,706297.2035,3805513.56,0,0,0,0,0,0,0,0,0,0.000518977,0.643140495,0.036898147,0.201146662,320,7.890305519,0.051735331,40.4180584,3
P1853,2023,727687.2035,3843463.56,0,0,0,0,0,0,0,0,0,0.000388003,0.685027242,0.043819104,0.215755809,711,42.56314087,0.221889171,39.17338796,3
P2445,2023,716647.2035,3842773.56,0,0,0,0,0,0,0,0,0,0.000477069,0.667355716,0.052952597,0.151914328,349,3.845863342,1.651350032,38.97457967,2
P2458,2023,726997.2035,3843463.56,0,0,0,0,0,0,0,0,0,0.000130974,0.700385869,0.042979075,0.496417015,763,37.84911346,0.153489232,42.33273621,3
P2636,2023,773917.2035,3865543.56,0,0,0,0,0,0,0,0,0,0.000954139,0.65146023,0.039992305,0.046110815,54,1.901750207,1.102633691,42.40364435,2
P3402,2023,728377.2035,3856573.56,0,0,0,0,0,0,0,0,0,0.00112702,0.53480643,0.044805112,0.56433208,678,75.28781128,1.093278397,44.02234527,4
P3439,2023,763567.2035,3857953.56,0,0,0,0,0,0,0,0,0,0.000954139,0.684734702,0.039246084,0.009451796,177,36.99829864,0,43.55719698,3
P3480,2023,760807.2035,3848983.56,0,0,0,0,0,0,0,0,0,0.000130974,0.498418123,0.049428575,0.918773369,1299,72.85133362,0.041234468,44.61985828,4
P3691,2023,715957.2035,3851743.56,0,0,0,0,0,0,0,0,0,0.001431208,0.564184129,0.051515992,0.909041374,1886,59.83899307,0.094117262,42.90959932,4
P3919,2023,788407.2035,3861403.56,0,0,0,0,0,0,0,0,0,0.000346095,0.771602392,0.039426417,0.275327988,413,2.386623383,0.420614291,43.49201443,3
P4043,2023,740107.2035,3822763.56,0,0,0,0,0,0,0,0,0,0.000477069,0.672724843,0.03170079,0.362435235,891,6.281907082,3.484981616,43.42871451,3
P4278,2023,733207.2035,3846223.56,0,0,0,0,0,0,0,0,0,0.000954139,0.453079343,0.032250872,0.831219306,1806,77.37969208,0.47745106,44.25023439,4
P4289,2023,752527.2035,3860023.56,0,0,0,0,0,0,0,0,0,0.000823165,0.513123274,0.040150278,0.556259238,919,75.57889557,1.268399916,41.68046769,4
P4342,2023,738037.2035,3823453.56,0,0,0,0,0,0,0,0,0,0.000477069,0.683524847,0.032780445,0.156406168,850,15.64423847,1.286357894,41.16407796,3
P4353,2023,729757.2035,3858643.56,0,0,0,0,0,0,0,0,0,0.001037954,0.668275535,0.047024504,0.213614824,891,75.69867706,0,40.99942409,4
P4481,2023,723547.2035,3852433.56,0,0,0,0,0,0,0,0,0,0.004020842,0.676230252,0.047760954,0.324252715,621,77.13791656,1.510400595,39.86877153,4
P123,2023,717343.7174,3873091.668,0,0,0,0,0,0,0,0,0,0.063878575,0.420311987,0.055370613,0.805478845,55,0.650805831,5.302712134,35.58202901,3
P1118,2023,746962.5365,3866141.552,0,0,0,0,0,0,0,0,0,0.112365365,0.616061985,0.046038771,0.670558171,160,18.93679428,0.466687449,39.20673739,4
P1620,2023,704391.4169,3867524.672,0,0,0,0,0,0,0,0,0,0.001187607,0.324782938,0.062641813,0.482455682,21,0.821650267,5.927869454,38.70280535,3
P1790,2023,670545.0175,3855837.887,0,0,0,0,0,0,0,0,0,0.49718775,0.440255731,0.039811491,0.353724114,18,0.650805831,2.609845668,28.63449464,4
P2188,2023,742165.0262,3867444.708,0,0,0,0,0,0,0,0,0,0.969964498,0.452976882,0.007888389,0.01087412,17,34.48184967,-18.35364898,21.05151269,4
P2864,2023,739392.8084,3868197.865,0,0,0,0,0,0,0,0,0,0.404157008,0.436781734,0,0.57134988,50,12.64667797,8.381604375,27.8711075,4
P3152,2023,749056.3127,3865361.29,0,0,0,0,0,0,0,0,0,0.024310815,0.727346301,0.045008109,0.014162106,173,17.32518578,0,41.89244097,3
P3323,2023,665603.0559,3855190.938,0,0,0,0,0,0,0,0,0,0.181068084,0.571333587,0.040669995,0.417862383,78,0.621928155,-2.313631924,37.48509564,3
P3395,2023,682852.5747,3859258.097,0,0,0,0,0,0,0,0,0,0.025696548,0.682395399,0.082580436,0.457119009,25,0.771000683,9.096332863,37.77165459,3
P3859,2023,729743.4513,3872372.653,0,0,0,0,0,0,0,0,0,0.803541729,0.38292703,0.005435324,0.057953798,121,14.4553442,-11.67425588,23.8310302,4
P4648,2023,716654.5497,3873057.409,0,0,0,0,0,0,0,0,0,0.111977224,0.458002448,0.021990491,0.858859406,39,0.623247087,17.30894319,34.83123975,4
P5084,2023,733207.2035,3816553.56,2.1004,2.5205,1,1,100,96.1649,0.035,0,0,0.003768051,0.700105011,0.048122676,0.321695306,658,2.08288455,1.657242632,40.43823692,4
P5090,2023,715957.2035,3872443.56,12.6024,57.971,3.0588,2.4246,70.5882,53.4283,0.3836,0,0,0.130012288,0.489088088,0.028676856,0.780073637,46,0.601592958,32.25343786,35.8283891,5
P5109,2023,775297.2035,3870373.56,12.6024,39.0674,1.525,1.2286,97.139,41.9634,0.5817,0,0,0.725876337,0.496480167,0.05642376,0.067786412,16,0.734838903,-2.050598007,28.75347612,3
P5115,2023,775987.2035,3866923.56,10.502,23.3144,2.5,1.0417,50,82.2142,0.1356,0,0,0.031283701,0.658634543,0.041265427,0.023203287,36,1.712632656,0,41.36790152,3
P5121,2023,738727.2035,3859333.56,2.1004,4.4108,1.1667,1.1667,87.5,92.6604,0.0704,0,0,0.016220653,0.50980109,0.037866045,0.864914175,1312,92.11009979,1.461955944,42.7902168,6
P5125,2023,771157.2035,3865543.56,2.1004,4.4108,1.1667,1.1667,90,92.043,0.0784,0,0,0.011788639,0.661370933,0.041575745,0.246699818,180,1.466332316,0.311273864,42.84101484,4
P5140,2023,750457.2035,3813793.56,2.1004,3.1506,1,1,100,94.4653,0.0535,0,0,0.012051932,0.593989789,0.046009584,0.777528563,865,77.4358139,0,42.34889991,6
P5141,2023,778747.2035,3859333.56,2.1004,5.041,1,1,100,95.3548,0.035,0,0,0.005671078,0.631696701,0.035857411,0.477309089,235,8.60970974,0.673871126,40.46701725,4
P5154,2023,737347.2035,3856573.56,2.1004,28.9855,2.5455,2.5455,63.8298,74.2517,0.2125,0,0,0.060975159,0.539980471,0.06396341,0.62321097,1358,93.97962952,1.288422795,40.96536191,6
P5182,2023,706987.2035,3804133.56,2.1004,9.4518,1.1538,1.1538,97.1014,75.4075,0.2726,0,0,0.079182128,0.637274563,0.031845956,0.146617767,480,7.665169239,-2.684030109,38.6780887,4
P5194,2023,733897.2035,3846223.56,2.1004,39.0674,1.3333,1.3333,97.5,34.7554,0.6755,0,0,0.413257737,0.44914028,0.02875157,0.38391478,1160,73.69629669,1.117546694,38.06888539,6
P5196,2023,775987.2035,3869683.56,4.2008,24.5747,1.8235,1.5174,88.6179,61.1131,0.3908,0,0,0.121772721,0.55360353,0.040512579,0.58988214,207,0.825126171,1.317814061,38.79904942,5
P5201,2023,763567.2035,3860023.56,10.502,13.8626,2.2,1,14.2857,90.969,0.0621,0,0,0.011819224,0.65538615,0.033238435,0.029661692,269,13.04397297,11.56068828,40.77297795,3
P5207,2023,761497.2035,3848293.56,2.1004,17.0132,1.3077,1.3077,93.4426,74.2119,0.2535,0,0,0.066650962,0.513336658,0.056316516,0.595842712,1136,59.4680748,0.587849552,43.89381221,6
P5210,2023,687667.2035,3853813.56,2.1004,30.8759,1.6667,1.6667,93.4959,45.5255,0.568,0,0,0.260781512,0.591935217,0.04666452,0.170001351,334,47.83397675,0.690204839,37.73754566,5
P5222,2023,753217.2035,3811723.56,6.3012,12.6024,1.5714,1,73.3333,87.6831,0.1011,0,0,0.021831905,0.505597353,0.037048055,0.85685168,1702,108.6530609,0.044220928,43.73221431,6
P5241,2023,765637.2035,3856573.56,6.3012,6.3012,1.5,1,0,95.2315,0.035,0,0,0.004633124,0.661262214,0.045322969,0.251959391,467,63.17144012,0.041280315,42.79592169,5
P5242,2023,787717.2035,3852433.56,4.2008,7.5614,1.5,1,50,93.8686,0.0445,0,0,0.007561437,0.603920043,0.052544296,0.252957795,340,4.23704958,0.303456352,40.4467894,4
P5245,2023,756667.2035,3857263.56,4.2008,7.5614,1.5,1.2222,0,94.8585,0.035,0,0,0.005671078,0.518783331,0.024593213,0.404097462,1082,86.42050934,7.687541948,41.14969922,5
P5258,2023,787717.2035,3868303.56,2.1004,11.3422,1.5455,1.5455,85.3659,80.4472,0.196,0,0,0.041102404,0.770463169,0.031145524,0.014538819,45,6.790348053,0,41.91127502,3
P5272,2023,688357.2035,3854503.56,2.1004,39.6975,1.85,1.85,90,50.5486,0.4708,0,0,0.179065144,0.632254541,0.139170724,0.183455251,556,44.21278,0.42084076,40.48381017,5
P5288,2023,782887.2035,3869683.56,25.2048,73.724,4.0556,1.4171,58.3333,48.3876,0.4082,0,0,0.140702327,0.677591622,0.054202387,0.245351605,11,1.709314823,4.717799786,41.77483969,4
P5291,2023,715267.2035,3872443.56,33.6064,163.201,6.087,2.3038,49.7854,23.1765,0.5533,0,0,0.24382676,0.455270797,0,0.272509837,14,0.552463233,122.7879973,38.36302257,4
P5305,2023,767707.2035,3857953.56,18.9036,40.3277,3.2,1.1051,38.8889,75.1362,0.1788,0,0,0.044516215,0.628306448,0.039851161,0.39330675,137,13.90639305,8.003834408,40.82101077,4
P5332,2023,754597.2035,3862783.56,2.1004,2.5205,1,1,0,97.9788,0.0137,0,0,0.001890359,0.455603659,0.032388887,0.74834394,594,38.45238113,6.733078006,41.70527721,5
P5336,2023,749767.2035,3813793.56,2.1004,15.1229,1.5,1.5,87.5,79.7328,0.1904,0,0,0.044145117,0.571076155,0.042403032,0.788854338,1571,75.56568146,-0.034708619,44.70590377,6
P6,2023,672487.2035,3815863.56,2.1004,66.1626,2.2927,2.2927,93.2996,40.2895,0.5187,0.755402485,0.026011948,0,0.88441503,0.053593142,0,31,0.788134933,0,31.75720878,2
P11,2023,695947.2035,3804133.56,14.7028,149.3384,4.5333,3.0252,73.0964,12.6134,0.6733,0.109640832,0.295906576,0,0.745878518,0.07306903,0.013232514,66,3.186714172,0,38.45420379,3
P17,2023,684217.2035,3841393.56,46.2088,146.8179,6,1.8549,46.0784,28.4748,0.5187,0.162504992,0.056043919,0,0.725181818,0.137855191,0.00656539,142,3.09973383,0,35.78659825,3
P22,2023,700777.2035,3837253.56,6.3012,23.9445,1.2889,1.1141,98.6006,70.2045,0.2773,0.919062484,0.003780718,0,0.902913094,0.077025933,0,53,0.652562618,0,32.75728857,2
P55,2023,675937.2035,3831043.56,16.8032,35.2867,2.8667,1.2755,69.2308,63.2231,0.3255,0.087797605,0.017198781,0,0.700593054,0.105421473,0,34,1.155980349,0,36.26173161,2
P63,2023,691807.2035,3840703.56,6.3012,97.0384,2.6944,1.8027,89.9671,21.2484,0.6693,0.537891529,0.063753235,0,0.757589817,0.087359295,0.027836411,142,1.23707974,0,35.38138267,3
P68,2023,701467.2035,3815863.56,12.6024,28.3554,2.875,1.2489,31.8182,81.9271,0.129,0.028832457,0.000477069,0,0.742557883,0.043284868,0.040591855,211,2.187916517,3.24796746,36.61438692,3
P74,2023,674557.2035,3812413.56,6.3012,16.3831,2,1.3077,55.5556,85.5409,0.1153,0.013780732,0.011443889,0,0.592630208,0.032906158,0.007561437,112,1.860729694,0,40.50254934,2
P86,2023,690427.2035,3822763.56,2.1004,35.2867,1.5349,1.5349,97.3533,57.2166,0.4013,0.848932301,0.007561437,0,0.844455123,0.08539209,0,98,0.753628016,0,34.87425218,2
P109,2023,689047.2035,3842773.56,18.9036,64.9023,3.1667,1.516,70.8955,49.6568,0.4116,0.142951449,0.001890359,0,0.649330199,0.092371274,0.068488092,295,4.408821106,0.152709648,37.63671004,3
P111,2023,711127.2035,3806893.56,6.3012,112.7914,3.1667,2.2923,86.8243,17.8841,0.6755,0.573496021,0.022540669,0,0.72825098,0.067329489,0.013232514,56,1.641312838,0,35.56818792,3
P116,2023,682147.2035,3799993.56,8.4016,22.6843,1.8182,1.1646,79.0698,76.71,0.2016,0.042064971,0.008413842,0,0.746179879,0.039510601,0.273552517,372,0.885344684,0,40.29032162,4
P130,2023,720787.2035,3813103.56,16.8032,69.9433,3.8,1.7755,51.7241,57.3896,0.3171,0.094648932,0.001890359,0,0.723661482,0.062104759,0.203896022,784,8.701534271,0.916359467,39.0227589,4
P131,2023,720787.2035,3869683.56,8.4016,28.9855,2.4,1.5,63.1579,76.6585,0.1846,0.04254204,0.004734857,0,0.732428551,0.113632974,0.021684025,198,1.018948674,0,40.98931994,3
P132,2023,670417.2035,3815863.56,2.1004,61.1216,2,2,95.122,56.9058,0.3378,0.792605863,0.097209326,0,0.839790106,0.077279111,0,41,0.777928412,0,31.06253283,2
P135,2023,698017.2035,3800683.56,27.3052,74.9842,4.0588,1.7317,57.7236,49.7647,0.3908,0.050138789,0.077027657,0,0.703839898,0.073640534,0.011156606,275,2.481568098,10.25156124,39.0000045,3
P136,2023,693877.2035,3802753.56,10.502,73.724,2.9091,1.5794,80.7339,37.2942,0.5354,0.215016792,0.010447842,0,0.78514713,0.058962796,0.147449028,230,1.228982449,0.799994284,36.84972227,4
P147,2023,688357.2035,3840013.56,6.3012,86.9565,2.5641,2.4245,91.516,29.4513,0.5963,0.597489529,0.10920567,0,0.812276006,0.052864025,0.003780718,28,0.749656141,0,33.62270934,2
P149,2023,684907.2035,3824833.56,10.502,95.7782,3.5,2.658,80.663,22.4467,0.6582,0.189209811,0.190313994,0,0.747803509,0.030881435,0.009451796,91,0.472335398,0,35.8126752,2
P151,2023,713887.2035,3831733.56,14.7028,103.3396,3.4074,2.1041,80.3625,22.6689,0.64,0.337557723,0.005671078,0,0.756558239,0.052335314,0.007561437,83,3.577051878,0,35.06199695,3
P167,2023,722857.2035,3835873.56,25.2048,52.2999,3.75,1.3226,34,69.2045,0.2231,0.053722636,0.00141329,0,0.691661835,0.095303729,0,185,10.40637684,0,37.45566794,3
P177,2023,697327.2035,3828973.56,10.502,88.2168,3,2.5095,87.6106,21.775,0.6841,0.529152688,0.040466133,0,0.813696265,0.073593975,0,43,0.689718485,0,33.59092935,2
P182,2023,690427.2035,3802753.56,2.1004,19.5337,1.7778,1.7778,74.0741,81.9288,0.1485,0.033507488,0.000477069,0,0.699996531,0.060710589,0.018593333,164,2.609019041,1.081839389,40.32845366,3
P187,2023,693877.2035,3835183.56,4.2008,54.1903,1.8864,1.7645,95.657,57.4603,0.3458,0.827009497,0.05836944,0,0.876147985,0.087928852,0.010966819,50,0.653233647,0,32.13815677,3
P189,2023,686977.2035,3825523.56,2.1004,85.6963,2.275,2.275,93.0137,30.5791,0.5854,0.481786724,0.248025054,0,0.783613682,0.076094876,0,50,0.650805831,0,34.83935749,2
P194,2023,693187.2035,3844843.56,6.3012,15.1229,2,1.2083,40,89.0984,0.0784,0.013232514,0.001890359,0,0.610508382,0.103771353,0.06850683,444,9.359607697,0,40.22107395,3
P195,2023,701467.2035,3826903.56,14.7028,119.0926,4.44,2.0993,67.7903,24.6909,0.5891,0.033984557,0.234736952,0,0.75518024,0.093394227,0.009451796,108,1.085416436,0,38.29718491,2
P206,2023,693877.2035,3824833.56,2.1004,93.2577,2.6512,2.6512,91.9042,47.5103,0.3872,0.348468954,0.520881474,0,0.854817927,0.106803044,0,16,0.746730924,0,35.1739097,2
P207,2023,680077.2035,3815863.56,2.1004,138.6263,3.725,3.725,85.1093,22.5714,0.5836,0.493843714,0.23201837,0,0.887940407,0.127232385,0,23,7.230312824,0,33.48731674,3
P223,2023,693187.2035,3802753.56,6.3012,26.465,2.0714,1.7009,80.2632,68.3972,0.291,0.058591645,0.03317406,0,0.79835403,0.06822611,0.004084906,135,1.358142376,0,38.19046084,2
P251,2023,710437.2035,3832423.56,10.502,131.695,4.0938,2.615,78.2895,13.5323,0.6901,0.430053003,0.029333516,0,0.773519158,0.069805376,0,114,1.286248446,0,34.43164241,2
P256,2023,714577.2035,3831733.56,21.004,109.0107,4.3043,1.7093,66.5198,30.0979,0.5468,0.228737698,0.001890359,0,0.769771755,0.058286121,0.03317406,54,3.909776688,78.89373751,36.13451779,3
P280,2023,691117.2035,3828973.56,6.3012,102.7095,3.025,2.039,89.2287,29.5185,0.5639,0.637440056,0.113778968,0,0.851183653,0.081000616,0.02268431,54,0.824284494,0,35.24646596,3
P284,2023,694567.2035,3803443.56,21.004,89.477,3.7826,1.5849,72.2944,32.8849,0.5512,0.229791164,0.014645804,0,0.770092487,0.07610635,0.010405935,117,1.328990221,16.6982627,35.39146074,3
P303,2023,691117.2035,3839323.56,18.9036,115.3119,3.4848,2.7907,83.4343,15.9057,0.6931,0.406681892,0.082281491,0,0.832889855,0.053991233,0.002928313,113,0.651073337,0,34.28835673,2
P309,2023,730448.3673,3803448.766,2.1409,6.4226,1.1739,1.1739,99.1853,93.3112,0.0543,0.986065548,0.001921423,0,0.901723981,0.135705646,0,13,0.541158438,0,30.83952208,2
P316,2023,709747.2035,3831043.56,16.8032,131.0649,3.6774,2.1292,80.285,14.3233,0.6825,0.26907994,0.155630162,0,0.775937438,0.082432018,0.003780718,171,3.016382694,0,35.83066338,3
P318,2023,692497.2035,3836563.56,2.1004,29.6156,1.4444,1.4444,97.8378,67.9642,0.2865,0.886685435,0.032613175,0,0.883561373,0.098526075,0,18,0.68459183,0,32.23780018,2
P319,2023,705607.2035,3811033.56,4.2008,6.3012,1.5,1.2222,0,95.2315,0.035,0.003261741,0.002367429,0,0.693172395,0.035828605,0,190,4.260860443,0,41.46450281,3
P334,2023,683527.2035,3829663.56,10.502,26.465,2.625,1.2556,40.9091,82.2008,0.129,0.007561437,0.02127102,0,0.520406485,0.052026254,0.281199114,350,0.958456933,3.745467014,39.69692676,4
P336,2023,691807.2035,3821383.56,6.3012,71.8336,2.5185,1.6216,87.1473,29.6223,0.6321,0.327043984,0.005671078,0,0.783003509,0.037190326,0.052930057,223,3.826870918,17.33333333,37.07590627,3
P360,2023,684217.2035,3824143.56,4.2008,73.0939,2.3947,2.3383,92.1131,29.2202,0.6334,0.541471138,0.129701016,0,0.757567823,0.05002769,0.001890359,71,0.537168324,0,33.69198706,2
P365,2023,713887.2035,3814483.56,8.4016,45.9987,2.8,1.7677,70.9677,60.5226,0.3296,0.073759844,0.029541221,0,0.699090958,0.070048578,0.008515575,340,1.626669288,0,41.30832855,3
P369,2023,708367.2035,3806893.56,2.1004,45.3686,2,2,88.764,48.168,0.4821,0.17318029,0.018903592,0,0.672330558,0.107759229,0.062381853,180,7.519755363,3.571428571,40.10286178,4
P371,2023,671107.2035,3799993.56,6.3012,62.3819,2.52,2.0235,86.7596,33.8777,0.6065,0.26965691,0.020793951,0,0.712418318,0.051961166,0.001890359,77,0.921665311,0,36.29199646,2
P376,2023,680077.2035,3828283.56,14.7028,80.0252,3.4286,2.543,71.8232,40.1911,0.4876,0.097927579,0.087808927,0,0.59592855,0.079748175,0.021879064,185,0.828772724,4.177971261,36.92117483,3
P384,2023,693187.2035,3825523.56,2.1004,108.3806,3.1,3.1,88.8298,28.6152,0.5639,0.721873172,0.030305573,0,0.865653098,0.059081781,0,47,0.724202335,0,32.25297722,2
P386,2023,684217.2035,3817933.56,6.3012,52.9301,2.04,1.4459,90.8127,36.5187,0.6031,0.282568663,0.008038506,0,0.665730238,0.063890034,0,318,49.43212891,0,38.83759728,5
P388,2023,697327.2035,3824833.56,23.1044,69.9433,3.7222,1.3044,65.9722,47.251,0.4281,0.12905733,0.026840364,0,0.758969963,0.057094282,0.143278281,196,1.592920184,0.267400375,37.41892852,3
P410,2023,675247.2035,3798613.56,8.4016,15.753,2,1.1,63.6364,84.5157,0.129,0.019362743,0.008861671,0,0.699498713,0.043282416,0.030704898,289,0.930719614,0,39.09418855,3
P419,2023,700087.2035,3823453.56,33.6064,153.1191,5.24,2.1432,62.5442,18.9663,0.6031,0.071082977,0.225054475,0,0.786330402,0.048954126,0,66,1.423894763,0,37.74026853,2
P431,2023,682147.2035,3820003.56,18.9036,51.0397,3.3125,1.3271,63,58.0607,0.3458,0.109383315,0.003780718,0,0.710006714,0.044489915,0,100,21.41904259,0,35.40768144,4
P433,2023,702847.2035,3828973.56,10.502,74.3541,2.2632,1.7464,92.8571,28.9121,0.6334,0.476348354,0.202125803,0,0.854163289,0.099564276,0,41,0.729131579,0,33.832723,2
P438,2023,677317.2035,3831733.56,6.3012,39.0674,1.85,1.4697,90.4494,49.8243,0.4821,0.190099205,0.001890359,0,0.748785973,0.08852218,0,79,1.526610255,0,37.37606067,2
P444,2023,692497.2035,3803443.56,14.7028,30.2457,2.7778,1.0982,44.8276,79.1261,0.1547,0.029768677,0.005194008,0,0.75315398,0.067191092,0.152968368,280,2.719762564,0.702964728,41.0257037,3
P449,2023,706297.2035,3809653.56,18.9036,49.1493,3.5,1.5412,46.4286,68.0825,0.2386,0.024735216,0.037807183,0,0.667238712,0.065382195,0,228,3.767749071,0,37.51312065,3
P451,2023,663512.8268,3817929.017,2.1327,7.6775,1.087,1.087,99.5927,91.5429,0.0713,0.983184506,0.002401983,0,0.876900911,0.072479597,0,50,0.372503698,0,30.72342793,2
P459,2023,716647.2035,3832423.56,21.004,144.9275,5,2.3678,64.4128,20.0811,0.6015,0.207295822,0.08336559,0,0.73111093,0.105579055,0.042886791,75,3.745800734,0,35.55865392,3
P474,2023,706297.2035,3811723.56,8.4016,52.9301,2.4211,1.5507,81.3793,50.4781,0.4313,0.00141329,0.157747978,0,0.66593492,0.054895617,0.165824201,678,3.084795475,0.230624641,41.08237681,4
P477,2023,677317.2035,3799303.56,14.7028,99.5589,3.3333,2.5371,80.1262,24.1511,0.6307,0.22692407,0.089699286,0,0.774715841,0.033048909,0.03832616,208,0.720043004,0.252090271,36.68169751,3
P478,2023,689737.2035,3833803.56,4.2008,11.9723,1.5,1.0278,90,76.2279,0.2486,0.04124739,0.023828236,0,0.699871361,0.054745071,0.111489283,319,3.639753819,0.344959439,41.07483239,3
P483,2023,695257.2035,3826903.56,10.502,76.2445,2.3659,1.9277,92.6797,35.6138,0.549,0.718233405,0.036393894,0,0.866467476,0.079639276,0.007907532,50,0.82530272,436.9568933,34.10116733,3
P486,2023,699397.2035,3824143.56,2.1004,33.3963,1.2727,1.2727,98.6425,59.8913,0.3726,0.820026863,0.051558675,0,0.809746921,0.089173996,0,44,1.191862106,0,34.40358176,2
P496,2023,680077.2035,3832423.56,2.1004,5.6711,1.5,1.5,50,94.4029,0.0445,0.002367429,0.006148147,0,0.701214373,0.062798432,0.022063599,442,1.101138353,0,40.48223364,3
P500,2023,724237.2035,3830353.56,2.1004,1.8904,1,1,0,98.2058,0.0137,0.001431208,0.00141329,0,0.684981465,0.062277465,0.000518977,195,3.829202414,0,38.75261309,2
P504,2023,691807.2035,3828283.56,8.4016,97.6686,2.8974,2.5581,89.6792,27.341,0.598,0.674864487,0.043895504,0,0.873406768,0.064778881,0,38,0.650638044,0,34.3160315,2
P509,2023,704917.2035,3813103.56,14.7028,36.5469,2.5833,1.2937,63.4615,71.2596,0.2283,0.044414481,0.015122873,0,0.710863113,0.058840653,0.030608415,373,5.272176266,0,39.56285335,3
P522,2023,695257.2035,3827593.56,8.4016,84.436,2.8286,1.9216,88.2569,22.1932,0.6885,0.48797442,0.050389746,0,0.847628057,0.074244682,0.003929611,70,0.742777526,0,34.69698543,2
P540,2023,714577.2035,3833803.56,8.4016,158.1601,4.5588,3.3139,77.5926,9.9375,0.6895,0.43260598,0.113397561,0,0.778784871,0.101546842,0.003303649,49,2.067002058,0,34.85471146,3
P553,2023,671797.2035,3812413.56,4.2008,43.4783,2.4706,2.1159,78.2609,57.1673,0.3763,0.065692098,0.064230304,0,0.704709113,0.030042319,0.051744223,186,3.073960543,0,39.44508036,3
P587,2023,711127.2035,3835873.56,6.3012,9.4518,1.8,1.1667,42.8571,91.8863,0.0621,0.008628631,0.001890359,0,0.634469271,0.049946575,0.589326839,88,1.097310543,19.90713484,42.07302499,4
P604,2023,684217.2035,3824833.56,6.3012,85.6963,2.8387,1.8995,86.7133,22.2442,0.6846,0.389713938,0.053681741,0,0.768022239,0.030788129,0.014168735,118,0.513875782,0,35.20639407,3
P606,2023,695947.2035,3802063.56,27.3052,60.4915,4.1429,1.3062,38.8889,62.4017,0.2819,0.031413662,0.045153831,0,0.748133898,0.060191766,0,125,1.739653707,0,37.2499445,2
P608,2023,691807.2035,3847603.56,14.7028,20.1638,2.8333,1.0833,8.3333,87.6689,0.0862,0.007561437,0.008413842,0,0.643249154,0.115682297,0.125988027,527,3.581865311,0,38.92369671,3
P619,2023,687667.2035,3811033.56,4.2008,4.4108,1.3333,1,0,96.5452,0.0249,0.001890359,0.002409336,0,0.683524668,0.061574734,0.032136106,309,2.280097246,100,39.53338785,3
P620,2023,687667.2035,3800683.56,10.502,105.8601,3.1429,2.8539,86.535,18.1912,0.686,0.48711835,0.06101047,0,0.789593458,0.076932037,0,114,1.112761974,0,35.57105144,2
P621,2023,693187.2035,3796543.56,8.4016,120.3529,3.4286,3.2102,84.4607,15.506,0.6881,0.382285881,0.16748421,0,0.800223053,0.082523575,0.04536862,129,0.42255944,0,37.38201524,3
P634,2023,679387.2035,3829663.56,18.9036,52.2999,3.2143,1.3669,58.1081,63.0932,0.2865,0.068892668,0.011861132,0,0.71385771,0.073550117,0.014603896,246,1.074413657,0,37.21119416,2
P643,2023,685597.2035,3842083.56,27.3052,109.0107,4.5833,1.566,66.6667,27.0639,0.5798,0.227638037,0.046221025,0,0.762896419,0.117417531,0.068529999,43,2.119419336,1.167802413,36.28764871,3
P650,2023,695257.2035,3799303.56,4.2008,46.6289,1.8889,1.8103,92.8783,34.9959,0.6437,0.125783741,0.220625638,0,0.646107972,0.058348466,0.15720925,263,0.994462788,0,40.02985859,4
P669,2023,696637.2035,3795163.56,2.1004,25.8349,1.4444,1.4444,97.9145,75.9256,0.2016,0.943098425,0.004299695,0,0.912737131,0.070605059,0,28,0.650805831,0,34.41995228,2
P695,2023,686287.2035,3800683.56,8.4016,85.6963,2.5,1.8394,92.2414,38.9525,0.4903,0.73153658,0.06946622,0,0.83066088,0.098027421,0,40,0.797741055,0,33.79397277,2
P702,2023,693187.2035,3849673.56,10.502,15.753,2.1667,1.0952,12.5,89.8825,0.0704,0.010823178,0.001890359,0,0.722016573,0.09127158,0.001890359,101,3.106820583,0,36.41649946,2
P729,2023,691807.2035,3800683.56,18.9036,59.8614,3.0556,1.4376,72.7941,50.348,0.4149,0.135491746,0.013751491,0,0.696193635,0.045732315,0.026684056,155,1.785213113,0,38.74051088,3
P735,2023,699397.2035,3840013.56,16.8032,108.3806,3.8462,1.6427,75.817,23.3666,0.6221,0.308999688,0.001890359,0,0.696387231,0.07461063,0.031241793,207,0.907753825,6.907985679,35.46367295,3
P768,2023,689047.2035,3829663.56,21.004,57.971,3.2941,1.3018,65.4867,54.3706,0.3726,0.055005965,0.076999429,0,0.729460895,0.067948232,0.111822712,172,0.910850048,0.699860901,38.49244301,3
P776,2023,685597.2035,3833803.56,14.7028,24.5747,2.625,1.0417,45.8333,81.9704,0.1356,0.0254869,0.005671078,0,0.646826267,0.075267104,0.283495882,810,3.816643476,0.548060368,38.94790038,4
P788,2023,700777.2035,3831043.56,6.3012,70.5734,2.2051,1.6318,93.2179,31.0656,0.6176,0.659012086,0.028545175,0,0.885887206,0.018176921,0,66,0.650805831,0,30.97417094,2
P791,2023,691807.2035,3799993.56,33.6064,61.7517,4.1538,1.1982,38.806,63.4693,0.2679,0.016697723,0.063854968,0,0.690351486,0.049720683,0.187272293,333,1.852148533,0.203942113,40.5817,4
P804,2023,713197.2035,3835873.56,8.4016,22.6843,2.2222,1.6316,62.069,80.6497,0.1547,0.03207628,0.001890359,0,0.735294402,0.079827579,0.008371934,155,2.13095665,0,38.24697224,3
P811,2023,720787.2035,3828283.56,6.3012,10.0819,1.6667,1,60,90.2842,0.0784,0.007084367,0.006523483,0,0.679746747,0.03702317,0.064761948,434,27.1450386,2.097849567,37.78300473,4
P825,2023,704227.2035,3817243.56,12.6024,20.1638,2.4286,1.0667,23.0769,86.8048,0.0937,0.00704246,0.011861132,0,0.750875592,0.048106078,0.010405935,252,2.393090963,0,38.2792584,2
P829,2023,704917.2035,3830353.56,2.1004,81.9156,2.3571,2.3571,93.1325,41.8614,0.465,0.807660434,0.016059094,0,0.904978335,0.146795609,0,53,0.799699008,0,32.84030382,2
P836,2023,675247.2035,3813103.56,10.502,57.3409,2.8095,1.5401,79.6791,44.0808,0.4956,0.160803894,0.022498761,0,0.709541619,0.03697941,0,105,1.68329227,0,40.18337044,2
P841,2023,664207.2035,3815173.56,4.2008,50.4096,1.8837,1.6843,95.6372,53.8185,0.3978,0.838071979,0.025051739,0,0.838362694,0.089158964,0,39,0.766677618,0,31.15055077,2
P842,2023,694567.2035,3837253.56,10.502,89.477,2.8889,1.8827,88.8525,22.8345,0.6685,0.609525901,0.003780718,0,0.86410284,0.038956199,0,103,0.638495147,0,32.92668772,2
P874,2023,682837.2035,3800683.56,2.1004,56.7108,1.7143,1.7143,96.3855,46.7041,0.465,0.82197281,0.003780718,0,0.778786242,0.101408127,0,81,0.927957118,0,34.69285921,2
P880,2023,705607.2035,3830353.56,4.2008,73.724,2.1795,2.0683,93.512,31.4035,0.6048,0.692730945,0.016077012,0,0.876934886,0.150933814,0.000954139,89,0.91361469,0,32.37551413,2
P882,2023,662827.2035,3817933.56,2.1004,34.0265,1.4444,1.4444,97.897,72.2593,0.2231,0.942376174,0.001890359,0,0.833685935,0.041605347,0,60,0.483303607,0,31.35835061,2
P884,2023,736657.2035,3801373.56,4.2008,49.7795,1.6279,1.5313,96.8495,51.8906,0.4216,0.854605736,0.002409336,0,0.86552012,0.201392928,0,43,1.491072774,0,34.19437442,2
P895,2023,693877.2035,3838633.56,2.1004,74.3541,2.4146,2.4146,92.686,38.7965,0.5162,0.767782594,0.018903592,0,0.895216584,0.070301676,0,35,0.650805831,0,33.24431865,2
P900,2023,693877.2035,3836563.56,2.1004,8.8217,1.1087,1.1087,99.498,90.6207,0.0784,0.981096408,0.005856626,0,0.882993639,0.060976842,0,57,0.542262197,0,31.65461653,2
P904,2023,706987.2035,3815863.56,18.9036,68.0529,3.4706,1.3804,64.1026,51.8813,0.38,0.068923254,0.062024435,0,0.661974311,0.082024723,0.001890359,131,5.84381485,0,37.58891086,3
P917,2023,679387.2035,3800683.56,8.4016,67.4228,2.2778,1.7694,92.2034,27.024,0.6762,0.50041069,0.077468889,0,0.775932848,0.055518001,0,136,0.726695657,0,36.50638348,2
P930,2023,664207.2035,3801373.56,4.2008,65.5325,2.3226,2.1192,90.2613,26.9694,0.6825,0.416740864,0.023764172,0,0.793177783,0.0514411,0,99,0.795498729,0,35.5362336,2
P934,2023,700087.2035,3830353.56,6.3012,78.1348,2.425,2.0431,92.1053,31.5287,0.5927,0.646444023,0.078500772,0,0.91281271,0.039987951,0,71,0.650805831,0,31.73093649,2
P935,2023,719407.2035,3833113.56,10.502,36.5469,2.5833,1.3005,66.0714,70.3636,0.2386,0.055279567,0.007561437,0,0.588455915,0.064453767,0.111579695,99,11.74951172,0.085879047,37.52089929,4
P963,2023,702157.2035,3830353.56,10.502,93.8878,2.6757,1.8459,90.1743,22.8102,0.6582,0.619345949,0.010865086,0,0.82961899,0.027551077,0,188,0.650805831,0,31.35015558,2
P972,2023,675937.2035,3797923.56,6.3012,8.1916,1.75,1,25,93.7814,0.0445,0.005671078,0.002409336,0,0.717202187,0.029909911,0.090032714,260,0.616878629,0.42893321,40.08591685,3
P992,2023,720097.2035,3830353.56,8.4016,71.2035,2.92,1.8301,82.7957,32.3898,0.5997,0.279107645,0.017013233,0,0.705057561,0.097394208,0.001890359,127,9.458159447,0,35.85592842,3
P996,2023,698707.2035,3797923.56,14.7028,44.1084,3.1429,1.2555,63.4146,63.082,0.3042,0.085340778,0.006649206,0,0.773710668,0.062477457,0.020316881,127,0.799686551,2.051780729,38.6810492,2
P1004,2023,697327.2035,3847603.56,18.9036,59.8614,4,1.7426,41.791,63.6984,0.2679,0.036250252,0.035898906,0,0.721488893,0.085705238,0.007603344,138,2.075302601,6.617763338,38.56727055,2
P1014,2023,708367.2035,3831043.56,12.6024,112.7914,2.8718,2.2711,89.4964,23.1753,0.6161,0.580150478,0.11667804,0,0.811652958,0.087906482,0,56,1.671438694,0,34.07146294,3
P1015,2023,719407.2035,3825523.56,8.4016,37.1771,2.6154,1.7117,65.5738,68.9341,0.2535,0.041056258,0.02438912,0,0.599667311,0.06099871,0.47033961,1201,82.05954742,1.46060361,40.04408042,6
P1034,2023,696637.2035,3839323.56,21.004,106.4902,3.5806,1.9689,81.0875,18.3242,0.6831,0.425135968,0.016578071,0,0.884443104,0.06806288,0.093331112,99,0.674512386,2.76675187,35.21936133,3
P1044,2023,697327.2035,3802753.56,8.4016,166.9817,5,4.3028,72.3831,8.9453,0.6889,0.129633775,0.327051067,0,0.718404055,0.066509034,0.064749281,119,3.043732882,1.240218947,39.10278332,3
P1046,2023,673867.2035,3813103.56,8.4016,73.724,1.975,1.7262,94.6429,32.8145,0.5873,0.717245788,0.007561437,0,0.835193753,0.098470767,0,70,1.943471432,0,33.66263919,3
P1053,2023,676627.2035,3801373.56,2.1004,80.0252,2.2683,2.2683,93.3419,36.3946,0.5308,0.734829395,0.036954778,0,0.802890718,0.096085077,0,39,1.24187088,0,36.92323387,2
P1063,2023,717337.2035,3829663.56,16.8032,94.518,3.25,1.64,81.7919,23.4429,0.6496,0.232574004,0.125641112,0,0.724608541,0.083716348,0.084190588,94,9.85969162,0,35.99268778,4
P1065,2023,689737.2035,3840013.56,16.8032,90.7372,2.8857,1.7872,88.4817,21.4365,0.682,0.564048131,0.010573565,0,0.84066391,0.07907258,0.005152101,199,0.707226098,0,34.5350231,2
P1071,2023,708367.2035,3808273.56,10.502,29.6156,2.8,1.4694,52.6316,76.5587,0.1846,0.031600223,0.016494256,0,0.765445888,0.04374639,0.00282658,139,4.485254288,0,37.9117832,3
P1074,2023,718027.2035,3829663.56,12.6024,89.477,2.9091,1.8963,87.4251,20.7505,0.6931,0.502001052,0.007616011,0,0.730131745,0.086470417,0,69,10.84044075,0,34.73287797,4
P1089,2023,677317.2035,3798613.56,12.6024,155.0095,4.4194,2.7241,74.9409,10.9498,0.6831,0.20087913,0.230523098,0,0.754224539,0.043184799,0.00704246,59,0.650805831,0,36.59118722,2
P1094,2023,696637.2035,3837253.56,6.3012,82.5457,2.575,2.4675,91.5323,32.412,0.572,0.744902426,0.001890359,0,0.911992311,0.044019805,0,29,0.632247686,0,32.3564156,2
P1097,2023,663517.2035,3815173.56,6.3012,69.3132,2.0769,1.8621,94.0426,32.0999,0.6081,0.678608881,0.030245747,0,0.786559224,0.136471254,0,28,0.702191114,0,32.4659166,2
P1099,2023,686977.2035,3841393.56,18.9036,117.2023,3.4118,2.5144,84.9265,15.963,0.6889,0.544080523,0.009451796,0,0.743295252,0.104750408,0.016494256,54,1.269869328,0,34.23426037,3
P1105,2023,685597.2035,3800683.56,8.4016,80.0252,2.2439,1.4982,93.4531,36.1866,0.5331,0.728383988,0.044325415,0,0.815082371,0.12234162,0,27,0.727978349,0,33.8776938,2
P1111,2023,691117.2035,3835183.56,10.502,98.2987,2.878,2.6133,89.987,31.9805,0.5445,0.724423985,0.042524122,0,0.869305193,0.055291279,0,12,2.677067518,0,32.15648583,3
P1116,2023,704917.2035,3811723.56,6.3012,8.1916,1.8,1,42.8571,92.2208,0.0621,0.002438577,0.008080414,0,0.693968534,0.051933507,0.110327439,328,5.988286018,2.72149293,40.74354764,3
P1131,2023,694567.2035,3797233.56,14.7028,24.5747,2.8889,1.3704,37.037,80.9284,0.1485,0.010388016,0.01749454,0,0.786961257,0.046422406,0.021498477,338,0.650805831,0.494746766,41.22413909,2
P1132,2023,724927.2035,3835183.56,4.2008,7.5614,1.5,1,50,93.8686,0.0445,0.001890359,0.005671078,0,0.723748982,0.105927405,0.120524655,221,5.024805546,2.251370721,36.98937659,3
P1149,2023,724927.2035,3829663.56,8.4016,23.9445,1.9167,1.3068,78.8462,74.1729,0.2283,0.050961953,0.005671078,0,0.730550706,0.0415271,0.124721798,204,4.764395714,0,37.24650334,4
P1154,2023,669727.2035,3814483.56,14.7028,73.724,3.5556,2.0038,67.1429,47.164,0.4216,0.134122196,0.020447856,0,0.728090286,0.034064442,0,116,0.811713398,0,33.3249784,2
P1158,2023,693187.2035,3826903.56,2.1004,8.8217,1.1087,1.1087,99.5,92.0524,0.0621,0.979848916,0.009160275,0,0.8815974,0.047856635,0,29,0.650805831,0,31.51096602,2
P1160,2023,680767.2035,3815173.56,2.1004,42.8481,1.4359,1.4359,97.6422,39.8174,0.5945,0.705202285,0.012766767,0,0.73188746,0.098062007,0.009469714,109,8.678786278,16.33863308,36.47447161,4
P1178,2023,718027.2035,3807583.56,14.7028,93.8878,3.0345,2.2313,84.4327,22.1067,0.6668,0.373144832,0.003780718,0,0.81494379,0.088444756,0.000996046,157,0.783324718,0,35.80891566,2
P1182,2023,719407.2035,3831043.56,14.7028,42.8481,3,1.4098,62.3188,66.1019,0.2726,0.074399293,0.007561437,0,0.718756616,0.059615085,0,91,8.582363129,0,36.38764235,3
P1188,2023,702157.2035,3803443.56,12.6024,35.9168,2.9,1.3762,40.625,76.9939,0.167,0.013232514,0.027502982,0,0.589388311,0.075491821,0.190471363,314,5.433298588,1.724893479,39.3483589,4
P1200,2023,717337.3749,3808273.724,10.502,79.3951,2.5152,1.5995,89.8167,22.8949,0.6931,0.437779119,0.054889814,0,0.806290865,0.114097258,0,109,0.754057586,0,35.49051146,2
P1201,2023,667657.2035,3815173.56,4.2008,106.4902,2.9744,2.3093,89.2608,25.8277,0.598,0.468883973,0.243176809,0,0.753153205,0.061653408,0,70,0.653281271,0,34.16660959,2
P1211,2023,710437.2035,3813793.56,4.2008,45.9987,2.0417,1.5485,90,40.7936,0.572,0.238263,0.030241508,0,0.689856768,0.105830019,0.427111829,567,2.573378801,0.829714251,40.64537934,5
P1213,2023,684907.2035,3841393.56,14.7028,146.1878,3.6842,3.1836,84.7305,16.6051,0.6361,0.667047173,0.002367429,0,0.82545656,0.109058323,0.000518977,27,2.452546835,0,34.07981933,3
P1214,2023,684907.2035,3836563.56,8.4016,81.9156,3,2.3286,84.6966,24.5168,0.6668,0.372016992,0.007561437,0,0.778785169,0.09392869,0,53,2.585676432,0,34.55031079,3
P1222,2023,674557.2035,3814483.56,2.1004,5.041,1.087,1.087,99.6024,95.3548,0.035,0.992438563,0.001890359,0,0.913891494,0.075839637,0,14,0.757144213,0,31.25404695,2
P1223,2023,673867.2035,3814483.56,4.2008,27.7253,1.3556,1.2245,98.3105,72.7593,0.2335,0.92877574,0.014168735,0,0.846255839,0.09490759,0,6,0.753791571,0,31.52797343,2
P1226,2023,673867.2035,3828283.56,10.502,27.0951,2.3636,1.2457,68.0851,74.6896,0.2125,0.052040995,0.003780718,0,0.767639399,0.108558583,0.003780718,53,1.008387446,0,37.09242401,2
P1227,2023,699397.2035,3833113.56,6.3012,89.477,2.7632,2.359,90.176,26.3996,0.6265,0.662037701,0.017532209,0,0.861501873,0.05447623,0.018903592,98,0.534362674,0,32.29953649,3
P1234,2023,695947.2035,3822763.56,12.6024,138.6263,4.2581,3.3867,76.3466,13.0656,0.6841,0.319004133,0.106884387,0,0.776845872,0.068188563,0,85,3.558506727,0,37.22275726,3
P1247,2023,702847.2035,3822763.56,14.7028,40.9578,3.1818,1.3931,44.186,72.9164,0.2016,0.001890359,0.046763991,0,0.705729663,0.066342735,0.200192523,387,3.658345699,2.318184653,42.62949976,4
P1256,2023,693877.2035,3799303.56,25.2048,124.1336,4.0323,1.7899,77.7778,15.3426,0.6831,0.159264346,0.275550681,0,0.715668857,0.059639045,0.045576325,80,0.930686831,0,38.70440968,3
P1258,2023,680767.2035,3826213.56,2.1004,37.8072,1.6667,1.6667,96.8912,75.0013,0.1846,0.933467345,0.021641105,0,0.819306016,0.046418435,0,22,0.601929903,0,32.49848572,2
P1260,2023,713197.2035,3811723.56,4.2008,78.765,2.2195,1.8387,93.4811,35.2557,0.5468,0.755673682,0.007936773,0,0.845167816,0.105511456,0,32,0.674226105,0,34.19453398,2
P1261,2023,714577.2035,3826213.56,16.8032,117.2023,4.24,2.6949,70.5455,24.3053,0.5963,0.09088512,0.187180381,0,0.651020885,0.107353704,0.001890359,163,78.05000305,0,38.34579924,5
P1265,2023,691117.2035,3798613.56,25.2048,125.3938,4.3846,1.8923,69.4444,22.0134,0.6081,0.225411072,0.073551126,0,0.756324351,0.062263532,0.011527704,130,1.047132015,3.922987604,37.78573037,3
P1269,2023,698017.2035,3828283.56,6.3012,55.4505,1.8372,1.6157,95.9137,54.2207,0.38,0.857580195,0.016929417,0,0.858053565,0.062746023,0.012527988,66,0.726695657,112.5461178,33.21197042,3
P1290,2023,698707.2035,3834493.56,2.1004,59.8614,2.1163,2.1163,94.5392,53.0706,0.3836,0.869547299,0.000477069,0,0.939946234,0.099801555,0.003780718,49,0.466651469,0,32.3297223,2
P1292,2023,673867.2035,3810343.56,4.2008,8.8217,1.4,1.2,60,92.7514,0.0535,0.001890359,0.007561437,0,0.623959243,0.025150068,0.018444441,183,1.686646461,0,42.0551669,3
P1358,2023,708367.2035,3811723.56,4.2008,57.3409,2.7143,2.185,80.9524,43.881,0.4983,0.195900437,0.011819224,0,0.724027276,0.094333351,0.066115412,248,1.782304525,6.622772102,37.2953426,3
P1362,2023,691807.2035,3826903.56,6.3012,119.0926,3.3846,2.1856,86.5801,22.0656,0.6176,0.591390899,0.099526418,0,0.85185945,0.043495828,0,67,0.641173244,0,33.21636196,2
P1363,2023,704227.2035,3830353.56,6.3012,58.6011,2.0488,1.6456,94.4516,40.3873,0.5377,0.714645652,0.054403172,0,0.89668262,0.108076459,0,37,0.724090874,0,32.07072284,2
P1377,2023,690427.2035,3800683.56,16.8032,58.6011,3.2941,1.2716,68.8,52.3612,0.3943,0.113832197,0.011675583,0,0.644433856,0.081298236,0.259918797,896,1.843877673,1.322307449,40.79076508,4
P1380,2023,737347.2035,3801373.56,6.3012,81.2854,2.5405,2.4586,90.7015,24.669,0.6668,0.621662993,0.004734857,0,0.850961506,0.158603473,0.001890359,64,1.767842889,0,35.04877782,3
P1381,2023,679387.2035,3797923.56,2.1004,12.6024,1.1739,1.1739,99.1935,88.3184,0.0937,0.964184909,0.018903592,0,0.842127562,0.103022101,0,13,0.578768492,0,34.54698669,2
P1387,2023,665587.2035,3804133.56,14.7028,61.7517,2.7391,1.6631,82.0628,39.2433,0.5423,0.182592059,0.03629216,0,0.707601011,0.047455973,0,180,1.106491327,0,37.32768154,2
P1395,2023,688357.2035,3817243.56,6.3012,72.4638,2.3095,2.1561,93.4524,44.8705,0.4501,0.774275823,0.05401517,0,0.842164516,0.110088491,0.011342155,47,61.60623169,0,31.88020679,5
P1397,2023,694567.2035,3826213.56,2.1004,20.1638,1.2791,1.2791,98.6095,61.0327,0.4116,0.833970987,0.02127102,0,0.878654838,0.103113224,0,31,0.810524702,0,33.34532353,2
P1404,2023,682147.2035,3819313.56,12.6024,21.4241,2.375,1.1905,45,83.8349,0.1222,0.021288939,0.008515575,0,0.646016419,0.045094805,0.056896324,188,20.42093849,4.249613532,37.36811739,4
P1424,2023,722857.2035,3833803.56,25.2048,73.0939,4.0667,1.6673,47.1264,56.988,0.3171,0.049668315,0.04817121,0,0.683206797,0.084806734,0.12075553,101,6.836877346,0,36.82323809,4
P1428,2023,718717.2035,3829663.56,16.8032,134.8456,4.3448,2.0756,75.0643,14.825,0.671,0.317480439,0.079973888,0,0.721797645,0.060362324,0.000477069,62,12.3321352,0,34.88712892,4
P1430,2023,693187.2035,3828283.56,8.4016,79.3951,2.7429,1.442,88.8073,23.2827,0.6885,0.496950685,0.057748729,0,0.842092335,0.041618827,0.001890359,166,0.650805831,0,35.37299882,2
P1459,2023,729067.2035,3834493.56,6.3012,20.1638,2.2857,1.5952,47.0588,85.3059,0.1083,0.020793951,0.001890359,0,0.702698767,0.09074357,0.071796992,308,5.513857841,1.546135167,36.57419302,3
P1473,2023,689047.2035,3835183.56,6.3012,124.1336,3.5938,3.5167,81.5556,14.7989,0.6892,0.226188091,0.243427435,0,0.68426311,0.069262205,0.002409336,76,4.197191238,0,36.64053945,3
P1474,2023,680767.2035,3820003.56,6.3012,32.7662,1.3947,1.2342,97.7679,39.921,0.6334,0.645834441,0.011675583,0,0.846743882,0.10490417,0.03832616,202,12.94813824,0.274538822,34.43526956,4
P1475,2023,694567.2035,3828283.56,4.2008,23.3144,1.2955,1.2311,98.5294,62.9609,0.3726,0.873365687,0.007519529,0,0.812613845,0.067934336,0,145,0.697225273,0,33.90393505,2
P1489,2023,709747.2035,3833803.56,4.2008,81.9156,2.4762,2.3106,92.3645,39.6168,0.4903,0.805030726,0.001890359,0,0.855962336,0.091995477,0,35,0.858678401,0,32.66795612,2
P1496,2023,699397.2035,3828283.56,2.1004,61.1216,1.9773,1.9773,95.2954,59.2241,0.3129,0.819191557,0.084136013,0,0.865445673,0.083223033,0.003780718,29,0.726695657,0,33.42610742,2
P1500,2023,722857.2035,3826903.56,8.4016,31.506,3,1.713,33.3333,79.5823,0.1485,0.015456302,0.016536163,0,0.694513917,0.031692049,0.004257788,358,13.55343819,69.24881565,39.09234838,3
P1515,2023,684217.2035,3833803.56,8.4016,54.1903,3.1429,2.0106,62.5,61.5263,0.2999,0.087475499,0.002409336,0,0.679111004,0.148066851,0.108477155,607,3.317991018,0,40.29465154,3
P1527,2023,706297.2035,3831043.56,14.7028,99.5589,3.4615,1.9824,79.3548,24.6431,0.625,0.287841723,0.024574669,0,0.804755032,0.032889338,0.025612623,115,0.872373998,4.634686626,33.26505607,3
P1538,2023,697327.2035,3848983.56,8.4016,14.4928,2.3333,1.1771,20,89.4213,0.0784,0.012236468,0.001890359,0,0.647075713,0.06724954,0.046169628,163,1.55834341,56.04217777,40.15506708,3
P1555,2023,713887.2035,3829663.56,18.9036,64.2722,3.3529,1.3444,66.3866,52.2294,0.3836,0.037288206,0.093809194,0,0.740316093,0.044255725,0.01923702,170,7.0222826,0,37.94162657,3
P1559,2023,695947.2035,3848293.56,4.2008,23.3144,2.25,1.5125,75,72.6467,0.2486,0.064386612,0.007084367,0,0.728019416,0.080156012,0.000477069,86,2.036209106,0,36.85046439,2
P1566,2023,695257.2035,3840703.56,6.3012,124.1336,3.8788,2.2968,80.6517,14.4454,0.6931,0.497184212,0.001371382,0,0.806552172,0.084022341,0.02268431,157,1.542653918,0,35.39648201,3
P1578,2023,680767.2035,3815863.56,6.3012,73.0939,2.2812,2.1113,91.1255,24.4974,0.691,0.390361531,0.069401143,0,0.742690802,0.098071,0,78,11.8641777,0,36.76425829,4
P1583,2023,690427.2035,3817933.56,2.1004,47.8891,1.7778,1.7778,96.2884,67.8258,0.2436,0.865497217,0.064272212,0,0.92272675,0.098503988,0,95,34.57937622,0,33.76232547,5
P1588,2023,716647.2035,3826213.56,14.7028,42.218,2.8571,1.3625,65.7895,64.63,0.291,0.049149338,0.035958732,0,0.655488431,0.050734645,0.063419807,659,88.42175293,0.614456736,39.0469114,5
P533,2023,758713.5193,3863927.833,0,0,0,0,0,0,0,0,0,0.583786266,0.638069332,0.027481804,0.077077892,0,18.46794128,-14.73410564,32.95068032,4
P2969,2023,789693.2653,3869462.235,0,0,0,0,0,0,0,0,0,0.499491642,0.493328333,0.06233444,0.473202488,0,0.851234913,45.78023569,33.71648861,4
P4463,2023,744213.81,3867334.354,0,0,0,0,0,0,0,0,0,0.012988801,0.273310065,0.037571284,0.427169408,0,37.26355743,2.064415215,49.18603516,3
P2976,2023,786319.3512,3858664.821,2.263,5.4311,1,1,100,95.0453,0.0372,0,0,0.006105668,0.661957979,0.04843535,0.043914462,399,0,1.255536968,41.65790483,3
P3860,2023,784801.0462,3855803.148,5.0505,9.0909,1,1,100,92.6719,0.0518,0,0,0.009009182,0.553116918,0.037473753,0.165594326,0,0,5.895967249,42.38418397,3
P2209,2023,731655.443,3872181.328,0,0,0,0,0,0,0,0,0,0.667072996,0.300035924,0.019232856,0.179360693,0,0,-13.15617074,25.74769369,3
P1597,2023,678697.2035,3817243.56,2.1004,55.4505,1.9302,1.9302,95.3757,51.839,0.4082,0.811983106,0.040693589,0,0.819490612,0.108089528,0,10,3.206305027,0,29.48873896,3
P1598,2023,662137.2035,3817933.56,2.1004,59.2313,1.9189,1.9189,94.4535,29.7853,0.6668,0.596467661,0.007561437,0,0.80329597,0.0572187,0,56,0.552463233,0,33.83000065,2
P1623,2023,715267.2035,3831043.56,10.502,115.3119,3.0857,2.7304,87.1705,16.7812,0.6831,0.562032381,0.008557483,0,0.776860058,0.06886247,0.001890359,65,6.15984726,0,34.19709365,3
P1626,2023,670417.2035,3813793.56,27.3052,69.3132,3.4706,1.2,63.4783,51.994,0.3763,0.000388003,0.123856725,0,0.706082284,0.038209562,0,141,1.315464854,0,38.33607745,2
P1631,2023,664897.2035,3804823.56,8.4016,49.1493,1.8621,1.5718,93.4037,32.4861,0.6668,0.347073583,0.039697543,0,0.758774638,0.045675459,0.001890359,58,1.185342908,0,38.07766874,2
P1632,2023,694567.2035,3815173.56,4.2008,17.0132,1.75,1.4139,66.6667,85.3655,0.1153,0.02174809,0.003780718,0,0.653414369,0.034489068,0.693580992,834,8.965984344,3.768779692,43.29590236,5
P1639,2023,691117.2035,3826903.56,2.1004,20.794,1.3261,1.3261,98.4725,83.3314,0.129,0.945161666,0.026089693,0,0.848825872,0.073497258,0,39,0.582097709,0,31.93429992,2
P1651,2023,669037.2035,3803443.56,8.4016,23.9445,1.9231,1.1966,80.3279,72.115,0.2535,0.058643042,0.012380109,0,0.655913949,0.030152104,0.146988864,278,0.937068403,1.084641209,38.70274402,3
P1669,2023,671107.2035,3808273.56,8.4016,27.0951,2.4,1.36,65,76.5787,0.1904,0.011342155,0.035397847,0,0.707658768,0.031818511,0.015617861,192,1.115049005,0,38.47032728,2
P1678,2023,698017.2035,3795853.56,31.506,135.4757,4.9231,1.9277,64.8276,20.5046,0.6097,0.141503335,0.160890067,0,0.818296611,0.045217359,0.000518977,79,0.709416568,0,38.08191449,2
P1679,2023,689737.2035,3824833.56,4.2008,68.0529,2.1707,1.8982,93.9774,40.4721,0.5112,0.662936252,0.119384148,0,0.843029737,0.110186863,0,82,0.650805831,0,33.23609218,2
P1686,2023,711817.2035,3831733.56,10.502,69.3132,2.9524,2.2722,78.534,41.1069,0.5009,0.190352724,0.007084367,0,0.748171091,0.060544158,0.003059287,269,3.158772469,74.13900378,35.80892915,3
P1699,2023,704917.2035,3838633.56,16.8032,40.9578,2.6667,1.2743,78.8732,53.7558,0.4248,0.158799612,0.005671078,0,0.728843689,0.097772099,0.032988511,70,0.829557717,1.813652945,36.89278459,3
P1702,2023,676627.2035,3830353.56,12.6024,129.8047,3.3784,2.1605,85.9649,16.5506,0.6602,0.531206487,0.087475499,0,0.733312011,0.079292407,0.001890359,36,1.102377057,0,35.16604545,2
P1710,2023,690427.2035,3826213.56,12.6024,122.8733,4,2.1166,77.9097,15.5922,0.6825,0.355873022,0.07428913,0,0.847296119,0.036441539,0.014168735,37,0.500113368,0,34.25062102,2
P1711,2023,694567.2035,3827593.56,2.1004,22.6843,1.3556,1.3556,98.342,78.1017,0.1846,0.921814738,0.029870411,0,0.882271349,0.062088317,0,30,0.677727461,0,33.41530288,2
P1715,2023,698017.2035,3802753.56,14.7028,78.765,3.5714,1.4903,72.5888,38.5632,0.5087,0.032034372,0.168200878,0,0.747331679,0.072652139,0.031844585,138,4.047970295,1.262165255,39.3275942,3
P1720,2023,718717.2035,3833113.56,10.502,53.5602,3,1.8981,69.2308,56.9034,0.3536,0.096032982,0.016827684,0,0.669394433,0.092830826,0.046073146,102,10.43322277,0,36.33849486,4
P1742,2023,680767.2035,3833113.56,6.3012,25.8349,2.625,1.6795,27.7778,83.6914,0.1153,0.017013233,0.007561437,0,0.705608666,0.108992108,0.11878844,459,1.012944818,0.323420052,40.16146008,3
P1745,2023,699397.2035,3826903.56,10.502,85.0662,2.7222,1.5068,89.527,23.1423,0.6755,0.586876608,0.016494256,0,0.850415051,0.058896081,0,39,0.859166682,0,35.6389148,2
P1747,2023,674557.2035,3800683.56,6.3012,17.0132,2,1.254,63.6364,84.2017,0.129,0.008890911,0.019165872,0,0.706305504,0.053655114,0.070546081,447,2.85830617,4.617585266,37.93765022,3
P1749,2023,686287.2035,3824833.56,6.3012,127.2842,3.375,3.1026,87.1968,24.973,0.574,0.394124857,0.349073579,0,0.788211286,0.084548666,0,70,0.544573009,0,34.98313739,2
P1751,2023,666967.2035,3804133.56,16.8032,56.0807,3,2.2902,77.0492,44.762,0.4903,0.176163226,0.006625216,0,0.689535856,0.068004925,0.000518977,364,0.944317162,0,35.5016007,2
P1763,2023,678007.2035,3825523.56,10.502,42.8481,2.75,1.452,75,57.9016,0.3689,0.033090245,0.087861669,0,0.699996829,0.062612165,0.004197962,150,1.049657941,0,40.41026719,2
P1765,2023,699397.2035,3797923.56,4.2008,72.4638,2.1316,2.0758,93.4251,28.3741,0.6449,0.628239705,0.032959271,0,0.775676668,0.112764979,0,58,0.818006694,0,35.63077065,2
P1770,2023,693187.2035,3840013.56,16.8032,125.3938,3.2632,2.1773,86.7692,18.3962,0.6473,0.647535538,0.003780718,0,0.822644353,0.067008064,0.078027941,93,0.713574111,0,34.25598733,3
P1772,2023,686287.2035,3838633.56,2.1004,98.9288,2.7317,2.7317,90.8387,32.486,0.5377,0.765832409,0.003966267,0,0.79049015,0.088603242,0,40,1.257354259,0,33.37841001,2
P1775,2023,711817.2035,3842773.56,18.9036,63.012,4,1.4565,46.1538,60.5855,0.2954,0.086389566,0.003780718,0,0.766220868,0.075704311,0.005194008,107,1.964964747,11.44406802,35.43619144,2
P1777,2023,721550.6579,3806207.287,11.0284,67.8246,2.3214,1.544,89.4286,25.3704,0.6912,0.442197346,0.017532553,0,0.830334187,0.063640109,0,41,0.882711589,0,33.07670647,2
P1778,2023,689737.2035,3798613.56,10.502,42.8481,2.3684,1.2852,83.4395,51.3049,0.4501,0.161518194,0.008974726,0,0.807671607,0.035681417,0.005671078,139,1.114317775,0,38.49276462,2
P1781,2023,684217.2035,3842083.56,6.3012,18.9036,2.25,1.6562,58.3333,83.184,0.1356,0.031904411,0.001890359,0,0.686279476,0.131404193,0.128995146,303,3.615367174,0,38.34517556,3
P1788,2023,693877.2035,3803443.56,16.8032,32.7662,2.9,1.2222,40.625,77.6011,0.167,0.037390953,0.009928865,0,0.759376109,0.056115645,0.00232027,178,1.32644105,0,37.07537807,2
P1793,2023,688357.2035,3817933.56,2.1004,0,1,1,100,0,0,0.994328922,0.005671078,0,0.865790546,0.049847012,0,24,50.01885605,0,30.39562181,5
P1808,2023,693187.2035,3800683.56,12.6024,98.2987,2.8529,2.0926,88.1579,19.1964,0.6907,0.506033216,0.034956615,0,0.785475612,0.063535708,0.013232514,99,1.248940587,0,35.40810182,3
P1812,2023,689737.2035,3840703.56,23.1044,112.7914,4.2917,2.0658,68.4,27.204,0.572,0.229940389,0.034962685,0,0.802618563,0.056672004,0.126097418,275,1.055955291,2.901374534,35.33854459,3
P1814,2023,688357.2035,3816553.56,8.4016,106.4902,2.8684,2.0069,89.4659,22.7866,0.6321,0.597498151,0.084953107,0,0.785691142,0.160834265,0,112,66.06363678,0,32.89236854,5
P1833,2023,680767.2035,3800683.56,8.4016,99.5589,3.0323,2.2338,85.9688,19.1237,0.6889,0.336023768,0.113379642,0,0.752289534,0.060668007,0,159,0.910850048,0,37.35354903,2
P1835,2023,676627.2035,3826903.56,23.1044,80.6553,3.4545,1.9582,74.2857,36.7094,0.526,0.187629223,0.037890999,0,0.734216273,0.052285843,0.009451796,200,1.380183578,0,37.5062557,3
P1838,2023,668347.2035,3815863.56,2.1004,32.1361,1.5111,1.5111,97.6166,76.0571,0.1846,0.948977208,0.001890359,0,0.876096904,0.047258478,0,34,0.650805831,0,29.75881525,2
P1874,2023,695257.2035,3830353.56,8.4016,74.3541,2.1951,1.6536,93.5948,35.9637,0.549,0.669703717,0.097510336,0,0.772866488,0.115050135,0.023941292,38,0.758900046,0,31.06964492,3
P1881,2023,705607.2035,3837943.56,8.4016,114.0517,3.2105,3.0355,87.6471,21.9207,0.6279,0.673569311,0.000477069,0,0.873418927,0.07360053,0.007561437,58,0.718728304,1.473851471,33.84513742,2
P1885,2023,718717.2035,3831043.56,29.4056,115.942,4.8,1.7917,53.0864,37.5555,0.4591,0.160460157,0.011342155,0,0.737642467,0.068637246,0.005671078,63,8.417671204,0,35.29853154,3
P1903,2023,668347.2035,3804133.56,6.3012,44.1084,2.4706,1.6041,78.6325,56.7221,0.38,0.116819849,0.008413842,0,0.677807987,0.05727404,0.018004028,403,0.943756104,0,38.35046266,3
P1908,2023,695257.2035,3795853.56,2.1004,64.9023,2.3714,2.3714,91.3201,26.7789,0.6869,0.557634323,0.011342155,0,0.852428436,0.065121141,0.010304201,68,0.650805831,0,35.08035988,2
P1910,2023,692497.2035,3832423.56,6.3012,82.5457,2.25,2.0004,93.2976,32.5145,0.57,0.628300104,0.116320623,0,0.722111225,0.105401012,0.001890359,85,1.568648815,0,33.96463111,3
P1917,2023,690427.2035,3799303.56,21.004,123.5035,4.6667,1.7435,65.8915,24.9373,0.5798,0.167366391,0.097218815,0,0.71233654,0.046307922,0.102485316,424,2.796141863,1.276381052,39.29250481,3
P1919,2023,684907.2035,3838633.56,2.1004,2.5205,1,1,100,96.1649,0.035,0.004084906,0.002367429,0,0.705755949,0.062592144,0.04350225,384,1.970606208,0,39.38389325,3
P1927,2023,667657.2035,3802753.56,2.1004,1.8904,1,1,100,97.221,0.0249,0.000346095,0.003696903,0,0.695005536,0.032075232,0.000518977,208,0.89707458,100,38.04738566,2
P1931,2023,694567.2035,3802063.56,10.502,79.3951,2.8889,1.9374,84.4037,27.5153,0.6374,0.334385867,0.001890359,0,0.810330689,0.056402619,0.034962685,96,1.120490789,3.872151722,34.92343422,3
P1947,2023,697327.2035,3823453.56,12.6024,52.9301,2.9375,1.6166,72.3214,55.7205,0.3689,0.117662432,0.007514278,0,0.772158027,0.047243673,0.094953645,438,2.246495962,6.277713741,38.80868928,3
P1949,2023,694567.2035,3797923.56,25.2048,120.983,4.5417,1.6055,67.803,24.7563,0.5854,0.123206774,0.151122762,0,0.733593106,0.055705261,0.018426522,174,0.713305235,5.162868963,38.79499404,3
P1954,2023,698707.2035,3828973.56,2.1004,74.9842,2.1905,2.1905,93.8875,41.58,0.4821,0.806092669,0.006190054,0,0.893378854,0.059744855,0,45,0.688564837,0,32.69186846,2
P1967,2023,684217.2035,3820003.56,2.1004,35.9168,1.5,1.5,97.593,64.1841,0.3129,0.898866315,0.000518977,0,0.974193275,0.07021219,0,28,33.02825928,0,30.21202465,5
P1975,2023,693877.2035,3832423.56,2.1004,59.2313,1.9318,1.9318,95.4036,55.472,0.3575,0.826826306,0.059680996,0,0.851341128,0.060993475,0,23,1.123739362,0,31.77965414,2
P1980,2023,721477.2035,3808273.56,12.6024,32.1361,2.4167,1.2166,66,72.643,0.2231,0.057474114,0.000518977,0,0.767215431,0.055877306,0.058619053,314,0.998389482,5.572328964,40.08701213,3
P1989,2023,686287.2035,3820693.56,2.1004,0,1,1,100,0,0,0.996219282,0.003780718,0,0.91595149,0.09898222,0,15,20.53046989,0,27.3987061,4
P2004,2023,680767.2035,3818623.56,2.1004,39.0674,1.4412,1.4412,97.2222,33.6456,0.6895,0.537848035,0.001890359,0,0.807748556,0.073074186,0.034026465,246,12.19613934,0,36.11362317,4
P2005,2023,708367.2035,3837253.56,8.4016,44.1084,2.25,1.695,84.9398,49.7989,0.465,0.16394309,0.007603344,0,0.800452054,0.072689095,0.001371382,98,0.857799709,0,37.62002604,2
P2027,2023,689737.2035,3817933.56,2.1004,9.4518,1.1304,1.1304,99.4,91.8863,0.0621,0.900546075,0.089626793,0,0.935115099,0.093724321,0,38,40.115242,0,32.51241644,5
P2051,2023,696637.2035,3827593.56,12.6024,88.2168,2.6944,1.4649,89.5548,22.2534,0.6783,0.573620399,0.012815271,0,0.852601171,0.049119685,0.014603896,161,0.726695657,0,34.12707035,3
P2057,2023,708367.2035,3845533.56,18.9036,145.5577,4.2188,1.9069,77.5109,11.5055,0.6904,0.456534937,0.001890359,0,0.805011928,0.108199662,0.001890359,187,2.439393044,0,34.22655765,3
P2058,2023,691117.2035,3799303.56,16.8032,42.8481,2.9231,1.3919,59.0164,67.7987,0.2535,0.008265962,0.066264304,0,0.700671315,0.036902506,0.152920877,581,2.873502016,1.246956093,40.48850826,4
P2060,2023,709747.2035,3834493.56,8.4016,91.9975,2.8718,2.4266,89.7328,27.9375,0.6031,0.679569911,0.027317434,0,0.851908505,0.102557797,0.001890359,32,0.858462632,0,33.14526263,2
P2118,2023,662137.2035,3817243.56,10.502,24.5747,2.4,1.5357,56.25,79.1782,0.167,0.018677148,0.025051739,0,0.691535294,0.024449526,0.009451796,100,0.52408272,13.33333333,37.84985328,2
P2119,2023,709057.2035,3829663.56,14.7028,74.3541,3.55,2.0784,70.6897,42.1922,0.4765,0.026165079,0.145939063,0,0.687676847,0.078961407,0.040174612,247,2.521855593,0,40.15490953,3
P2129,2023,695257.2035,3835183.56,2.1004,45.9987,1.7442,1.7442,96.222,51.5514,0.4377,0.839661328,0.007561437,0,0.898387074,0.060539308,0.001890359,41,0.401093304,0,31.54775476,2
P2138,2023,684217.2035,3823453.56,12.6024,88.2168,2.7368,1.825,89.8773,24.9822,0.6461,0.520070157,0.139034173,0,0.74369204,0.030085148,0.001890359,53,0.710101187,0,33.62198978,2
P2142,2023,683527.2035,3801373.56,8.4016,70.5734,2.1944,1.9528,92.6871,26.208,0.6769,0.573727715,0.018570163,0,0.822023451,0.081909546,0,57,0.909130573,0,36.86865298,2
P2143,2023,690427.2035,3825523.56,2.1004,39.0674,1.6667,1.6667,96.8454,71.2314,0.2231,0.843708232,0.097386446,0,0.870699763,0.051556567,0,76,0.639551461,0,33.55032043,2
P2164,2023,710437.2035,3833803.56,8.4016,107.7505,2.9,2.678,89.6175,26.9229,0.5836,0.707829635,0.015122873,0,0.788316727,0.12303379,0,43,0.862351716,0,34.09171657,2
P2169,2023,687667.2035,3799993.56,10.502,26.465,2.5,1.2554,58.3333,77.7223,0.1788,0.033531477,0.006088321,0,0.707116783,0.048685996,0.192890141,539,1.153657556,0,39.06148629,4
P2175,2023,675937.2035,3830353.56,16.8032,84.436,2.7097,1.8146,88.196,22.1608,0.6889,0.416146548,0.036250252,0,0.721684515,0.080403199,0,74,1.105861425,0,35.86956049,2
P2178,2023,695257.2035,3828973.56,6.3012,61.7517,2.4583,2.1738,86.3281,36.3701,0.5779,0.229550553,0.041128751,0,0.767446756,0.065807162,0.099694048,229,0.74433881,0,35.46664336,3
P2182,2023,686977.2035,3817933.56,4.2008,105.23,3.1026,2.9073,88.4993,25.7398,0.6015,0.693446305,0.020274974,0,0.806662381,0.080386649,0,66,59.97911072,0,34.09760843,5
P2184,2023,664897.2035,3816553.56,2.1004,33.3963,1.5778,1.5778,97.2545,71.4807,0.2335,0.937272052,0.000346095,0,0.95111692,0.086528839,0,16,0.512064755,0,28.67770916,2
P2186,2023,682837.2035,3826903.56,4.2008,42.8481,1.7381,1.4279,96.247,49.694,0.4708,0.780554944,0.038267347,0,0.818903804,0.08467837,0,42,0.386881918,0,33.53402975,2
P2191,2023,682837.2035,3819313.56,6.3012,104.5999,3.1471,3.0147,85.8527,17.8747,0.6924,0.403700543,0.117202268,0,0.669090271,0.119484178,0,169,24.5128479,0,34.69128389,4
P2195,2023,681459.3153,3823454.449,2.1124,40.5577,1.7333,1.7333,96.4856,69.453,0.2395,0.799195901,0.137991556,0,0.819462955,0.070832518,0,10,0.816181898,0,32.38761068,2
P2208,2023,678697.2035,3799303.56,23.1044,121.6131,4.56,1.74,67.3993,23.8269,0.5945,0.106062568,0.17196811,0,0.79717207,0.037434069,0.009928865,102,0.680246413,0,38.08957451,2
P2210,2023,694567.2035,3844153.56,8.4016,15.753,2,1,53.3333,86.9235,0.1011,0.018903592,0.001890359,0,0.691548288,0.074866753,0.035583396,305,9.515176773,3.791800701,37.44562898,3
P2216,2023,699397.2035,3822763.56,8.4016,38.4373,3,2.0588,57.1429,69.9912,0.2386,0.001848452,0.057192083,0,0.731240094,0.055468248,0.007561437,106,1.931279063,0,36.61725846,2
P2224,2023,696637.2035,3824143.56,8.4016,26.465,2.4545,1.2449,64.4444,75.2883,0.2071,0.030758653,0.025987959,0,0.799793124,0.030049126,0.017359328,234,2.142095089,0,39.15473566,3
P2234,2023,690427.2035,3818623.56,2.1004,6.3012,1.0652,1.0652,99.7012,94.3043,0.0445,0.990954125,0.003303649,0,0.96766603,0.057919113,0,24,24.68947792,0,32.10818193,4
P2238,2023,676627.2035,3813793.56,14.7028,100.189,3.2188,2.3118,84.9576,18.7266,0.692,0.402613072,0.063938783,0,0.767364621,0.077563633,0,50,1.644054294,0,36.62912841,2
P2239,2023,715957.2035,3833113.56,14.7028,85.0662,3.2,2.0162,79.8535,29.9793,0.5945,0.238394793,0.043037848,0,0.731606841,0.088152175,0.391035997,88,3.687656164,0.269229803,38.15080829,4
P2249,2023,713197.2035,3832423.56,10.502,86.3264,2.6471,2.227,89.5131,21.6234,0.6904,0.432297934,0.093623646,0,0.767362535,0.14151298,0.006750939,117,1.991837382,35.0817443,35.07265214,3
P2251,2023,675937.2035,3801373.56,2.1004,68.0529,2.1628,2.1628,94.2987,51.2334,0.3872,0.823153392,0.044849643,0,0.832930326,0.056592391,0,26,1.824655533,0,35.4535684,3
P2259,2023,671797.2035,3813103.56,6.3012,66.7927,3.5294,2.3347,66.1417,50.5091,0.3978,0.050711521,0.086395637,0,0.672036111,0.032878162,0.026465028,175,2.314469576,3.333333334,41.24556445,3
P2261,2023,685597.2035,3826903.56,8.4016,79.3951,2.325,1.4538,92.6997,31.5469,0.5891,0.463913182,0.255255956,0,0.8333987,0.073004946,0,104,0.468687624,0,34.09179324,2
P2286,2023,693187.2035,3824143.56,4.2008,46.6289,2.5789,2.0451,81.3665,49.8568,0.4561,0.147964147,0.015599943,0,0.763295949,0.06962008,0,190,0.850423574,0,37.7906557,2
P2317,2023,711127.2035,3811033.56,2.1004,47.259,1.8,1.8,96.1249,64.8301,0.2773,0.917013984,0.001556931,0,0.899478316,0.089371367,0,31,0.734883428,0,32.48232034,2
P2323,2023,687667.2035,3827593.56,2.1004,30.2457,1.3778,1.3778,98.1857,70.0684,0.2584,0.788897638,0.138105037,0,0.799528301,0.0564074,0,140,0.650805831,0,33.51798853,2
P2326,2023,690427.2035,3799993.56,2.1004,6.9313,1.5,1.5,75,90.5461,0.0862,0.010156322,0.011008727,0,0.634664118,0.020288215,0.617833819,810,1.779699564,0.230601157,42.64589946,5
P2339,2023,676628.1594,3820692.699,2.1124,20.2788,1.3778,1.3778,98.2273,78.6835,0.1854,0.950302842,0.00189571,0,0.963885069,0.095509634,0,20,0.851350248,0,32.21287939,2
P2342,2023,691117.2035,3837943.56,2.1004,8.8217,1.1522,1.1522,99.3014,92.7514,0.0535,0.988472296,0.001556931,0,0.894972682,0.13620098,0,13,0.644644082,0,32.69814769,2
P2357,2023,663517.2035,3813793.56,6.3012,39.6975,2.2667,1.6577,79.1209,62.3024,0.3255,0.095454179,0.003303649,0,0.702780843,0.021154604,0.018958166,225,0.945131958,2.731881074,39.30905255,3
P2359,2023,694567.2035,3837943.56,2.1004,39.0674,1.5111,1.5111,97.5135,65.6763,0.2865,0.89468102,0.018426522,0,0.868476808,0.057269993,0,110,0.623091817,0,32.3530615,2
P2374,2023,688357.2035,3835873.56,16.8032,94.518,3.2857,2.4335,81.1765,23.7384,0.6461,0.133265601,0.201140066,0,0.679565072,0.076813767,0,147,3.700457096,0,36.56419468,3
P2384,2023,684907.2035,3835183.56,6.3012,23.9445,1.9286,1.3398,82.8947,69.1085,0.291,0.073846885,0.003780718,0,0.688033581,0.153391733,0.041768199,393,3.520457506,0.948075005,36.38795768,3
P2408,2023,706987.2035,3831043.56,12.6024,87.5866,2.8,2.5153,86.3636,22.745,0.6741,0.361386971,0.050145385,0,0.8297683,0.05782785,0.004114147,79,1.013481021,100,33.89934991,3
P2419,2023,700087.2035,3826213.56,35.7068,118.4625,4.6522,1.7462,62.3318,29.1833,0.5423,0.098374063,0.128347553,0,0.795137882,0.101658427,0,60,0.999115467,0,36.61753242,2
P2429,2023,700087.2035,3799303.56,6.3012,20.1638,2.125,1.3143,55,84.0613,0.1222,0.027348019,0.001890359,0,0.688693166,0.077281287,0.125795588,340,2.044708729,0.700652423,39.16930835,3
P2435,2023,663517.2035,3816553.56,16.8032,90.1071,3.2333,1.5338,83.5784,21.8532,0.6783,0.398873394,0.026942098,0,0.81601882,0.044863501,0,66,0.550350606,0,34.60597953,2
P2441,2023,689047.2035,3801373.56,14.7028,80.0252,2.6765,1.7594,88.8672,22.7961,0.6926,0.486903181,0.031198873,0,0.772541046,0.081953377,0.107750473,167,1.679981947,9.230769231,37.47427368,4
P2472,2023,678007.2035,3828283.56,35.7068,127.2842,5.1364,1.6803,58.2569,28.7165,0.5354,0.088118366,0.130719707,0,0.695355892,0.059902386,0.035874917,181,1.034317613,0,38.19352494,3
P2475,2023,706297.2035,3830353.56,14.7028,70.5734,2.75,1.721,86.4641,27.7287,0.6582,0.326211329,0.052930057,0,0.816639423,0.110173426,0.039595809,59,1.080241799,5.396607505,34.00258096,3
P2492,2023,700087.2035,3839323.56,16.8032,98.9288,3.7917,2.584,74.2308,28.5537,0.5817,0.263405637,0.011342155,0,0.754149854,0.109185229,0.168593313,139,1.08703649,0,36.13166933,4
P2502,2023,689047.2035,3798613.56,10.502,119.7227,3.5294,2.8189,83.4615,15.2627,0.692,0.428172905,0.100939708,0,0.787007987,0.052043348,0.07138582,120,0.759964466,11.78297517,37.68226944,3
P2503,2023,663517.2035,3804133.56,12.6024,88.2168,2.9677,1.7578,85.5792,21.8471,0.6831,0.391756415,0.034503534,0,0.782524645,0.041352499,0.00090698,90,1.412992358,0,35.11033201,2
P2508,2023,732517.2035,3803443.56,4.2008,55.4505,1.9762,1.6684,94.9631,45.2364,0.4876,0.720566342,0.083175803,0,0.840817451,0.078135796,0,39,0.687966585,0,32.42933894,2
P2513,2023,689737.2035,3800683.56,8.4016,71.2035,2.5714,1.8297,86.9822,28.6928,0.6449,0.332308127,0.010304201,0,0.687308133,0.082475147,0,423,1.843877673,0,37.18696857,3
P2517,2023,670417.2035,3804133.56,6.3012,23.3144,2.1,1.158,72.5,77.4716,0.1904,0.033531477,0.011342155,0,0.686761737,0.030376668,0.042106879,394,0.968888283,1.972917872,41.1630785,3
P2521,2023,684907.2035,3821383.56,2.1004,40.9578,1.7045,1.7045,96.6009,62.7013,0.3171,0.883256883,0.018903592,0,0.994152486,0.151078777,0,8,6.287454605,0,28.4636182,3
P2532,2023,689047.2035,3797923.56,2.1004,6.3012,1.087,1.087,99.6024,95.2315,0.035,0.988138868,0.005671078,0,0.865725338,0.061720056,0,42,0.559526384,0,32.98870255,2
P2550,2023,741487.2035,3831043.56,2.1004,2.5205,1,1,0,97.9788,0.0137,0.001890359,0.000518977,0,0.622843862,0.054900638,0.083252535,632,6.554929733,0.815529192,38.52066063,3
P2567,2023,698017.2035,3826213.56,4.2008,66.7927,1.95,1.8977,94.9468,36.283,0.5639,0.744366876,0.015827399,0,0.846518457,0.072306666,0.004716939,35,1.097562671,0,35.41883241,2
P2571,2023,713887.2035,3815173.56,4.2008,63.6421,2.6842,2.4234,79.6178,46.6242,0.4501,0.164938317,0.004485244,0,0.678447783,0.151815425,0.054073983,184,1.913319111,7.399982,40.77673882,3
P2574,2023,691117.2035,3817243.56,14.7028,26.465,2.7778,1.1096,44.8276,79.9014,0.1547,0.024585991,0.007561437,0,0.761451125,0.05123043,0.028439203,456,40.86284256,2.295735801,38.875293,4
P2587,2023,689047.2035,3835873.56,25.2048,137.9962,4.8462,2.7133,67.5325,18.8367,0.6236,0.252637607,0.06129674,0,0.734242916,0.100151771,0,25,3.331061363,0,34.6093285,3
P2588,2023,690427.2035,3826903.56,6.3012,96.4083,2.825,2.574,90.2145,30.03,0.57,0.675990827,0.071166792,0,0.823021591,0.062540099,0,35,0.559277117,0,32.45160229,2
P2599,2023,686287.2035,3834493.56,25.2048,66.1626,3.8667,1.3763,49.4118,58.4269,0.3129,0.049828862,0.04331063,0,0.703983247,0.101474147,0.047258979,88,4.275160789,0,36.30625445,3
P2624,2023,702157.2035,3812413.56,10.502,18.9036,2.125,1.0897,50,84.9733,0.1153,0.018098345,0.006523483,0,0.656006396,0.036254167,0.003780718,395,10.04581738,0,37.21242409,3
P2632,2023,678697.2035,3830353.56,12.6024,30.8759,3,1.3623,50,75.807,0.1904,0.043543338,0.004114147,0,0.70215255,0.062529559,0.111084182,511,1.181081772,0,38.67929152,3
P2640,2023,694567.2035,3809653.56,6.3012,8.1916,1.75,1,25,93.7814,0.0445,0.003780718,0.003303649,0,0.64175576,0.055445898,0.120722052,265,11.86866283,0,41.0852859,4
P2642,2023,700777.2035,3830353.56,2.1004,54.8204,1.7619,1.7619,96.0396,44.6437,0.4956,0.74387454,0.06522635,0,0.886701107,0.038450279,0,77,0.650805831,0,31.20238023,2
P2643,2023,729757.2035,3834493.56,18.9036,105.8601,4.6,2.0792,58.6207,37.1563,0.4765,0.16587555,0.02268431,0,0.703703403,0.12209358,0.126357292,239,6.777716637,1.616997681,35.57286732,4
P2653,2023,722857.2035,3828973.56,14.7028,37.8072,2.9167,1.4532,57.4074,70.5661,0.2335,0.04363982,0.02268431,0,0.699487031,0.055887764,0.003780718,323,6.910087109,0,38.02810882,3
P2655,2023,693187.2035,3840703.56,25.2048,107.7505,3.6897,1.5807,78.9757,19.8432,0.6631,0.368321101,0.008497657,0,0.795419693,0.057642874,0.027182221,174,1.427042484,0,34.61868125,3
P2677,2023,686977.2035,3829663.56,18.9036,47.8891,3.3077,1.3564,56.5217,65.1479,0.2726,0.051887864,0.031241793,0,0.735467196,0.053004347,0.109854608,250,0.910850048,0,38.93797115,3
P2679,2023,665587.2035,3815863.56,2.1004,31.506,1.5349,1.5349,97.3036,56.2089,0.4281,0.837480509,0.004729606,0,0.878362298,0.057974729,0,38,0.735479116,0,30.72851464,2
P2694,2023,711817.2035,3830353.56,16.8032,47.259,3.0769,1.6447,57.1429,66.5376,0.2584,0.032613175,0.039136658,0,0.770070553,0.049259811,0.011342155,235,5.15781641,99.99999998,38.17113785,3
P2698,2023,695257.2035,3831733.56,2.1004,15.1229,1.2174,1.2174,98.9899,87.0752,0.1011,0.974077938,0.005211926,0,0.865997851,0.052238247,0,48,0.829900801,0,29.95041245,2
P2701,2023,687667.2035,3834493.56,6.3012,6.3012,1.75,1,25,94.3043,0.0445,0.00141329,0.005194008,0,0.650652707,0.047178749,0.126903677,530,4.431921005,0.075469775,39.23602468,3
P2718,2023,703537.2035,3813103.56,16.8032,35.2867,2.9,1.0913,40.625,77.1142,0.167,0.035064419,0.005671078,0,0.73493433,0.067385979,0.104855638,300,6.350567818,0,38.61224752,3
P2736,2023,682837.2035,3827593.56,14.7028,73.724,2.2927,1.6569,93.3333,39.1093,0.5137,0.732866007,0.06492115,0,0.851239979,0.063340574,0.002915646,40,0.550751805,0,34.0633178,2
P2739,2023,689047.2035,3840703.56,16.8032,107.1204,3.0833,1.6083,87.5828,19.2723,0.671,0.493589043,0.11763743,0,0.799205661,0.053332203,0.016494256,97,1.152796984,0,33.972627,3
P2749,2023,693187.2035,3799303.56,10.502,110.9011,3.1944,2.6049,86.3322,17.8059,0.6802,0.242125175,0.333633363,0,0.746403635,0.050160496,0.070444348,119,0.931589782,0,38.55178793,3
P2768,2023,721477.2035,3806893.56,6.3012,61.1216,2,1.8749,94.9761,46.5698,0.4561,0.812927423,0.017013233,0,0.855676293,0.097192284,0,68,0.855643511,0,32.92128761,2
P2770,2023,712507.2035,3835183.56,23.1044,78.1348,3.45,1.4514,70.8333,42.2688,0.4679,0.152600116,0.0240976,0,0.68988961,0.097015747,0.063210269,254,1.354153633,1.581887799,37.57383944,3
P2782,2023,693187.2035,3833113.56,2.1004,45.9987,1.6977,1.6977,96.5076,53.1089,0.4183,0.82260383,0.025051739,0,0.844113469,0.046464434,0,25,1.108734965,0,31.64094564,2
P2793,2023,687667.2035,3798613.56,12.6024,80.0252,3.24,2.3137,79.9283,30.5167,0.5997,0.226674944,0.049750298,0,0.801506162,0.066445696,0.037348032,127,0.736494243,8.722762832,38.40973125,3
P2801,2023,689737.2035,3828283.56,2.1004,76.2445,2.3953,2.3953,93.0151,47.0249,0.4183,0.8254201,0.028688816,0,0.830603898,0.052889246,0,37,0.650805831,0,34.10169824,2
P2804,2023,685597.2035,3835183.56,18.9036,66.1626,3.8667,1.6517,52.7473,57.2186,0.3255,0.052082903,0.050538639,0,0.697545171,0.111650942,0.003780718,127,4.053440571,0,35.09311536,3
P2808,2023,711127.2035,3817243.56,16.8032,21.4241,2.7143,1,20,85.9497,0.1011,0.005194008,0.016679804,0,0.709916174,0.069457778,0.046148532,271,4.938222408,8.452544936,39.54650169,3
P2820,2023,708367.2035,3832423.56,4.2008,71.8336,2.1905,1.8147,94.0476,44.972,0.4501,0.825340523,0.005152101,0,0.807164252,0.13884564,0,79,0.777603567,0,33.23146539,2
P2825,2023,697327.2035,3801373.56,16.8032,89.477,2.8276,1.85,86.0892,22.9113,0.6676,0.356223023,0.034461627,0,0.740952373,0.086341658,0.096641845,128,1.730120778,0,37.53027846,3
P2830,2023,709057.2035,3811723.56,16.8032,127.9143,4.1481,2.4708,72.8435,19.8083,0.6279,0.261937579,0.054343346,0,0.776700079,0.064692757,0,251,1.19238925,0,35.71665842,2
P2838,2023,689737.2035,3835183.56,6.3012,134.8456,3.525,3.3505,86.2398,23.2557,0.5817,0.662095694,0.068692379,0,0.769270539,0.088412202,0.005671078,11,3.613133192,0,33.75632816,3
P2839,2023,708367.2035,3809653.56,10.502,56.0807,2.6111,1.2519,79.2857,50.6093,0.4216,0.144639354,0.007561437,0,0.667736828,0.063195615,0.029291608,162,1.720525622,2.136086565,36.64868954,3
P2842,2023,686287.2035,3817933.56,6.3012,53.5602,2,1.6404,92.9385,29.688,0.6869,0.437361161,0.003780718,0,0.704771459,0.081271007,0.007556185,570,61.09384155,0,36.4700236,5
P2846,2023,680767.2035,3822763.56,10.502,35.9168,2.0952,1.298,87.4317,49.9676,0.4903,0.145484675,0.048606372,0,0.747830391,0.077159401,0.146768492,303,1.387303948,0.260958522,36.80065324,4
P2848,2023,683527.2035,3826213.56,10.502,109.0107,3.0789,1.9909,88.244,22.2543,0.6334,0.213073691,0.456357817,0,0.796342909,0.026580497,0,74,0.410191417,0,34.02176071,2
P2863,2023,712507.2035,3842083.56,12.6024,17.0132,2.2857,1.1,30.7692,87.4203,0.0937,0.011156606,0.005194008,0,0.755454361,0.122372782,0,124,2.630059004,0,37.99004065,2
P2868,2023,675247.2035,3827593.56,4.2008,7.5614,1.2,1,80,93.0679,0.0535,0.00794944,0.001890359,0,0.745003939,0.044926056,0,230,1.130579233,0,39.29938719,2
P2869,2023,695257.2035,3824143.56,4.2008,52.9301,1.8667,1.8619,95.7838,62.9883,0.2865,0.834669442,0.082846614,0,0.860364556,0.082054704,0,35,1.478401184,0,34.1136954,2
P2870,2023,680767.2035,3816553.56,8.4016,102.7095,2.9706,2.6813,87.2137,18.2827,0.6916,0.41989143,0.100588361,0,0.712446392,0.09216003,0,156,15.35052013,0,36.98193348,4
P2875,2023,680767.2035,3827593.56,27.3052,141.7769,5.2083,2.7882,60.2362,22.9945,0.5759,0.134503796,0.136087942,0,0.64201057,0.075292674,0.281346993,98,0.650805831,8.24224802,39.57983635,4
P2878,2023,693187.2035,3831043.56,6.3012,21.4241,2.25,1.3229,58.3333,82.5991,0.1356,0.01219456,0.017013233,0,0.683960795,0.053692933,0.155612244,330,1.008420587,0,38.39246592,3
P2880,2023,680084.0065,3822753.123,8.7662,138.7245,3.3947,3.1415,86.0856,18.5874,0.625,0.488352955,0.187662619,0,0.757445991,0.060981594,0.010461262,171,1.547058463,0,35.57022343,3
P2893,2023,685597.2035,3836563.56,21.004,103.3396,4.9444,1.8811,50,42.5358,0.4248,0.070468337,0.078023703,0,0.704557776,0.122003487,0.080766467,109,2.629577637,0,36.99046784,3
P2900,2023,693877.2035,3798613.56,12.6024,113.4216,3.7188,3.2425,81.4103,16.3571,0.6916,0.180261287,0.278509579,0,0.748811245,0.064094534,0,89,0.827214599,0,37.3461242,2
P2919,2023,689047.2035,3815863.56,6.3012,90.1071,2.5122,2.0787,92.122,35.2178,0.5236,0.657008098,0.135330186,0,0.859291375,0.136362911,0.003780718,115,52.07781982,0,35.71895618,5
P2920,2023,671107.2035,3815173.56,14.7028,89.477,3.6818,1.8737,72.9358,34.2882,0.5354,0.099985569,0.123518046,0,0.746008277,0.039706062,0,107,0.910850048,0,34.12165178,2
P2923,2023,678697.2035,3816553.56,6.3012,74.3541,2.5,1.7188,91.9786,34.4251,0.568,0.726941126,0.016953407,0,0.84281373,0.139970499,0,10,1.456666589,0,29.46730598,2
P2941,2023,697327.2035,3826903.56,6.3012,92.6276,2.641,2.3035,90.6569,26.0266,0.6236,0.607096814,0.07600237,0,0.86936307,0.094340308,0,88,1.015081286,0,35.48615431,2
P2952,2023,664207.2035,3815863.56,2.1004,6.3012,1.0652,1.0652,99.6994,92.0344,0.0704,0.974429284,0.011819224,0,0.894189537,0.10262264,0,14,0.601491153,0,30.24901023,2
P2954,2023,698017.2035,3829663.56,2.1004,13.8626,1.2174,1.2174,99,91.2072,0.0621,0.985378185,0.001890359,0,0.907665014,0.063498628,0,20,0.650805831,0,30.44669629,2
P2955,2023,674557.2035,3813103.56,6.3012,42.8481,2.1304,1.9164,88.5463,43.6128,0.5468,0.232082767,0.001890359,0,0.791128278,0.041342436,0,87,1.575929761,0,37.95189016,2
P2968,2023,678007.2035,3813103.56,14.7028,118.4625,3.8966,1.9487,78.1818,17.4909,0.6693,0.15762548,0.234979101,0,0.689707994,0.0650987,0.001890359,108,1.633922458,0,39.99113167,3
P2971,2023,698707.2035,3822763.56,16.8032,112.1613,3.7586,2.666,79.5396,18.3252,0.6718,0.216136203,0.163906434,0,0.730022192,0.066929719,0,126,2.259198666,0,36.76867549,3
P2978,2023,713887.2035,3843463.56,27.3052,36.5469,3.4444,1,18.5185,78.9606,0.1485,0.008974726,0.023059646,0,0.782656908,0.132889085,0.003780718,98,2.246205568,0,36.78643505,2
P2979,2023,694567.2035,3824833.56,2.1004,86.9565,2.5116,2.5116,92.4681,45.9833,0.4116,0.67289349,0.188110006,0,0.870754302,0.087605612,0,31,0.790744543,0,33.77186893,2
P2982,2023,672487.2035,3815173.56,10.502,124.1336,3.4571,2.9483,85.0953,15.5499,0.6808,0.472075579,0.109121855,0,0.799341738,0.042902519,0,66,0.910850048,0,34.22060586,2
P2992,2023,684907.2035,3827593.56,6.3012,73.0939,2.4,1.9305,92.3497,33.3706,0.5836,0.588710366,0.139117988,0,0.805892467,0.050433139,0,57,0.534810126,0,33.66477917,2
P3007,2023,675247.2035,3829663.56,10.502,27.0951,2.5,1.5195,68.9655,72.0597,0.2436,0.051925582,0.005671078,0,0.750578701,0.110478885,0.009451796,130,0.93882364,0,38.51028656,2
P3020,2023,704227.2035,3813103.56,8.4016,76.8746,3.1905,2.1919,75.4011,40.0771,0.4956,0.203964765,0.001890359,0,0.745865762,0.077560646,0.074551411,308,5.415253162,0.763909229,37.45576422,3
P3022,2023,669037.2035,3815863.56,2.1004,20.1638,1.2609,1.2609,98.7755,82.9156,0.1356,0.939961061,0.024157426,0,0.876112044,0.056740016,0,47,0.650805831,0,29.06763416,2
P3024,2023,694567.2035,3822763.56,31.506,104.5999,3.72,1.6555,75.9717,25.6928,0.6031,0.162433844,0.133195465,0,0.738569498,0.042210029,0,115,3.170302391,0,36.30672814,3
P3052,2023,666967.2035,3802063.56,8.4016,37.8072,2.7273,1.6773,57.7778,72.8966,0.2071,0.022536431,0.034026465,0,0.717249453,0.039455362,0.063318073,197,0.746574461,0,37.30692353,3
P3056,2023,696637.2035,3848983.56,14.7028,34.0265,3,1.36,50,75.1706,0.1904,0.04098511,0.005671078,0,0.639394164,0.093466654,0.057837795,162,1.741479516,2.17421288,37.71958199,3
P3060,2023,695947.2035,3797923.56,4.2008,24.5747,1.9286,1.5196,82.4324,69.2919,0.2865,0.003780718,0.071987599,0,0.68091464,0.034974729,0.23102974,619,0.659421563,1.215122382,42.67979376,4
P3070,2023,686977.2035,3826213.56,4.2008,130.4348,3.3514,3.2905,86.3422,16.9299,0.6551,0.448729958,0.182255405,0,0.789123893,0.053683139,0.003780718,95,0.643655896,0,35.04093665,2
P3072,2023,691807.2035,3835183.56,2.1004,0,1,1,100,0,0,0.998312095,0.000649951,0,0.880287409,0.086123808,0,26,2.187884808,0,31.05843557,3
P3078,2023,699397.2035,3822073.56,23.1044,63.6421,3.625,1.3789,61.1111,54.3378,0.3613,0.052930057,0.066783281,0,0.713257849,0.027901574,0.039220473,177,2.399931431,0,37.80960256,3
P3089,2023,683527.2035,3825523.56,14.7028,84.436,2.7429,1.6198,88.8889,22.2543,0.6877,0.419041383,0.13302731,0,0.7739079,0.046769371,0,110,0.622636855,0,33.93604433,2
P3104,2023,709057.2035,3808273.56,21.004,94.518,3.0714,1.8476,83.9779,22.7187,0.6582,0.304311502,0.066825189,0,0.807822943,0.1165154,0.003780718,97,2.778425694,0,35.24503187,3
P3105,2023,714577.2035,3834493.56,16.8032,85.0662,3.52,2.3497,77.0909,29.7894,0.5963,0.259518754,0.025093646,0,0.745620668,0.087098531,0.101856177,69,3.124815226,81.40277927,36.77353949,4
P3111,2023,698017.2035,3795163.56,18.9036,138.6263,4.1515,2.5044,79.5678,12.2586,0.6928,0.387065491,0.131119557,0,0.842092097,0.043559682,0.005152101,38,0.711677313,0,36.12484251,2
P3120,2023,680077.2035,3828973.56,10.502,129.8047,3.7742,3.0639,80.8463,13.94,0.6889,0.216850171,0.237957799,0,0.639034271,0.063586074,0.015122873,143,0.997684956,0,37.43752734,3
P3122,2023,704917.2035,3833113.56,2.1004,53.5602,1.8605,1.8605,95.6826,51.1102,0.4216,0.855696432,0.001890359,0,0.899897337,0.06824088,0,47,0.566601634,0,32.64937772,2
P3124,2023,708367.2035,3829663.56,12.6024,114.0517,3.3143,2.6115,85.7143,16.9616,0.6836,0.031287939,0.528017238,0,0.687676847,0.092180869,0,142,1.777939081,0,38.45398895,3
P3130,2023,675937.2035,3799303.56,4.2008,9.4518,1.375,1.2637,83.3333,87.4162,0.1153,0.001890359,0.022679059,0,0.764985263,0.026763528,0.012325534,372,1.094302058,0,38.53243003,3
P3142,2023,669727.2035,3802063.56,6.3012,7.5614,1.6,1,40,93.1478,0.0535,0.001890359,0.00704246,0,0.677591801,0.02975189,0.054449318,204,0.742101252,1.060896217,38.67283466,3
P3147,2023,702157.2035,3836563.56,10.502,73.724,2.4722,1.3043,90.9247,25.3921,0.6783,0.591654192,0.001371382,0,0.898340523,0.06375871,0.071356579,191,0.447961181,3.053656069,35.2686039,3
P3149,2023,695257.2035,3825523.56,2.1004,73.724,2.2143,2.2143,93.8849,43.8303,0.4591,0.668392208,0.150405901,0,0.874812245,0.07754673,0,36,1.080784678,0,34.77109174,2
P3158,2023,710437.2035,3806893.56,29.4056,119.0926,4.9091,1.6924,57.8431,31.3878,0.5187,0.14748809,0.061808301,0,0.696028054,0.064337951,0.035397847,93,1.929553509,0,38.63114378,3
P3163,2023,700777.2035,3846223.56,8.4016,31.506,2.7,1.8929,46.875,77.7801,0.167,0.037115325,0.001890359,0,0.709736824,0.06583396,0.007561437,186,8.615793228,0,39.15435404,3
P3167,2023,686287.2035,3801373.56,6.3012,101.4493,3.0789,1.9356,88.0665,23.0075,0.64,0.656701065,0.007084367,0,0.884912252,0.056136086,0,80,0.823800087,0,34.89527077,2
P3175,2023,698017.2035,3796543.56,12.6024,91.3674,3.5455,2.5032,74.3119,33.9686,0.5354,0.185588627,0.040258427,0,0.788004518,0.065256546,0,107,0.714394867,0,37.49070143,2
P3184,2023,686287.2035,3798613.56,6.3012,68.0529,2.6296,1.8576,86.0317,30.6777,0.6293,0.296121366,0.033609222,0,0.821191132,0.043575893,0.014603896,176,0.654788435,0,37.44579005,3
P3189,2023,684217.2035,3801373.56,23.1044,81.2854,2.963,1.275,83.0671,27.9086,0.6279,0.315499181,0.003780718,0,0.830850542,0.065540684,0.009451796,100,0.892927587,0,36.7760923,2
P3191,2023,702157.2035,3822073.56,12.6024,73.0939,3.45,2.1122,72.1591,42.1907,0.4793,0.065004965,0.110892562,0,0.717221737,0.046300832,0.089425684,163,3.844513416,0,39.3226237,3
P3194,2023,703537.2035,3819313.56,6.3012,37.1771,1.8889,1.4625,88.7324,54.8798,0.4248,0.142777222,0.003780718,0,0.743356109,0.043798981,0.095019017,447,1.760083556,1.269436662,40.82272322,3
P3197,2023,693187.2035,3848983.56,21.004,42.218,3.6,1.1467,35,73.8354,0.1904,0.034980604,0.012755445,0,0.724467695,0.081356678,0.150376328,106,2.87742424,0,37.01117324,3
P3222,2023,718717.2035,3831733.56,21.004,75.6144,4.125,1.3804,54.5455,52.0441,0.3651,0.116785025,0.003780718,0,0.715316653,0.074231727,0.007561437,110,4.949139595,0,36.94550351,3
P3223,2023,698017.2035,3824143.56,8.4016,57.971,2.7826,2.4328,82.7004,38.8454,0.5576,0.223838581,0.034002476,0,0.740220845,0.046453576,0.050455643,180,1.549296618,1.620021172,39.01917554,3
P3228,2023,683527.2035,3799993.56,16.8032,98.2987,3.6667,1.9968,78.5075,23.3308,0.6425,0.296163846,0.040156694,0,0.751564085,0.079394842,0.003798637,216,0.916091621,0,36.01315527,2
P3237,2023,669727.2035,3804823.56,2.1004,11.3422,1.5455,1.5455,85.3659,80.4472,0.196,0.053481452,0.001890359,0,0.706049562,0.026073535,0.109640832,311,0.93944031,0,39.65414746,3
P3247,2023,681457.2035,3815863.56,6.3012,6.9313,1.75,1,25,94.128,0.0445,0.001371382,0.004633124,0,0.646636963,0.032412023,0.03060976,341,17.90200996,23.15289941,41.6975738,3
P3256,2023,692497.2035,3837943.56,4.2008,78.765,2.3095,2.1047,93.4053,42.9299,0.4591,0.784704354,0.046769243,0,0.884812474,0.061823226,0,118,0.650805831,0,32.50643356,2
P3272,2023,678007.2035,3829663.56,8.4016,42.218,2.6429,1.9199,71.9512,63.5082,0.3042,0.050937964,0.036853045,0,0.718240559,0.089060891,0.056519155,606,1.083848,1.785884709,41.67194746,3
P3284,2023,677317.2035,3813103.56,18.9036,72.4638,3.3158,1.8542,72.6708,44.3464,0.4561,0.131161465,0.037330114,0,0.674982429,0.048177086,0.011342155,92,1.688102722,0,37.6689497,3
P3292,2023,676627.2035,3829663.56,16.8032,61.7517,3.2105,2.0088,71.4286,48.2635,0.4345,0.149042615,0.013524035,0,0.740029454,0.053359731,0.049626408,88,1.004068851,0,38.12949047,3
P3303,2023,698707.2035,3796543.56,8.4016,75.6144,3.1304,2.0897,79.4979,34.8187,0.5597,0.235168069,0.021831905,0,0.797047138,0.072223204,0.013232514,74,0.87272948,0,37.38916177,2
P3309,2023,704227.2035,3832423.56,4.2008,35.9168,1.5227,1.4039,97.4614,62.8205,0.3296,0.884878697,0.005671078,0,0.887294471,0.128717361,0,47,0.556468546,0,30.58959996,2
P3311,2023,687667.2035,3840703.56,4.2008,95.1481,2.6429,2.5983,91.4179,36.438,0.5009,0.761332424,0.038284253,0,0.805619001,0.084372069,0.001890359,43,0.928897202,0,33.36669807,2
P3326,2023,693187.2035,3828973.56,8.4016,83.8059,2.5278,2.3483,90.8333,23.6391,0.6725,0.540103994,0.054325428,0,0.814625084,0.084865097,0.003780718,167,0.75042069,100,35.62898303,3
P3343,2023,706987.2035,3833113.56,2.1004,88.8469,2.619,2.619,91.7476,39.9292,0.4736,0.817368927,0.001890359,0,0.846943915,0.0924015,0,53,0.619677007,0,33.29346176,2
P3347,2023,694567.2035,3799993.56,12.6024,117.2023,3.6364,3.0307,82.495,15.5841,0.6931,0.163275414,0.338214564,0,0.74025631,0.04851804,0.001890359,154,1.057218075,0,38.01178221,2
P3348,2023,685597.2035,3798613.56,2.1004,90.1071,2.7879,2.7879,88.454,20.6499,0.6927,0.370167479,0.153262734,0,0.823996603,0.07486544,0,113,0.657986104,0,37.02638115,2
P3353,2023,692497.2035,3798613.56,8.4016,59.8614,2,1.5579,93.9597,29.0479,0.6741,0.485775147,0.123389098,0,0.75494951,0.113759872,0.011675583,117,0.841183901,0,36.42753915,3
P3365,2023,694567.2035,3799303.56,8.4016,127.9143,3.5135,2.1617,84.9271,16.4016,0.665,0.357914154,0.25989245,0,0.678243458,0.054496119,0.013691665,120,0.984900177,0,37.65282067,3
P3374,2023,696637.2035,3846223.56,6.3012,134.8456,3.8824,3.6273,81.0811,12.8731,0.6922,0.436337182,0.07461832,0,0.720061362,0.103567957,0.014270468,73,6.727431297,0,34.71927214,3
P3375,2023,712507.2035,3833803.56,16.8032,77.5047,3.4545,1.8802,73.7864,37.7133,0.5212,0.181521639,0.034026465,0,0.75268954,0.125992539,0.019380661,151,1.212151766,2.783043783,37.07280323,3
P3378,2023,711127.2035,3806203.56,14.7028,151.2287,4.7097,2.485,72.6841,11.4986,0.6825,0.177744146,0.235663351,0,0.659711242,0.079070448,0.101281565,96,2.01272583,8.884426859,38.48161919,3
P3384,2023,705607.2035,3828283.56,14.7028,44.7385,2.5333,1.3935,74.1573,61.5172,0.3213,0.021646356,0.074922508,0,0.72943157,0.0526397,0.013148699,174,1.992568612,41.76305564,39.23294967,3
P3392,2023,727687.2035,3804133.56,6.3012,108.3806,3.6774,2.9156,80.9195,17.7267,0.686,0.445344852,0.000518977,0,0.826292098,0.10881155,0.003780718,57,0.636487305,0,36.46535066,2
P3421,2023,715267.2035,3811033.56,6.3012,74.9842,2.5429,1.8588,90.2351,24.396,0.6869,0.552833044,0.007561437,0,0.805726945,0.128558855,0,56,0.850233436,0,35.85223198,2
P3424,2023,700087.2035,3833803.56,4.2008,97.6686,2.6923,2.6366,90.6911,26.7209,0.6048,0.700897911,0.000518977,0,0.870907128,0.066401544,0.005671078,69,0.483250558,0,33.1751874,2
P3429,2023,688357.2035,3822073.56,2.1004,0,1,1,100,0,0,0.996219282,0.003780718,0,0.931508601,0.089182285,0,3,1.033843756,0,29.60605406,2
P3441,2023,695257.2035,3824833.56,4.2008,49.1493,1.619,1.5451,96.8974,49.4352,0.4531,0.719297513,0.107589926,0,0.87923789,0.112244448,0,72,1.1269238,0,35.05792069,2
P3455,2023,694567.2035,3828973.56,4.2008,37.1771,1.8148,1.5382,93.3535,38.0318,0.64,0.316157036,0.018945499,0,0.763935447,0.043570188,0.196721244,246,0.734585106,0,36.47127754,4
P3465,2023,720787.2035,3807583.56,2.1004,61.1216,1.9545,1.9545,95.354,57.2904,0.3337,0.876154597,0.017013233,0,0.84718895,0.098965885,0,44,0.838019073,0,32.88139704,2
P3468,2023,694567.2035,3840703.56,6.3012,63.012,2.0541,1.9328,93.6378,28.8475,0.6668,0.613043851,0.007561437,0,0.815550983,0.114636401,0.095370364,175,1.505095005,0,35.21089741,4
P3474,2023,684907.2035,3824143.56,2.1004,33.3963,1.4545,1.4545,97.7728,62.1449,0.3458,0.471539503,0.414065057,0,0.747270942,0.051893423,0,39,0.517433524,0,34.72726948,2
P3483,2023,678007.2035,3820003.56,6.3012,57.971,1.8857,1.5622,94.6274,28.9885,0.6808,0.585905896,0.005671078,0,0.955757678,0.052820198,0.263300533,249,1.815838218,0,32.93613196,4
P3486,2023,715267.2035,3832423.56,23.1044,120.3529,3.8333,1.9797,78.8557,16.5662,0.6762,0.400129362,0.009797891,0,0.755976439,0.077073813,0.001890359,47,2.753846884,0,35.49963448,3
P3494,2023,696637.2035,3840703.56,12.6024,46.6289,3.4286,1.6862,57.5,62.9627,0.2999,0.092497638,0.001890359,0,0.747691631,0.060721345,0.125877046,309,1.703149319,1.032147877,38.93826369,3
P3513,2023,738037.2035,3801373.56,10.502,52.9301,2.7619,2.0005,80.2139,45.0848,0.4956,0.189419156,0.00282658,0,0.833862722,0.131850212,0.016929417,122,2.000453711,0,36.48841111,3
P3552,2023,693877.2035,3846913.56,21.004,104.5999,4.0455,1.948,68.3962,32.4466,0.5284,0.057605088,0.164521074,0,0.7006827,0.108365212,0.024574669,112,4.287418842,0,37.30048605,3
P3570,2023,681457.2035,3827593.56,8.4016,70.5734,2.1463,1.7476,93.9974,38.4824,0.5284,0.769509513,0.018240974,0,0.759475946,0.091139258,0.048111384,52,0.650805831,1.067846179,35.20907206,3
P3573,2023,693877.2035,3801373.56,2.1004,63.6421,1.8837,1.8837,95.5968,49.86,0.4116,0.440512499,0.417550349,0,0.795009136,0.080229924,0,65,1.166710258,0,36.01832935,2
P3579,2023,691117.2035,3834493.56,2.1004,25.8349,1.2667,1.2667,98.7328,73.2008,0.2335,0.926817126,0.010675299,0,0.824277103,0.085207899,0.001890359,18,2.746479034,0,31.63237406,3
P3581,2023,678697.2035,3819313.56,2.1004,0,1,1,100,0,0,0.996219282,0.003780718,0,0.9594329,0.06845462,0,12,2.467551708,0,30.36840099,3
P3602,2023,715957.2035,3833803.56,10.502,68.0529,2.9524,1.7664,78.534,41.3596,0.5009,0.169619419,0.025946051,0,0.723230302,0.087841648,0.034760231,143,4.260814667,7.469284988,36.48347626,3
P3612,2023,683527.2035,3827593.56,2.1004,5.041,1,1,100,90.0603,0.1011,0.978426137,0.004633124,0,0.822029412,0.083182462,0,27,0.504669845,0,33.55507621,2
P3613,2023,701467.2035,3801373.56,10.502,19.5337,2.2222,1.0784,56,82.4837,0.1421,0.025583383,0.009451796,0,0.609903276,0.073583774,0.553613776,804,8.392255783,2.380842553,39.88913218,4
P3615,2023,664897.2035,3802063.56,8.4016,38.4373,2.8,1.6831,70.9677,62.1665,0.3296,0.09411305,0.009785224,0,0.736457229,0.041399596,0.02362053,127,0.957493782,0,38.73110218,3
P3631,2023,709057.2035,3807583.56,8.4016,74.9842,2.7143,2.0788,85.8824,27.7432,0.6461,0.340760651,0.014478174,0,0.728621542,0.099381857,0.031223875,153,5.152614594,1.288873246,37.61081135,3
P3632,2023,698017.2035,3823453.56,10.502,68.0529,3.0833,2.6476,79.3388,36.014,0.5639,0.227362602,0.034503534,0,0.740706444,0.072425783,0.17640567,195,1.84133172,1.509534115,38.16908382,4
P3634,2023,696637.2035,3822073.56,14.7028,40.3277,3,1.2091,63.3803,66.2064,0.2773,0.054127212,0.018384615,0,0.720557988,0.032184287,0.062053676,305,5.133106709,0,39.48492057,3
P3648,2023,698017.2035,3825523.56,10.502,99.5589,2.7805,2.1289,90.6769,33.235,0.5284,0.650647042,0.123326426,0,0.842688143,0.098387874,0,45,1.270605922,0,34.46595652,2
P3653,2023,696637.2035,3828973.56,8.4016,109.0107,3.0513,2.6996,88.3212,23.1317,0.6236,0.523046448,0.160393247,0,0.79566586,0.090364814,0,27,0.739136636,0,33.68106702,2
P3673,2023,715267.2035,3834493.56,8.4016,92.6276,3.4783,3.106,75.5365,32.166,0.5533,0.229585865,0.013895132,0,0.738569498,0.125325311,0.403402951,208,3.96024251,1.297404147,38.66468029,5
P3677,2023,695947.2035,3811723.56,6.3012,16.3831,1.8571,1.1867,53.8462,87.4136,0.0937,0.017013233,0.001890359,0,0.691432655,0.058867603,0.003780718,312,10.13034248,100,39.21932233,3
P3679,2023,698017.2035,3827593.56,4.2008,103.9698,2.9024,2.5978,90.1391,33.4447,0.5187,0.740191365,0.04021652,0,0.871103585,0.074045402,0,40,0.726695657,0,33.49451059,2
P3689,2023,700087.2035,3831733.56,2.1004,37.1771,1.6444,1.6444,96.9506,71.5921,0.2231,0.916884023,0.02551089,0,0.863140106,0.065287788,0,58,0.641422987,0,30.26845056,2
P3695,2023,704227.2035,3809653.56,2.1004,2.5205,1,1,0,97.9788,0.0137,0.001890359,0.001037954,0,0.632726789,0.036982442,0.318884287,504,10.46594238,0,40.98837055,4
P3700,2023,693187.2035,3803443.56,6.3012,6.9313,1.5,1,0,95.0435,0.035,0.001371382,0.003780718,0,0.772465765,0.038704457,0.030346135,324,1.810930967,4.089936818,41.50256042,3
P3702,2023,696637.2035,3848293.56,25.2048,67.4228,4.1333,1.4054,45.977,57.8994,0.3171,0.089946493,0.011342155,0,0.708424866,0.086313603,0.005021126,114,1.742413163,0,36.62521114,2
P3711,2023,679387.2035,3821383.56,6.3012,39.6975,1.9565,1.4339,90.795,43.5028,0.5597,0.216309085,0.017865638,0,0.79753083,0.072644778,0.239021087,295,1.838117719,0.159436036,38.10090917,4
P3721,2023,706297.2035,3829663.56,14.7028,124.1336,3.5882,2.0113,83.6431,14.7395,0.6898,0.473029192,0.062381853,0,0.850651264,0.105776493,0,69,1.205277324,0,34.64547666,2
P3728,2023,689737.2035,3799303.56,14.7028,69.3132,3.4211,1.3961,71.0692,45.1861,0.4531,0.126348044,0.039220473,0,0.713672042,0.032000072,0.090695332,676,1.079349875,5.266230203,39.92040543,3
P3757,2023,720787.2035,3830353.56,8.4016,32.1361,2.5625,1.3422,77.6786,60.5433,0.3689,0.103335364,0.005485529,0,0.705284357,0.04761862,0,167,8.265919685,0,37.77048964,3
P3758,2023,710437.2035,3809653.56,4.2008,69.3132,2,1.9203,94.6524,35.3942,0.568,0.743659419,0.004114147,0,0.861584187,0.096101076,0,46,0.683544576,0,34.50241775,2
P3769,2023,696637.2035,3803443.56,14.7028,25.2048,2.5455,1.109,58.5366,76.5184,0.196,0.017204033,0.031122141,0,0.739431083,0.061579192,0.035439755,167,2.427064657,2.3883976,40.8212316,3
P3783,2023,713197.2035,3842083.56,4.2008,11.3422,1.4286,1,76.9231,88.6393,0.0937,0.01267163,0.005671078,0,0.765269101,0.105710414,0.01168825,141,2.84791851,0,37.48365919,3
P3784,2023,684907.2035,3818623.56,6.3012,57.3409,2.0625,1.7011,92.5764,28.4062,0.6904,0.41743441,0.03317406,0,0.78555578,0.112839535,0,167,47.4389534,0,34.90250147,5
P3811,2023,678007.2035,3801373.56,4.2008,40.9578,1.625,1.5602,95.6332,33.0111,0.6904,0.438643724,0.028976098,0,0.793879628,0.087117142,0.001890359,95,0.730848253,0,37.76055066,2
P3812,2023,717337.2035,3831043.56,21.004,47.8891,3.5,1.2157,46.4286,68.3055,0.2386,0.061613263,0.003780718,0,0.724051416,0.061023701,0.001890359,73,6.899031162,0,35.87998873,3
P3826,2023,671797.2035,3799993.56,10.502,81.9156,3.2273,2.6818,76.8868,36.2919,0.5284,0.178134994,0.037102658,0,0.714659452,0.049552092,0.004097241,138,1.363083482,0,37.34230558,2
P3827,2023,680077.2035,3813793.56,8.4016,22.0542,2.2222,1.3333,59.2593,81.3417,0.1485,0.031533314,0.001890359,0,0.711214662,0.042244342,0.047444528,414,4.283159733,1.993144974,39.61637864,3
P3844,2023,669727.2035,3800683.56,10.502,34.6566,2.7273,1.4198,55.814,74.0212,0.2016,0.029327445,0.024574669,0,0.727274835,0.06475029,0,202,0.718382001,0,39.07490554,2
P3848,2023,681457.2035,3833803.56,6.3012,68.683,2.8261,2.4073,82.1277,36.6416,0.5555,0.225472731,0.024574669,0,0.725235581,0.112954081,0,23,1.046020269,0,35.64564004,2
P3897,2023,722167.2035,3829663.56,33.6064,102.0794,4.4,1.3245,59.5238,38.4844,0.4679,0.098644772,0.081470993,0,0.684632242,0.064186646,0.42696313,162,6.202931881,1.146227527,38.82753772,4
P3906,2023,684907.2035,3799993.56,14.7028,56.7108,3.7143,1.7724,52.5,61.1462,0.2999,0.032975844,0.050204198,0,0.701808333,0.049112275,0.009768319,611,0.754308641,0,38.33542747,3
P3910,2023,687667.2035,3826903.56,12.6024,107.7505,3.2778,1.7412,86.6013,19.4635,0.6676,0.290518784,0.318371907,0,0.812985241,0.051996954,0.024574669,189,0.650805831,0,34.92129361,3
P3925,2023,684217.2035,3799303.56,16.8032,44.7385,2.8571,1.233,64.8649,64.5121,0.2865,0.081458326,0.002367429,0,0.787434518,0.029613542,0.240552684,342,0.71227479,0,39.59836254,4
P3930,2023,690427.2035,3823453.56,14.7028,72.4638,2.5152,1.558,89.605,24.4915,0.6927,0.479079271,0.003261741,0,0.754941702,0.075883917,0.06805293,348,0.726220727,0,35.95293636,3
P3937,2023,718027.2035,3811723.56,16.8032,81.9156,3.8889,1.6263,61.7647,46.4093,0.4149,0.143709204,0.001890359,0,0.758423805,0.084275193,0.119945033,304,1.372560978,0,39.27059135,3
P3938,2023,692497.2035,3839323.56,14.7028,76.8746,3.2,1.8412,79.7048,31.744,0.5927,0.268252869,0.011342155,0,0.812705517,0.046432875,0.011342155,109,0.666258037,0,35.75756553,2
P3944,2023,688357.2035,3828973.56,8.4016,134.8456,3.6579,3.4726,84.4615,17.0229,0.6473,0.595482069,0.059519436,0,0.815649688,0.078172517,0.02268431,92,0.839705586,4,36.30310803,3
P3946,2023,693187.2035,3838633.56,16.8032,111.5312,3.6452,1.816,80.7963,17.3453,0.6841,0.423339245,0.017013233,0,0.843287051,0.032708679,0,68,0.660918713,0,34.37888121,2
P3959,2023,661447.2035,3816553.56,4.2008,5.041,1.25,1,50,95.412,0.035,0.004818672,0.001890359,0,0.693862081,0.018005912,0,194,0.612223566,0,37.58970166,2
P3960,2023,718027.2035,3828973.56,6.3012,89.477,2.9667,2.685,85.25,22.2295,0.6755,0.141857907,0.254666844,0,0.701700389,0.080548566,0,169,16.42222977,0,36.73897692,4
P3966,2023,691117.2035,3842083.56,23.1044,55.4505,3.3571,1.3496,54.1667,62.9754,0.2819,0.064040517,0.020793951,0,0.675456524,0.078568337,0.183476882,168,4.506139755,0,38.17129482,4
P3979,2023,723547.2035,3808963.56,14.7028,95.7782,4.1,2.1073,63.9535,38.8454,0.4736,0.179906227,0.003780718,0,0.774370193,0.085646818,0.003780718,159,1.150799155,0,37.66082193,2
P3992,2023,709747.2035,3829663.56,6.3012,48.5192,2.6,2.1979,71.7647,61.4608,0.3129,0.003780718,0.090260171,0,0.706952274,0.057006381,0.043001191,313,3.519261837,1.927931018,39.63781161,3
P3993,2023,720787.2035,3829663.56,12.6024,41.5879,2.8,1.3914,70.9677,61.464,0.3296,0.077994462,0.028713818,0,0.682914555,0.038145811,0.133345177,186,9.924420357,1.443224881,36.87320414,4
P3994,2023,718717.2035,3828973.56,6.3012,98.9288,3.2069,3.0051,83.4625,20.8491,0.6702,0.102446302,0.278240215,0,0.697830617,0.082650333,0.031259711,205,18.93313408,0.337647743,37.95558591,4
P3998,2023,689047.2035,3836563.56,2.1004,42.8481,1.7333,1.7333,96.5227,70.0675,0.2283,0.913668427,0.023203287,0,0.83578521,0.049167242,0,12,1.949653506,0,31.47887249,3
P4003,2023,685597.2035,3824833.56,12.6024,92.6276,3,1.9812,86.6126,20.1087,0.6931,0.188697237,0.315953274,0,0.760043085,0.041142104,0.004299695,54,0.486400902,0,35.30276449,2
P4006,2023,676627.2035,3831043.56,6.3012,68.683,2,1.9005,94.7761,41.1718,0.5009,0.781457686,0.018903592,0,0.735759616,0.096949283,0,22,1.288381696,0,34.64290384,2
P4020,2023,694567.2035,3840013.56,16.8032,126.0239,3.6111,2.7259,84.0136,15.6053,0.6769,0.583334475,0.005671078,0,0.850187719,0.069505957,0.006148147,57,0.671096921,0,34.16460178,2
P4026,2023,725617.2035,3834493.56,18.9036,60.4915,3.6667,1.6843,54.023,58.9191,0.3171,0.092891712,0.005194008,0,0.761372507,0.06352431,0.168389845,367,3.753188849,0.697040369,35.795439,4
P4036,2023,701467.2035,3835183.56,2.1004,63.6421,2.1707,2.1707,93.8854,40.2116,0.526,0.77815587,0.005671078,0,0.960859001,0.050218409,0,29,0.335740834,0,32.53969968,2
P4047,2023,696637.2035,3830353.56,10.502,86.3264,2.6111,1.7767,90.2357,22.9284,0.6748,0.531499352,0.065741089,0,0.762935221,0.027445677,0,103,0.720934153,0,31.01284392,2
P4054,2023,693877.2035,3825523.56,2.1004,39.6975,1.6667,1.6667,96.8119,68.8434,0.2486,0.885628549,0.043938425,0,0.880759656,0.062475227,0,22,0.729186356,0,31.89689604,2
P4057,2023,708367.2035,3830353.56,4.2008,131.695,3.6286,3.563,84,14.3318,0.6814,0.530594205,0.043836691,0,0.794843256,0.070673234,0,61,2.084598541,0,34.76416541,3
P4060,2023,691117.2035,3824833.56,6.3012,49.7795,2.2083,2.027,88.8462,39.0112,0.5817,0.235265419,0.020793951,0,0.804383516,0.072338171,0.01564185,171,0.650805831,0,38.34236477,3
P4068,2023,718717.2035,3833803.56,14.7028,92.6276,3.4783,1.8631,75.5365,32.166,0.5533,0.146224512,0.096092808,0,0.682160735,0.088399156,0.141639893,102,15.58168697,0,36.9433453,4
P4083,2023,680767.2035,3822073.56,18.9036,110.9011,3.8696,1.9986,72.1519,28.7945,0.5576,0.194247843,0.053449034,0,0.75238198,0.029421034,0.041259725,270,1.785513639,0,35.85191498,3
P4085,2023,695257.2035,3851053.56,25.2048,44.7385,3.3846,1.1431,49.1803,67.5049,0.2535,0.067163869,0.003780718,0,0.739966989,0.107852599,0.001890359,92,2.343220711,0,36.59536634,2
P4096,2023,691807.2035,3835873.56,4.2008,49.7795,1.7381,1.6118,96.1823,46.3166,0.4903,0.791638484,0.013232514,0,0.876686573,0.112484603,0.003780718,71,1.215157032,0,33.62834378,3
P4097,2023,678007.2035,3826213.56,14.7028,107.7505,3.5333,1.9018,81.4634,18.4675,0.6789,0.159117527,0.26535399,0,0.696378589,0.087120251,0.047258979,120,0.904587626,2.727272727,36.7317483,3
P4098,2023,686287.2035,3843463.56,16.8032,30.8759,3.2222,1.3083,25.9259,79.8471,0.1485,0.019398579,0.018009279,0,0.627048492,0.091616912,0.182860362,295,2.095438957,0.267034907,38.40203898,3
P4101,2023,684217.2035,3837943.56,6.3012,22.6843,2.25,1.4333,54.5455,82.9088,0.129,0.024574669,0.003780718,0,0.673789501,0.062473224,0.11701672,232,1.953968525,1.018643818,38.63918825,3
P4118,2023,691807.2035,3825523.56,8.4016,116.5721,3.0256,2.7734,88.4672,21.9049,0.6236,0.639891299,0.050264024,0,0.831897378,0.09577466,0,57,0.650805831,0,34.25423785,2
P4124,2023,706297.2035,3807583.56,16.8032,31.506,3.1111,1.2421,34.4828,79.008,0.1547,0.018093094,0.017865638,0,0.702848911,0.050988374,0.020793951,114,7.717697144,0,38.79069637,3
P4125,2023,704227.2035,3838633.56,18.9036,48.5192,3.3846,1.3667,53.7313,65.472,0.2679,0.079581647,0.003780718,0,0.74283427,0.102309531,0.067993104,105,0.785072327,1.81992718,38.68129824,3
P4126,2023,690427.2035,3830353.56,6.3012,5.6711,1.5,1,0,95.423,0.035,0.002928313,0.004299695,0,0.665519714,0.050522436,0.14205054,537,0.921728313,0.269742684,40.46414935,3
P4130,2023,682837.2035,3824143.56,4.2008,69.9433,2.1395,1.9009,94.4,50.5908,0.3908,0.791868872,0.075858728,0,0.816675127,0.040899383,0,42,0.702339709,0,31.5212681,2
P4131,2023,698707.2035,3797233.56,18.9036,58.6011,3.75,1.7331,60.7143,54.5734,0.3689,0.112783447,0.011759398,0,0.778926194,0.060135116,0.005671078,85,0.739901364,0,37.67376063,2
P4136,2023,698017.2035,3802063.56,27.3052,124.7637,4.7391,1.8683,61.7778,28.1214,0.5445,0.18820143,0.045815104,0,0.738505304,0.092676897,0.033363847,107,3.470477819,5.861031281,36.97377427,3
P4143,2023,702157.2035,3800683.56,12.6024,44.7385,2.8462,1.2756,65.2174,65.7246,0.2726,0.043937412,0.032136106,0,0.631049514,0.048893039,0.438390445,1114,3.640836716,0.110524796,41.85139809,4
P4154,2023,691807.2035,3836563.56,2.1004,59.8614,1.9773,1.9773,95.3261,60.6376,0.2999,0.843284725,0.062238211,0,0.886694312,0.056271839,0.012713537,32,0.995705962,0,33.35447136,3
P4156,2023,706987.2035,3831733.56,6.3012,32.1361,1.7826,1.5012,92.2078,46.4098,0.5512,0.222468066,0.007102286,0,0.787424862,0.042496018,0.045035192,100,0.761731982,59.41205488,34.85610437,3
P4166,2023,707677.2035,3815173.56,29.4056,101.4493,4.2857,1.5208,64.6154,34.9896,0.5061,0.047592407,0.150548197,0,0.68176806,0.091621849,0.014084919,293,5.688835621,0,38.93396729,3
P4168,2023,690427.2035,3844153.56,2.1004,2.5205,1,1,0,97.9788,0.0137,0.001890359,0.000477069,0,0.633344054,0.065353115,0.683189263,1645,8.426388741,0.167407389,42.62933909,4
P4181,2023,704917.2035,3815863.56,6.3012,30.2457,2.1538,1.3351,75.4098,70.5104,0.2535,0.060246119,0.005671078,0,0.737023711,0.050938643,0.138199686,441,4.664946079,0,39.5065344,4
P4191,2023,694567.2035,3806893.56,4.2008,28.9855,2.0909,1.8036,73.3333,74.7291,0.2071,0.049149338,0.003780718,0,0.635957897,0.090807332,0.719101849,1274,6.921943188,0.609632575,45.81125045,5
P4192,2023,686977.2035,3843463.56,21.004,78.1348,3.6667,1.5456,66.1972,46.113,0.4248,0.13751915,0.012755445,0,0.663720548,0.122181994,0.059251085,384,1.978635669,0.659112706,37.67189323,3
P4217,2023,716647.2035,3828973.56,10.502,64.9023,3.4667,1.8943,61.8557,56.2283,0.3378,0.001890359,0.104446824,0,0.680417061,0.050032401,0.137673626,224,17.71219444,0,37.88822421,4
P4219,2023,691117.2035,3840013.56,8.4016,86.9565,3.2308,1.7484,81.2903,27.0039,0.625,0.324053439,0.004257788,0,0.789672434,0.030828892,0.016995314,220,0.713320494,0,35.63713411,3
P4225,2023,722857.2035,3824143.56,4.2008,5.041,1.3333,1,0,96.3452,0.0249,0.001890359,0.001890359,0,0.655064285,0.03032561,0.499490995,893,18.20276642,0.075978969,39.27614906,4
P4230,2023,681457.2035,3822763.56,2.1004,30.2457,1.4889,1.4889,97.6818,72.6241,0.2283,0.878349337,0.063633583,0,0.816209793,0.121448694,0,10,1.263282776,0,31.06602942,2
P4237,2023,673867.2035,3815173.56,4.2008,25.8349,1.3778,1.2254,98.1934,72.0234,0.2486,0.921999467,0.009433877,0,0.860359788,0.062813972,0,4,0.705035686,0,31.27548114,2
P4243,2023,687667.2035,3796543.56,6.3012,34.6566,1.7619,1.5603,91.3514,50.1875,0.493,0.183726495,0.001890359,0,0.817016244,0.060250783,0.000954139,129,0.448379189,0,37.87169862,2
P4261,2023,682147.2035,3821383.56,2.1004,13.8626,1.0889,1.0889,99.5676,72.6929,0.2865,0.913358169,0.003780718,0,0.845115125,0.094181988,0,33,2.985413074,0,30.12085769,3
P4265,2023,686977.2035,3842083.56,21.004,148.7083,4.5,2.4287,73.6181,12.5533,0.6748,0.389031569,0.014168735,0,0.727121234,0.108293285,0.075947795,142,1.489941001,0,35.01393459,3
P4279,2023,695257.2035,3822763.56,14.7028,128.5444,3.6286,2.4594,83.3031,14.272,0.6873,0.394742196,0.148444061,0,0.771013916,0.064683282,0,47,3.309788227,0,36.16956045,3
P4286,2023,698017.2035,3822763.56,12.6024,57.971,2.2333,1.5866,91.0194,29.0994,0.6796,0.337818658,0.081780432,0,0.731267869,0.084191208,0.119927114,241,2.558764935,1.247726666,39.03853003,4
P4287,2023,681457.2035,3826213.56,2.1004,11.3422,1.1739,1.1739,99.1968,89.9533,0.0784,0.975800667,0.008557483,0,0.829084039,0.06101892,0,49,0.521445394,0,31.74259559,2
P4293,2023,720097.2035,3829663.56,4.2008,121.6131,3.3889,3.2313,85.8086,16.9076,0.6702,0.566582177,0.034026465,0,0.683176041,0.074194952,0.005688996,153,11.63529968,14.2548883,35.01245792,4
P4299,2023,673177.2035,3813103.56,8.4016,109.0107,3.0526,2.6614,88.4615,22.4944,0.6307,0.591614165,0.072292799,0,0.776593924,0.12252359,0.004716939,31,2.221021175,0,32.97396106,3
P4303,2023,676627.2035,3799993.56,8.4016,20.794,1.9286,1.1473,81.9444,70.7137,0.2819,0.078853951,0.007228008,0,0.774706006,0.033779753,0.217850455,263,1.015571952,0.353223056,39.1137434,4
P4345,2023,695947.2035,3800683.56,8.4016,107.7505,3.0303,2.2508,86.1856,17.2499,0.6929,0.407596149,0.082012127,0,0.777569771,0.052896084,0,111,1.241668224,0,36.18959308,2
P4349,2023,719407.2035,3835183.56,4.2008,7.5614,1.5,1.2222,0,94.8585,0.035,0.000518977,0.005671078,0,0.631893992,0.080758709,0.395974128,142,23.23622704,0.192798668,38.73993872,4
P4355,2023,698707.2035,3823453.56,2.1004,73.0939,2.2273,2.2273,94.0659,56.6515,0.3213,0.728085871,0.169238012,0,0.7631253,0.07081798,0.007561437,49,1.64442265,0,35.50733155,3
P4366,2023,693877.2035,3834493.56,16.8032,89.477,3.3125,1.6313,84.0517,20.8904,0.6912,0.444519854,0.023393074,0,0.864253223,0.048724851,0.017865638,66,0.565324962,0,33.64396376,3
P4367,2023,684907.2035,3817933.56,8.4016,35.2867,2.1765,1.3348,84,57.759,0.3943,0.111774208,0.01360785,0,0.615764916,0.073555442,0.032739911,711,56.55601883,4.662966435,39.26793626,5
P4383,2023,693877.2035,3822073.56,2.1004,6.3012,1.4,1.4,71.4286,92.7134,0.0621,0.01048975,0.00344729,0,0.718727827,0.023865806,0.215013567,442,2.974085569,1.113769961,42.04431331,4
P4385,2023,687667.2035,3820003.56,2.1004,38.4373,1.6444,1.6444,96.8917,67.4288,0.2679,0.900912982,0.021312928,0,0.917025268,0.092088229,0,18,16.27263641,0,29.04542614,4
P4406,2023,705607.2035,3831043.56,4.2008,73.0939,2.1429,1.6566,94.2857,44.7317,0.4501,0.820009958,0.011342155,0,0.846282601,0.090169215,0,159,0.768309772,0,31.66358899,2
P4413,2023,682837.2035,3822763.56,2.1004,120.3529,3.3415,3.3415,87.6765,29.7575,0.5331,0.510755406,0.263856691,0,0.797254682,0.032488198,0,33,1.043546319,0,32.96182136,2
P4414,2023,693877.2035,3837253.56,10.502,101.4493,3.1667,1.6625,86.8243,19.9182,0.6755,0.560423721,0.034359893,0,0.866627932,0.043718854,0.001890359,89,0.649086416,0,33.13030844,2
P4418,2023,714577.2035,3868993.56,4.2008,19.5337,2.2857,1.9167,47.0588,85.4475,0.1083,0.02127102,0.001890359,0,0.720067501,0.079710448,0.037372022,116,1.174009562,4.295372832,39.80350949,3
P4419,2023,699397.2035,3796543.56,6.3012,57.971,2,1.3803,94.5607,35.6236,0.598,0.67926389,0.034993271,0,0.808522284,0.111962744,0.004734857,46,0.98700583,0,35.45836272,2
P4438,2023,680077.2035,3818623.56,4.2008,80.0252,2.2857,2.2352,93.4625,41.6655,0.4708,0.711872827,0.109795795,0,0.790968001,0.139071513,0,43,8.143885612,0,34.18918026,3
P4446,2023,698707.2035,3817243.56,10.502,16.3831,2.1429,1.1,38.4615,87.4988,0.0937,0.020478441,0.001371382,0,0.730130911,0.051443812,0.086378538,831,4.632335663,0.447484887,38.81866651,3
P4452,2023,718027.2035,3833803.56,6.3012,23.3144,2.2222,1.6218,56,81.6257,0.1421,0.029291608,0.001371382,0,0.739573002,0.088019551,0.009970773,142,13.04210281,0,39.27136911,3
P4465,2023,675247.2035,3814483.56,8.4016,97.0384,2.9459,2.2722,88.48,21.9753,0.6612,0.545495693,0.069943289,0,0.905245245,0.05692253,0,64,1.263673544,0,35.03326987,2
P4485,2023,686977.2035,3837253.56,18.9036,143.0372,4.3125,3.2903,76.7544,11.882,0.6901,0.366113732,0.095496086,0,0.720071971,0.118279221,0.136083703,82,1.3966223,0.869712954,34.33570213,4
P4498,2023,693877.2035,3831733.56,2.1004,26.465,1.3182,1.3182,98.4547,65.3248,0.3296,0.877125834,0.021067553,0,0.760397851,0.109442325,0,52,1.044242144,0,31.21141534,2
P4506,2023,694567.2035,3801373.56,10.502,143.6673,3.8919,3.7077,82.5449,13.9844,0.6668,0.493639427,0.115044378,0,0.787098765,0.103713145,0,65,1.122117758,0,35.84073441,2
P4512,2023,676627.2035,3828973.56,21.004,73.724,4.2941,1.5651,52.1368,51.0165,0.38,0.065522109,0.055339393,0,0.713044941,0.059171987,0.018903592,171,1.000262856,0,37.90907729,3
P4516,2023,693877.2035,3846223.56,27.3052,77.5047,3.6111,1.5512,63.8462,48.0409,0.4048,0.121030146,0.018384615,0,0.651193023,0.085732553,0.139029935,245,5.017190933,0,38.58321867,4
P4517,2023,706987.2035,3832423.56,12.6024,98.2987,3.1351,1.6889,87.5591,22.185,0.6562,0.566291182,0.071338661,0,0.811496496,0.08004965,0,24,0.655060172,0,33.39177163,2
P4540,2023,677317.2035,3831043.56,18.9036,76.2445,3.2609,1.7382,76.4706,36.3446,0.54,0.191222523,0.028355388,0,0.732308149,0.126565685,0.008515575,111,1.288027525,0,38.56917493,2
P4542,2023,711817.2035,3835183.56,12.6024,128.5444,3.6667,2.2761,79.798,15.4758,0.6741,0.317538433,0.08510807,0,0.683049083,0.107360649,0.017013233,60,1.140483975,16,36.73648521,3
P4548,2023,706987.2035,3846913.56,6.3012,7.5614,1.5,1,0,94.8585,0.035,0.003780718,0.001890359,0,0.832551837,0.098650269,0.107783951,145,2.879008532,6.627702164,36.92611619,3
P4551,2023,689737.2035,3822763.56,4.2008,45.3686,2.05,1.9975,94.385,41.371,0.568,0.740084574,0.004716939,0,0.898316622,0.077000395,0,92,0.703643858,0,34.18050859,2
P4552,2023,706987.2035,3816553.56,4.2008,11.9723,1.625,1.3673,75,86.0985,0.1222,0.013394074,0.018009279,0,0.653600156,0.043184346,0.149338374,413,5.101655006,0.519480519,39.42528553,4
P4585,2023,702157.2035,3839323.56,8.4016,53.5602,2.5,1.6409,82.9545,46.3516,0.4793,0.184444701,0.001890359,0,0.713280737,0.099898777,0.034938696,161,0.976893365,0,37.44777127,3
P4596,2023,680077.2035,3825523.56,4.2008,146.1878,3.825,3.6656,84.8525,23.0577,0.57,0.319257936,0.422620514,0,0.790538967,0.090999461,0,12,0.871764779,0,35.36424616,2
P4613,2023,687667.2035,3844153.56,2.1004,5.6711,1.1667,1.1667,91.6667,90.9958,0.0862,0.01908914,0.000518977,0,0.621626318,0.085775611,0.160280679,692,3.639196873,1.253313775,38.72240005,4
P4617,2023,678007.2035,3816553.56,2.1004,30.2457,1.4889,1.4889,97.7202,76.4147,0.1846,0.929984218,0.022225159,0,0.761527956,0.052663872,0,9,1.310412049,0,28.10811697,2
P4620,2023,689047.2035,3825523.56,2.1004,41.5879,1.6818,1.6818,96.6368,59.1903,0.3575,0.792323785,0.095619977,0,0.892702878,0.037900723,0,32,0.648456752,0,32.01961369,2
P4622,2023,692497.2035,3804133.56,6.3012,39.6975,2.5385,1.8525,67.2131,68.4119,0.2535,0.068529999,0.001890359,0,0.740492284,0.042230347,0.055484047,264,3.2830863,0.705440975,42.73946376,3
P4642,2023,671797.2035,3811723.56,21.004,70.5734,3.7059,1.4871,63.2,50.157,0.3943,0.025468982,0.112211727,0,0.688352525,0.034076098,0.060783014,145,2.763428211,0,38.09219568,3
P4652,2023,685597.2035,3827593.56,2.1004,47.259,1.8837,1.8837,95.6472,54.8472,0.3943,0.75704747,0.107180098,0,0.826869071,0.063640032,0.010823178,51,0.532236755,137.8433513,32.87266065,3
P4653,2023,689047.2035,3827593.56,6.3012,52.2999,2.025,1.7454,94.4892,39.1813,0.572,0.727299888,0.019917556,0,0.797941267,0.059922581,0,73,0.650805831,0,33.89777477,2
P4658,2023,701461.1514,3799319.412,8.8889,113.3333,3.5517,2.2747,80.5774,17.6288,0.6769,0.313956022,0.099598757,0,0.609932244,0.102111968,0.063048428,275,2.299051285,0,39.9376118,3
P4663,2023,690427.2035,3835873.56,2.1004,9.4518,1.1522,1.1522,99.3014,92.6429,0.0535,0.984214509,0.005295742,0,0.86269474,0.080731427,0,6,2.401431561,0,31.45874295,3
P4675,2023,686977.2035,3799993.56,14.7028,37.1771,2.7143,1.3605,71.4286,64.2404,0.3086,0.074433785,0.019672182,0,0.729580224,0.048878225,0.118067341,385,0.841332078,0.325427489,39.06270105,3
P4677,2023,718027.2035,3834493.56,16.8032,117.2023,3.6452,2.7225,81.6555,15.9968,0.6885,0.358509862,0.089753041,0,0.723390102,0.150162944,0.002367429,76,19.93753433,0,35.02040155,4
P4691,2023,682147.2035,3825523.56,2.1004,0,1,1,100,0,0,0.696689603,0.303310397,0,0.763472438,0.035499343,0,25,0.534258068,0,33.28442919,2
P4692,2023,706987.2035,3815173.56,12.6024,28.9855,2.5455,1.2444,65.3061,73.7946,0.2178,0.001371382,0.057557109,0,0.685700655,0.054511556,0.023722264,243,5.990431786,0,39.82928957,3
P4704,2023,684907.2035,3801373.56,6.3012,80.0252,2.2162,1.8818,92.9797,26.0353,0.6529,0.624652193,0.017013233,0,0.831074476,0.068542977,0,59,0.909402072,0,35.06838372,2
P4708,2023,692497.2035,3800683.56,14.7028,57.971,2.3,1.5798,90.1515,29.5264,0.6741,0.402082393,0.009785224,0,0.752696931,0.051753605,0.001890359,110,1.397730231,0,35.73980367,2
P4712,2023,691807.2035,3840013.56,16.8032,71.8336,3.381,1.3914,74.0933,40.3336,0.5035,0.200630862,0.007603344,0,0.778834879,0.024114611,0.013751491,166,0.722723961,0,35.9364286,2
P4714,2023,665587.2035,3804823.56,8.4016,34.6566,2.08,1.2594,90.2527,41.9763,0.598,0.276892822,0.005295742,0,0.741916895,0.031224968,0.002367429,240,1.064220786,0,37.36659013,2
P4715,2023,699397.2035,3837943.56,8.4016,110.271,2.95,2.5509,89.2562,26.0217,0.5891,0.729430039,0.001890359,0,0.864122748,0.172522092,0.009451796,73,0.654858589,0,33.67249227,2
P4730,2023,684907.2035,3826903.56,6.3012,79.3951,2.5897,1.588,91.3529,30.84,0.598,0.599258356,0.119402067,0,0.834249616,0.049757099,0.001890359,56,0.46860823,0,33.96386857,2
P4734,2023,695257.2035,3802753.56,14.7028,136.1059,3.7059,1.9299,82.5095,12.7555,0.6914,0.404947509,0.120499846,0,0.801766515,0.103431307,0,66,1.289677858,0,35.81174998,2
P4735,2023,707677.2035,3829663.56,16.8032,83.8059,3.04,1.663,81.1808,30.3917,0.5927,0.227767998,0.061499387,0,0.720521212,0.05675132,0.025015902,109,1.410980463,100,36.52516789,3
P4746,2023,715267.2035,3815863.56,21.004,37.1771,3.4444,1.1157,18.5185,78.8422,0.1485,0.031988226,0.005671078,0,0.736598253,0.081813906,0.129194374,264,2.107410669,1.243320569,38.94653609,3
P4764,2023,682837.2035,3823453.56,6.3012,63.012,2.025,1.9203,94.4595,36.1988,0.5759,0.672688485,0.058255039,0,0.767194152,0.038136023,0,59,0.831799328,0,32.03695425,2
P4772,2023,720097.2035,3808273.56,10.502,99.5589,2.6829,2.3207,91.0039,31.5658,0.5468,0.734280164,0.019941546,0,0.838127375,0.087995926,0,41,0.977395236,0,33.39410856,2
P4795,2023,701467.2035,3832423.56,4.2008,30.8759,1.4545,1.2131,97.7876,63.8057,0.3337,0.892027322,0.002928313,0,0.912614763,0.073313274,0,79,0.650805831,0,31.02737738,2
P4799,2023,697327.2035,3803443.56,6.3012,35.9168,2.4118,1.6168,78.7611,59.2804,0.3726,0.113286338,0.017717758,0,0.705139697,0.054064656,0.077522644,224,3.24021244,0,39.83759722,3
P4804,2023,691807.2035,3831043.56,8.4016,17.6434,2.375,1.2292,54.1667,83.4918,0.1356,0.009487633,0.024317972,0,0.61421752,0.045222493,0.330132318,584,0.992564619,0.925678663,40.60393987,4
P4810,2023,700087.2035,3824143.56,12.6024,115.942,3.4242,2.2774,83.5729,15.8109,0.693,0.275674571,0.21275211,0,0.809746921,0.071931617,0,41,1.171864867,0,36.31278083,2
P4820,2023,680077.2035,3814483.56,2.1004,74.9842,2.2564,2.2564,93.1276,31.4246,0.6015,0.700033852,0.009451796,0,0.832851827,0.082883357,0,91,3.963624716,0,34.6912536,3
P4821,2023,695947.2035,3847603.56,23.1044,105.8601,4.3913,1.5667,67.6349,29.1978,0.5618,0.206681182,0.041110832,0,0.771174133,0.064365704,0.001890359,54,2.091636896,0,34.7516502,2
P4822,2023,683527.2035,3822763.56,14.7028,117.2023,3.4444,2.0185,85.6209,17.853,0.6676,0.475323067,0.13896168,0,0.788988769,0.038332119,0,45,0.980515242,0,32.44043223,2
P4831,2023,686287.2035,3797923.56,4.2008,19.5337,1.1778,1.1331,99.1641,77.0288,0.2071,0.941704066,0.012254386,0,0.884670317,0.129289622,0,48,0.540784776,0,32.77321407,2
P4833,2023,702847.2035,3815863.56,4.2008,20.1638,1.4211,1.3121,94.7712,58.5443,0.4439,0.144244267,0.01985773,0,0.763881564,0.098685863,0.010340857,247,2.301410198,0,37.69568027,3
P4835,2023,718717.2035,3832423.56,21.004,51.6698,3.5833,1.2955,44.6429,67.6722,0.2386,0.032988511,0.029768677,0,0.674075603,0.098271892,0.331545608,108,7.090754986,0.955865158,36.63548622,4
P4840,2023,716647.2035,3810343.56,2.1004,56.7108,1.9524,1.9524,95.1574,46.3156,0.4708,0.821264046,0.003780718,0,0.795675397,0.122096552,0.005194008,55,0.980312049,0,34.01045536,2
P4852,2023,695947.2035,3832423.56,4.2008,78.1348,2.381,2.3302,92.8395,40.0651,0.493,0.788662193,0.016017186,0,0.904275417,0.057261928,0,72,0.610401988,0,31.45155712,2
P4861,2023,684907.2035,3840013.56,6.3012,147.448,3.9211,3.1968,83.1307,15.8042,0.6425,0.619141662,0.037372022,0,0.84371686,0.109167368,0,44,1.912413597,0,32.85845993,3
P4870,2023,702847.2035,3825523.56,6.3012,19.5337,2.25,1.4667,54.5455,83.6194,0.129,0.00141329,0.024472936,0,0.702214658,0.030979803,0.140762973,445,3.235909462,2.923041848,45.42063624,3
P4876,2023,662827.2035,3816553.56,10.502,21.4241,2.3636,1.3016,65.1163,76.9635,0.2016,0.053657752,0.002409336,0,0.738223672,0.019068094,0.017346661,120,0.546892107,5.573838105,38.67214845,2
P4882,2023,702157.2035,3829663.56,8.4016,73.0939,2.4444,2.0628,91.1565,25.6447,0.6769,0.593396672,0.007561437,0,0.851807654,0.037909577,0.008020588,98,0.653365433,64.85781787,32.55136835,3
P4883,2023,711127.2035,3813793.56,8.4016,68.0529,2.2188,1.8971,91.4474,25.75,0.6901,0.449038004,0.018945499,0,0.710100234,0.123228473,0.010304201,174,2.388110876,4.49345066,36.36749873,3
P4898,2023,730447.2035,3837943.56,16.8032,35.2867,2.6667,1.1537,66.6667,69.7646,0.2486,0.06551262,0.001890359,0,0.778257728,0.063518755,0.061659934,346,20.1089344,11.9627511,36.73982559,4
P4905,2023,719407.2035,3830353.56,12.6024,33.3963,2.6923,1.3231,65.0794,69.3275,0.2584,0.049411287,0.023722264,0,0.709834456,0.059380155,0.02268431,86,10.07869148,6.666666667,37.81743681,3
P4911,2023,706987.2035,3811033.56,6.3012,11.9723,1.75,1.102,70,86.0884,0.1222,0.032220934,0.000518977,0,0.698164046,0.073962943,0.056006249,462,3.092090845,0.698633678,40.41601707,3
P4918,2023,693877.2035,3848983.56,14.7028,42.218,2.9167,1.3871,54,70.6518,0.2231,0.050604536,0.007561437,0,0.716328025,0.053539855,0.038409976,202,2.615362644,0,37.61603983,3
P4945,2023,704917.2035,3812413.56,10.502,62.3819,3.5,2.3712,60,55.9617,0.3458,0.107178266,0.006625216,0,0.722827435,0.045730794,0.017949453,329,5.174544334,0,38.57437693,3
P4950,2023,697327.2035,3830353.56,12.6024,123.5035,3.7812,2.429,80.9013,14.6984,0.6914,0.268030332,0.206600544,0,0.787131429,0.027258525,0.009451796,59,0.654801965,0,32.35185354,2
P4955,2023,699397.2035,3797233.56,4.2008,54.1903,1.8837,1.8354,95.6867,54.4937,0.38,0.826729824,0.046018571,0,0.795419455,0.109105049,0,34,0.813976049,0,34.83374641,2
P4957,2023,710437.2035,3817243.56,12.6024,44.7385,3,1.2639,58.6207,68.3126,0.2436,0.052888149,0.013232514,0,0.677156687,0.043842316,0.00981581,278,4.927378654,0,39.01349188,3
P4972,2023,679387.2035,3817933.56,2.1004,126.6541,3.45,3.45,86.5753,23.9517,0.5854,0.639365726,0.091232228,0,0.815943241,0.150007159,0,13,5.399927616,0,31.35901998,3
P4987,2023,689047.2035,3817243.56,2.1004,48.5192,1.8444,1.8444,95.8919,63.773,0.2865,0.679538505,0.234171829,0,0.866388857,0.135926217,0,25,54.71912766,0,32.55837286,5
P4991,2023,688357.2035,3842773.56,29.4056,71.2035,4.2,1.6015,49.4737,55.7036,0.3337,0.075512633,0.024908097,0,0.657775819,0.084363103,0.224397927,273,3.046649218,1.017650076,37.12623034,4
P392,2023,712418.5802,3807544.729,0,0,0,0,0,0,0,0.321378551,0.053215949,0,0.794840217,0.063479613,0.015843315,28,0.943219602,0,35.77806174,2
P1032,2023,659451.7688,3817259.184,0,0,0,0,0,0,0,0.15921662,0.139870203,0,0.801082492,0.052061553,0,74,0.464450061,0,36.02435748,2
P4665,2023,661468.7466,3818426.495,0,0,0,0,0,0,0,0.604196877,0.082631889,0,0.880835891,0.060030478,0,21,0.552463233,0,33.67284622,2
P5004,2023,704227.2035,3815863.56,4.2008,18.9036,1.6667,1.2868,76,82.6238,0.1421,0.026005877,0.007561437,0,0.77676338,0.091700852,0.007746985,321,3.65308094,0,39.23567474,3
P5005,2023,667657.2035,3801373.56,23.1044,63.012,3.2778,1.4627,69.403,50.0062,0.4116,0.135560488,0.017013233,0,0.77992487,0.046858048,0.015270753,81,0.691856682,0,36.52430255,2
P5028,2023,701467.2035,3831043.56,6.3012,71.2035,2.275,2.1957,92.9752,33.2977,0.5891,0.691171988,0.020793951,0,0.863171637,0.030464346,0.003780718,104,0.650805831,0,31.13446587,2
P5030,2023,695947.2035,3803443.56,14.7028,159.4203,4.5758,4.0328,76.2575,9.4362,0.6931,0.121424219,0.367819849,0,0.786329746,0.083567542,0.026942098,77,1.877496243,0,38.86322339,3
P5037,2023,712507.2035,3843463.56,8.4016,37.8072,2.6923,1.594,69.0141,66.7553,0.2773,0.04870151,0.02644711,0,0.814412296,0.101626664,0.018003208,91,2.00621891,75.23697023,34.83221482,3
P5042,2023,680077.2035,3797923.56,2.1004,34.0265,1.6,1.6,97.1963,75.1362,0.1904,0.918696637,0.031617129,0,0.872831643,0.08254872,0,22,0.582013607,0,34.30315228,2
P5054,2023,676627.2035,3815173.56,2.1004,44.1084,1.7111,1.7111,96.5848,67.1248,0.2584,0.902374251,0.01985773,0,0.882615924,0.130952723,0,14,1.401854038,0,31.23437627,2
P5057,2023,680767.2035,3797923.56,2.1004,23.9445,1.3478,1.3478,98.3607,80.9469,0.1485,0.938845888,0.027127646,0,0.836067319,0.078082516,0,35,0.623403609,0,33.71691554,2
P5060,2023,691807.2035,3833803.56,8.4016,78.1348,2.3902,2.2347,92.5878,35.6116,0.5445,0.728748683,0.041092914,0,0.822539806,0.07300233,0.007561437,40,2.344978809,0,33.34848478,3
P5089,2023,714577.2035,3828973.56,2.1004,45.9987,2.1111,2.1111,85.7143,52.9203,0.4216,0.126135087,0.021646356,0,0.681834221,0.067569765,0.048111384,165,14.98709583,0,38.21539197,4
P5097,2023,682147.2035,3833803.56,16.8032,71.2035,2.0286,1.4244,93.3945,25.1119,0.6885,0.522087058,0.031301619,0,0.747828722,0.112704197,0.008515575,32,1.187009335,0,34.97496093,3
P5102,2023,693877.2035,3828973.56,6.3012,49.7795,2.125,1.5851,92.2747,30.3604,0.6914,0.470343028,0.009928865,0,0.776563585,0.053556663,0,209,0.732899308,0,36.43033073,2
P5128,2023,710437.2035,3830353.56,4.2008,10.712,1.8571,1.5238,64.7059,87.5912,0.1083,0.022017454,0.003261741,0,0.734616697,0.052528784,0.020793951,367,3.828680754,2,38.51029221,3
P5146,2023,731143.8814,3802759.797,2.1492,11.6054,1.1087,1.1087,99.4856,89.891,0.0799,0.98221066,0.002949281,0,0.912987947,0.074614741,0,16,0.772001386,0,31.23802745,2
P5152,2023,691807.2035,3831733.56,10.502,42.8481,2.8,1.4167,70.9677,61.1903,0.3296,0.001371382,0.103528522,0,0.581602275,0.049214609,0.092800481,379,1.436824679,2.930869138,41.55715706,3
P5156,2023,688357.2035,3829663.56,12.6024,37.8072,2.6429,1.522,69.7368,65.5833,0.291,0.081234047,0.008455749,0,0.731456757,0.057951857,0.173722243,198,0.910850048,0.67492272,38.88893298,4
P5157,2023,715957.2035,3826903.56,8.4016,59.2313,2.5714,1.7666,81.9672,44.1526,0.4903,0.106301346,0.083736688,0,0.704084158,0.072391269,0.34425967,910,77.73062134,0.222082353,39.16160754,6
P5158,2023,689737.2035,3818623.56,2.1004,74.9842,2.2727,2.2727,93.7916,54.7604,0.3378,0.593255924,0.301140659,0,0.958262682,0.14613777,0,17,31.84105301,0,33.07148278,5
P5159,2023,681457.2035,3798613.56,6.3012,95.1481,3.1333,2.5063,83.7563,21.2926,0.6733,0.40617337,0.001890359,0,0.851955295,0.058427405,0.019744675,128,0.706951559,0,36.14217644,3
P5160,2023,691807.2035,3838633.56,10.502,98.9288,2.7222,1.7519,89.701,20.6822,0.6718,0.591506119,0.013882465,0,0.846641302,0.041713249,0,49,0.654156148,0,33.39674957,2
P5164,2023,688357.2035,3843463.56,18.9036,36.5469,3.2,1.2133,45,74.7268,0.1904,0.043705717,0.007228008,0,0.639828563,0.086693967,0.095889341,464,2.710878134,0.402208437,37.30971182,3
P5174,2023,690427.2035,3824833.56,4.2008,78.765,3.1111,2.7774,82.9851,27.1988,0.6425,0.270669337,0.05382437,0,0.812940478,0.074111163,0,263,0.650805831,0,36.62635829,2
P5176,2023,704917.2035,3828973.56,18.9036,80.0252,2.5882,1.2111,89.7338,22.8944,0.6914,0.446484587,0.071833648,0,0.826646745,0.072534295,0,87,1.109561086,0,35.30599699,2
P5193,2023,709747.2035,3807583.56,16.8032,105.23,2.9394,1.7526,87.0183,17.6885,0.6931,0.447520135,0.048034653,0,0.735631824,0.117893905,0.011342155,78,2.442014694,0,37.05609858,3
P5198,2023,691117.2035,3841393.56,31.506,159.4203,5.0345,2.386,69.1293,11.9975,0.6668,0.353092781,0.046448482,0,0.718417823,0.097442025,0.068553989,58,2.961912155,1.63952327,36.87606523,3
P5217,2023,689047.2035,3837943.56,2.1004,13.2325,1.2174,1.2174,98.998,90.2638,0.0704,0.984066629,0.002742764,0,0.873148322,0.187987842,0.009451796,23,0.575656235,0,34.08567605,2
P5229,2023,670417.2035,3814483.56,21.004,56.0807,3.8333,1.3864,37.037,67.5568,0.2335,0.005671078,0.056621709,0,0.725593686,0.040873183,0.02268431,117,0.910850048,0,34.98453393,2
P5247,2023,707677.2035,3837253.56,23.1044,98.2987,3.8148,1.6265,76.4706,23.981,0.6348,0.31859296,0.009928865,0,0.796784461,0.120719671,0.025468982,84,0.745002031,0,36.39539791,3
P5266,2023,684907.2035,3842083.56,6.3012,94.518,3.2963,2.6901,81.3814,24.1659,0.6412,0.31356894,0.033840916,0,0.74102658,0.149278303,0.143958817,67,2.137291193,0,36.75389696,4
P5267,2023,700777.2035,3812413.56,6.3012,8.1916,1.75,1,25,93.7814,0.0445,0.003780718,0.004257788,0,0.627695978,0.029933293,0.195817441,681,11.43983269,0,39.3788072,4
P5277,2023,702157.2035,3811723.56,16.8032,23.9445,2.625,1,35,83.3866,0.1222,0.000346095,0.02503382,0,0.566104114,0.048308567,0.404570293,923,14.82191753,0.723351113,41.4878945,4
P5286,2023,671107.2035,3814483.56,25.2048,115.3119,4.7143,2.8004,60.804,32.5481,0.5112,0.003261741,0.20538046,0,0.71184355,0.032727047,0,133,0.910850048,0,37.38255359,2
P5293,2023,676627.2035,3797233.56,16.8032,44.7385,3,1.2078,67.7419,60.7667,0.3296,0.008497657,0.100931231,0,0.717863321,0.033682011,0.091923074,223,0.48311469,0,39.27246665,3
P5318,2023,689047.2035,3797233.56,6.3012,67.4228,2.4062,1.788,90.0881,25.9184,0.6898,0.454082873,0.003780718,0,0.80937475,0.077023253,0.007543518,84,0.484256953,0,35.79273147,2
P5334,2023,706297.2035,3831733.56,12.6024,46.6289,2.8667,1.5324,70.5263,60.0369,0.3337,0.099371454,0.003780718,0,0.808787525,0.022222857,0.015122873,158,0.653964162,12,33.61931352,2
P5335,2023,660757.2035,3817933.56,16.8032,91.3674,2.5263,1.6929,91.2387,24.8445,0.64,0.510474194,0.141353098,0,0.835644901,0.082479089,0,59,0.543177009,0,35.87252663,2
P5349,2023,693187.2035,3831733.56,4.2008,96.4083,3,2.7434,85.7778,19.6975,0.6892,0.37524766,0.075155216,0,0.692603529,0.12537668,0.007126275,177,1.138872743,0,35.5661658,3
P16,2023,682147.2035,3811723.56,6.3012,16.3831,2.5,1.3889,25,88.2565,0.0862,0,0.02004853,0,0.597686648,0.022180533,0.100041156,256,3.132260084,3.18728578,40.09503705,3
P27,2023,681457.2035,3812413.56,23.1044,39.0674,3.4,1.0747,40,74.3193,0.1904,0,0.047730797,0,0.494688243,0.015785135,0.255717465,289,5.938424587,3.51953419,41.64265018,4
P35,2023,702157.2035,3852433.56,2.1004,6.3012,1.25,1.25,50,95.0453,0.035,0,0.005671078,0,0.648504436,0.054571301,0.767715637,981,4.082902431,0,44.66412723,5
P45,2023,686977.2035,3833113.56,6.3012,13.2325,2.1667,1.1667,41.6667,88.8672,0.0862,0,0.015891463,0,0.702304363,0.063268926,0.209474283,912,4.410022736,0.182129631,39.43345899,4
P49,2023,680077.2035,3829663.56,10.502,39.0674,3.0909,1.7333,53.0612,71.7243,0.2178,0,0.060343614,0,0.699954271,0.068809456,0.008974726,183,1.033482552,0,38.16310659,2
P61,2023,742177.2035,3824833.56,4.2008,18.9036,2.1429,1.5,52.9412,85.5603,0.1083,0,0.02268431,0,0.506832361,0.024625738,0.268338758,1093,16.43761826,11.48899919,43.78336304,4
P158,2023,719407.2035,3828283.56,4.2008,6.9313,1.2,1,80,93.2476,0.0535,0,0.009409888,0,0.694552481,0.04670852,0.066621722,483,43.70037842,0,40.65074945,4
P183,2023,716647.2035,3825523.56,8.4016,17.6434,2.5,1.2963,25,87.9674,0.0862,0,0.015975279,0,0.544703543,0.072182403,0.219497798,1469,87.51287079,1.089776368,40.5878957,5
P209,2023,680077.2035,3811033.56,6.3012,37.8072,2.05,1.359,87.5,51.2355,0.4679,0,0.177987115,0,0.574643254,0.022906821,0.029435249,162,1.790282369,2.947407906,42.58667384,3
P211,2023,703537.2035,3826903.56,27.3052,45.3686,3.5833,1.1935,38,70.2965,0.2231,0,0.05328039,0,0.701195121,0.092642446,0,209,2.108742476,0,42.7404075,2
P254,2023,702157.2035,3806893.56,4.2008,10.712,1.625,1.18,77.2727,85.9219,0.129,0,0.035846689,0,0.661119819,0.050524194,0.1218773,347,6.062737942,0,38.40832323,4
P279,2023,714577.2035,3825523.56,2.1004,2.5205,1,1,0,97.9788,0.0137,0,0.001890359,0,0.55811888,0.052727387,0.329586946,1413,80.92970276,25.71624586,40.91772386,5
P293,2023,704227.2035,3806203.56,6.3012,13.8626,2.1667,1.1944,41.6667,88.7141,0.0862,0,0.018570163,0,0.667294264,0.046203258,0.01988172,184,4.672085285,0,39.56629543,3
P414,2023,700777.2035,3810343.56,4.2008,27.7253,2,1.79,76.5957,74.5678,0.2125,0,0.054820416,0,0.614307106,0.022219933,0.579629668,785,23.7954731,0.71259492,42.10222056,5
P479,2023,753217.2035,3820003.56,2.1004,12.6024,1.6667,1.6667,60,89.6316,0.0784,0,0.015122873,0,0.643847048,0.029452548,0.352494522,295,19.56029701,4.58447717,44.1192905,4
P508,2023,707677.2035,3806203.56,2.1004,3.7807,1,1,100,96.5955,0.0249,0,0.003780718,0,0.672769785,0.044718336,0.165404552,676,8.117856979,1.892687004,43.82570713,4
P595,2023,671107.2035,3804823.56,2.1004,2.5205,1,1,0,97.9788,0.0137,0,0.001890359,0,0.684851706,0.036722209,0.113492698,226,1.008778811,0.338766944,39.7210087,3
P632,2023,739417.2035,3829663.56,2.1004,6.3012,1.2,1.2,85.7143,92.7149,0.0621,0,0.010388016,0,0.640965283,0.023080088,0.272020588,585,4.596443653,0.870202791,39.16090552,4
P633,2023,673177.2035,3833803.56,2.1004,2.5205,1,1,0,97.9788,0.0137,0,0.001890359,0,0.694537878,0.064956934,0.013232514,775,3.328281403,0,42.72037245,3
P710,2023,689047.2035,3831043.56,2.1004,2.5205,1,1,0,97.9788,0.0137,0,0.001890359,0,0.535722494,0.046765892,0.371917616,1027,1.141925335,0.908532336,40.74159215,4
P718,2023,702847.2035,3826213.56,2.1004,1.8904,1,1,0,98.2058,0.0137,0,0.002451244,0,0.692583859,0.039469333,0.168760943,475,2.035285711,3.719717243,45.36372078,3
P847,2023,724237.2035,3824143.56,2.1004,5.041,1,1,100,95.3548,0.035,0,0.005671078,0,0.623213828,0.050504392,0.587321066,3223,12.21893406,1.744177363,42.88968847,5
P908,2023,700777.2035,3805513.56,6.3012,8.8217,1.75,1,25,93.6108,0.0445,0,0.007561437,0,0.645744383,0.063317223,0.341710551,708,6.624287605,0.139530074,45.10097984,4
P943,2023,748387.2035,3842773.56,2.1004,1.8904,1,1,0,98.2058,0.0137,0,0.00141329,0,0.426314414,0.035906393,0.99858671,3191,88.20017242,0,47.37455464,5
P982,2023,678007.2035,3812413.56,12.6024,64.9023,2.9545,1.7119,78.7129,40.7021,0.5162,0,0.208915804,0,0.509709537,0.029145444,0.029005339,226,1.510821939,7.052295529,42.65133759,3
P985,2023,675937.2035,3811723.56,6.3012,11.3422,1.5,1,62.5,90.6399,0.0704,0,0.013232514,0,0.534569561,0.028197818,0.164981238,292,1.474639058,23.91401322,42.01077634,3
P990,2023,705607.2035,3809653.56,4.2008,13.2325,1.8333,1.2222,58.3333,88.8061,0.0862,0,0.017013233,0,0.710477829,0.044895449,0.007561437,207,4.796593666,0,40.83344239,3
P1082,2023,730447.2035,3843463.56,2.1004,2.5205,1,1,0,97.9788,0.0137,0,0.001890359,0,0.527076602,0.036323481,0.947268159,4134,61.26014328,0.2423729,45.05546175,5
P1106,2023,683527.2035,3816553.56,8.4016,20.794,2.125,1.3077,50,84.5474,0.1153,0,0.024574669,0,0.486408085,0.01746498,0.583931389,1583,63.13583755,0.445137951,43.54397006,5
P1140,2023,673867.2035,3807583.56,2.1004,2.5205,1,1,0,97.9788,0.0137,0,0.001890359,0,0.680230916,0.009807553,0.097927579,177,0.896970928,2.136583702,39.16316786,3
P1141,2023,711817.2035,3804823.56,10.502,35.2867,2.5,1.3056,70,69.7719,0.2486,0,0.069048976,0,0.698147357,0.047361352,0.054009918,433,2.206292391,0,41.70791891,3
P1242,2023,678697.2035,3812413.56,6.3012,57.971,2.7143,2.194,81.5385,43.0995,0.5061,0,0.207833537,0,0.499781072,0.023134319,0.033478248,199,1.584194779,55.20178119,44.79409352,3
P1257,2023,680767.2035,3813103.56,10.502,33.3963,2.7273,1.4253,53.6585,74.78,0.196,0,0.051099523,0,0.477341592,0.026230591,0.229849977,285,6.226735115,0,42.11599922,4
P1546,2023,705607.2035,3805513.56,10.502,46.6289,2.8462,1.6559,66.1972,64.9433,0.2773,0,0.079395085,0,0.595721483,0.065892835,0.092543784,283,7.366884708,0.417051903,41.20316111,4
P1558,2023,706987.2035,3857263.56,2.1004,1.8904,1,1,100,97.221,0.0249,0,0.002438577,0,0.560374022,0.038543282,0.584152581,1298,58.49830246,1.587576346,41.16380723,5
P1661,2023,675247.2035,3807583.56,2.1004,2.5205,1,1,100,97.0042,0.0249,0,0.00282658,0,0.695373118,0.032125816,0.286222266,300,0.764230132,0,41.0744517,4
P1723,2023,678697.2035,3811723.56,10.502,67.4228,2.625,1.72,84.4,35.559,0.572,0,0.250968928,0,0.523964405,0.018715291,0.068141997,132,1.065040231,6.655053312,43.42318276,3
P1730,2023,693877.2035,3806893.56,2.1004,2.5205,1,1,0,97.9788,0.0137,0,0.001890359,0,0.667751312,0.053728123,0.362934461,1119,5.18284893,0.983647786,43.53242715,4
P1792,2023,698707.2035,3811033.56,2.1004,1.8904,1,1,0,98.2058,0.0137,0,0.00141329,0,0.755281031,0.029677741,0.048630361,212,23.11892319,0,40.46661498,4
P1801,2023,720787.2035,3811723.56,2.1004,2.5205,1,1,100,97.0042,0.0249,0,0.003780718,0,0.726441562,0.057294732,0.120481928,1254,2.40353775,0.647931301,41.82233641,3
P1911,2023,709747.2035,3805513.56,6.3012,13.2325,1.75,1.0982,75,84.6498,0.1356,0,0.026822446,0,0.654128492,0.041154413,0.24919822,312,2.59650588,0.30810503,40.65951221,4
P1964,2023,758737.2035,3813103.56,2.1004,3.7807,1,1,100,96.5955,0.0249,0,0.003780718,0,0.5681687,0.027235258,0.389193129,388,19.5152626,12.97713081,44.81871618,5
P3333,2023,699363.0616,3795887.991,14.3988,81.3535,2.5667,2.0723,88.756,22.3912,0.6926,0.41403225,0.067779784,0,0.818744779,0.083320901,0,95,0,0,36.099782,2
P4849,2023,712479.0269,3808990.499,14.0351,70.1754,2.72,1.5267,83.8951,31.1092,0.617,0.242279352,0.058426054,0,0.897189558,0.045137863,0,52,0,0,35.93833904,2
P1976,2023,673177.2035,3798613.56,4.2008,18.9036,1.6667,1.4444,77.7778,82.0889,0.1485,0,0.034026465,0,0.633803189,0.026153246,0.287829581,1065,1.158944726,1.557391485,41.07516006,4
P2089,2023,679387.2035,3811723.56,14.7028,58.6011,3.1176,1.8961,71.2,52.3761,0.3943,0,0.134257409,0,0.520305037,0.020866044,0.065124617,215,1.262667418,1.531826473,42.01412912,3
P2095,2023,676627.2035,3812413.56,8.4016,14.4928,2.3333,1.2222,33.3333,88.6182,0.0862,0,0.014502163,0,0.545891702,0.018664657,0.084553256,243,1.639748812,3.71070568,43.02660273,3
P2113,2023,675247.2035,3811033.56,8.4016,28.9855,2.4,1.28,65,76.1599,0.1904,0,0.04630484,0,0.547513187,0.031816372,0.095078843,164,1.434375763,0,42.68794692,3
P2302,2023,684217.2035,3811723.56,4.2008,7.5614,1.6,1.1667,57.1429,92.3597,0.0621,0,0.009266247,0,0.561149538,0.031010683,0.003452541,335,3.805143118,0,39.19455037,3
P2335,2023,682147.2035,3813793.56,12.6024,27.0951,2.9,1.1347,52.5,76.5935,0.1904,0,0.045916838,0,0.445903063,0.042794079,0.097887504,344,19.76768494,2.621089432,44.28417542,4
P2365,2023,690427.2035,3846913.56,2.1004,2.5205,1,1,0,97.9788,0.0137,0,0.001890359,0,0.713451982,0.090526367,0.103039605,566,6.370236874,0,38.03858985,3
P2440,2023,676627.2035,3809653.56,8.4016,22.6843,2.25,1.1389,54.5455,82.9088,0.129,0,0.028355388,0,0.65480727,0.023503982,0.063252176,174,1.027323484,2.339951247,41.82244337,3
P2524,2023,683527.2035,3813103.56,2.1004,3.7807,1,1,100,96.5955,0.0249,0,0.003780718,0,0.491763711,0.01803183,0.674011594,978,24.36458778,0.916759627,42.93322927,5
P2547,2023,676627.2035,3811723.56,2.1004,25.2048,1.5385,1.5385,89.2308,71.0743,0.2632,0,0.073724008,0,0.503725588,0.017821583,0.298888644,317,1.601826072,5.582959011,44.18588038,4
P2602,2023,671107.2035,3802063.56,10.502,47.259,3.1538,2.0663,54.0984,66.9965,0.2535,0,0.072103012,0,0.620030463,0.020196144,0.014067001,99,0.867705941,0,39.19962142,2
P2616,2023,755287.2035,3810343.56,2.1004,3.7807,1,1,100,96.5955,0.0249,0,0.003780718,0,0.510207534,0.037245523,0.83618769,1334,73.71739197,0.139743543,43.42105714,6
P2666,2023,715267.2035,3820693.56,2.1004,2.5205,1,1,0,97.9788,0.0137,0,0.001890359,0,0.643075645,0.05971104,0.224251393,414,5.612895489,0.783681205,43.77036694,3
P2707,2023,672487.2035,3811723.56,2.1004,5.6711,1.4,1.4,71.4286,92.9057,0.0621,0,0.008956808,0,0.676359892,0.030247841,0.057605088,192,2.61790204,2.183955164,41.35154906,3
P2797,2023,713197.2035,3838633.56,4.2008,7.5614,1.4286,1.3,76.9231,89.7315,0.0937,0,0.018033268,0,0.571353078,0.0493291,0.327648608,530,2.916075468,34.78820222,42.28531449,4
P2873,2023,787026.8941,3870373.244,4.2088,12.6263,1.8333,1.2667,58.3333,88.9475,0.0863,0,0.016074121,0,0.241826639,0.033412104,0.191229092,8,1.814429283,0.199868853,47.71688249,3
P2891,2023,673177.2035,3799303.56,6.3012,13.8626,1.8333,1.1111,58.3333,88.6492,0.0862,0,0.017013233,0,0.634287238,0.038956167,0.001890359,364,1.507918239,0,40.69424652,2
P3004,2023,704917.2035,3817243.56,2.1004,2.5205,1,1,0,97.9788,0.0137,0,0.001890359,0,0.745675325,0.044380601,0.080952016,310,3.139524937,0,40.34004664,3
P3016,2023,719407.2035,3819313.56,2.1004,3.1506,1,1,100,96.7967,0.0249,0,0.003780718,0,0.587058902,0.032541362,0.663845783,1295,14.63286877,0.45572146,45.21076449,5
P3074,2023,675937.2035,3812413.56,4.2008,8.8217,1.8333,1.4444,58.3333,89.9707,0.0862,0,0.014853509,0,0.537461162,0.01770722,0.091435695,243,1.67656672,8.603727637,43.2168218,3
P3094,2023,684217.2035,3835183.56,2.1004,1.8904,1,1,0,98.2058,0.0137,0,0.001371382,0,0.669548631,0.090499375,0.271114953,987,2.858407736,1.499027765,40.15809698,4
P3254,2023,681457.2035,3814483.56,10.502,15.1229,2.3333,1,33.3333,88.4694,0.0862,0,0.018533507,0,0.526375175,0.03459979,0.088745147,173,22.57222176,46.23153619,43.66745664,4
P3316,2023,684217.2035,3813793.56,12.6024,27.7253,2.1818,1.1802,69.7674,75.478,0.2016,0,0.04913142,0,0.477249384,0.019426023,0.576822839,1331,48.91229248,0.853052043,43.00133239,5
P3335,2023,681457.2035,3813793.56,21.004,93.2577,4.3158,1.7168,59.3548,41.7237,0.447,0,0.173069067,0,0.461710811,0.030711831,0.089591482,192,14.71891403,10.26848892,44.73481251,4
P3337,2023,726997.2035,3826903.56,6.3012,25.8349,2.625,1.5312,45.8333,81.7036,0.1356,0,0.030245747,0,0.592657149,0.035638961,0.388872855,743,13.74763489,1.789304812,41.58602461,4
P3382,2023,673867.2035,3811033.56,6.3012,10.0819,1.8,1,42.8571,91.7221,0.0621,0,0.010477083,0,0.626671851,0.026007846,0.011819224,174,1.791014552,0,41.53718512,2
P3404,2023,709747.2035,3815863.56,4.2008,47.259,2.0526,1.9103,86.3946,51.5614,0.4345,0,0.15534288,0,0.616667449,0.053188021,0.05585837,621,4.612273693,361.5054431,41.19265557,4
P3508,2023,674557.2035,3811033.56,2.1004,1.8904,1,1,0,98.2058,0.0137,0,0.002844498,0,0.569102764,0.03078135,0.060593227,137,1.619707108,1.330945747,41.12704266,3
P3518,2023,765637.2035,3835873.56,2.1004,11.3422,1.2857,1.2857,86.6667,88.0339,0.1011,0,0.020793951,0,0.636762202,0.030828646,0.114006424,328,3.46683073,4.106952209,45.75988302,3
P3622,2023,684907.2035,3813103.56,2.1004,8.8217,1.125,1.125,95,87.1074,0.1222,0,0.02551089,0,0.553546548,0.019864119,0.360974786,851,31.53454781,0.400370675,40.79820675,5
P3628,2023,706987.2035,3811723.56,6.3012,18.2735,2.1429,1.4762,52.9412,85.7055,0.1083,0,0.022207241,0,0.656562924,0.032192001,0.333286255,500,2.782623053,2.05950632,41.53432368,4
P3635,2023,691807.2035,3830353.56,2.1004,8.8217,1.1667,1.1667,91.6667,89.9914,0.0862,0,0.017013233,0,0.687748075,0.040566166,0.089407765,568,0.971909821,1.721106623,40.82052641,3
P3685,2023,709057.2035,3806203.56,8.4016,15.1229,1.875,1.1026,61.1111,85.8375,0.1153,0,0.0254869,0,0.636624873,0.040358106,0.110970306,306,5.609794617,0,40.38628083,3
P3847,2023,681457.2035,3815173.56,4.2008,18.9036,1.7778,1.4,77.4194,81.0495,0.1609,0,0.03832616,0,0.576184392,0.034917413,0.1985433,241,21.08869362,123.7224796,43.58680168,4
P3884,2023,728377.2035,3833803.56,4.2008,14.4928,1.7143,1.2333,61.5385,87.8441,0.0937,0,0.018903592,0,0.714514673,0.068639475,0.141591389,345,5.168845654,2.391563352,37.57294463,4
P3915,2023,665587.2035,3803443.56,23.1044,56.0807,3.4286,1.2051,54.0541,62.4539,0.2865,0,0.087290963,0,0.648979962,0.024661045,0.051267154,232,1.121758938,24.75181273,39.31145756,3
P3968,2023,716647.2035,3826903.56,4.2008,15.753,1.625,1.2245,75,85.0883,0.1222,0,0.026984005,0,0.692682564,0.050959922,0.453742849,1469,83.09876251,0.488719682,41.0532065,6
P3970,2023,671797.2035,3797923.56,2.1004,6.9313,1.1429,1.1429,92.3077,89.9646,0.0937,0,0.020937592,0,0.731671154,0.036947024,0.007692411,264,0.704169154,0,38.3612799,2
P4001,2023,710437.2035,3851053.56,2.1004,2.5205,1,1,0,97.9788,0.0137,0,0.001890359,0,0.500882685,0.031811397,0.951571761,1612,35.55866623,0.039810386,45.07029571,5
P4005,2023,726307.2035,3837253.56,2.1004,5.041,1,1,100,95.3548,0.035,0,0.005671078,0,0.733473718,0.092970535,0.248334981,212,3.911094904,2.243942567,37.68398552,4
P4106,2023,682837.2035,3808963.56,2.1004,2.5205,1,1,0,97.9788,0.0137,0,0.001890359,0,0.677909851,0.035057337,0.198779233,369,2.397061586,1.646866283,41.32446254,3
P4150,2023,699397.2035,3811723.56,4.2008,5.041,1.3333,1,0,96.3452,0.0249,0,0.003780718,0,0.718895972,0.045758174,0.032689907,343,16.85767174,0,40.24558782,3
P4179,2023,713197.2035,3828973.56,2.1004,14.4928,1.5,1.5,85.2941,81.2896,0.173,0,0.038909202,0,0.676424325,0.062081869,0.045632733,442,11.09962654,0.230074828,40.17498179,4
P4197,2023,683527.2035,3834493.56,2.1004,2.5205,1,1,0,97.9788,0.0137,0,0.001890359,0,0.681927323,0.073891567,0.019941546,214,1.886993289,0,41.9078218,2
P4231,2023,771157.2035,3822763.56,4.2008,6.3012,1.25,1,50,95.0453,0.035,0,0.005671078,0,0.712502658,0.0334286,0.043890253,313,0.891061604,947.8329894,49.06016376,3
P4344,2023,704227.2035,3807583.56,2.1004,10.712,1.375,1.375,86.3636,85.9532,0.129,0,0.025970041,0,0.681309998,0.053342689,0.122020941,500,5.982980251,0,42.30900536,4
P4415,2023,787027.2035,3869683.56,4.2008,5.041,1.25,1,50,95.412,0.035,0,0.006148147,0,0.295039743,0.04032253,0.377943705,18,1.672202349,742.6793082,39.30219129,4
P4492,2023,702847.2035,3807583.56,2.1004,4.4108,1,1,100,95.5469,0.035,0,0.007228008,0,0.613542795,0.042147104,0.329141523,443,7.767186642,4.752212577,40.61857192,4
P4500,2023,684217.2035,3829663.56,2.1004,1.8904,1,1,0,98.2058,0.0137,0,0.00141329,0,0.537799895,0.090289605,0.150762986,343,0.928271115,0.063488235,40.25836164,3
P4922,2023,707677.2035,3806893.56,6.3012,15.753,2.1667,1.2222,41.6667,88.2634,0.0862,0,0.017013233,0,0.700371385,0.067011028,0.028426536,259,8.442222595,1.424741179,39.29593467,3
P4937,2023,682147.2035,3828973.56,2.1004,2.5205,1,1,0,97.9788,0.0137,0,0.001890359,0,0.595480621,0.048957046,0.262067734,497,0.956171095,0.979578579,39.91217347,3
P4944,2023,702157.2035,3811033.56,2.1004,2.5205,1,1,0,97.9788,0.0137,0,0.001890359,0,0.531533539,0.049623906,0.70742342,1571,18.7980442,0.592251325,43.33726331,4
P4973,2023,701467.2035,3811723.56,16.8032,47.259,3.25,1.4537,55,67.4228,0.2486,0,0.070522092,0,0.568315923,0.036492513,0.198053564,704,16.18838882,15.93016208,41.05920104,4
P4978,2023,675937.2035,3811033.56,8.4016,17.0132,2,1.0982,66.6667,83.6389,0.1356,0,0.031283701,0,0.538121998,0.031436396,0.162402245,210,1.335423589,2.763241164,42.30866194,3
P510,2023,671107.2035,3807583.56,0,0,0,0,0,0,0,0,0.000477069,0,0.719178736,0.03212263,0.007752237,211,1.095355034,0,40.63437357,2
P1033,2023,720787.2035,3822763.56,0,0,0,0,0,0,0,0,0.000518977,0,0.59229064,0.029941188,0.793061596,1668,24.80918503,0.402404246,42.5556711,3
P1447,2023,692497.2035,3848983.56,0,0,0,0,0,0,0,0,0.000477069,0,0.693826735,0.076584866,0.095454179,144,3.337802887,0,37.64540541,2
P1791,2023,729067.2035,3824833.56,0,0,0,0,0,0,0,0,0.000518977,0,0.671545625,0.050133168,0.276207228,688,8.047079086,0.277558769,39.99215046,3
P3008,2023,761497.2035,3844153.56,0,0,0,0,0,0,0,0,0.000518977,0,0.425658524,0.038230119,0.699117382,1117,48.32267761,0.487572067,44.76902209,3
P3724,2023,674557.2035,3807583.56,0,0,0,0,0,0,0,0,0.000954139,0,0.685305655,0.030612736,0.003780718,229,0.797033966,0,40.13125212,2
P3747,2023,787679.494,3870289.624,0,0,0,0,0,0,0,0,0.158478664,0,0.236520886,0.030739731,0.175135704,1,1.458945394,68.04228771,46.87638821,3
P5075,2023,740797.2035,3839323.56,2.1004,2.5205,1,1,0,97.9788,0.0137,0,0.001890359,0,0.474001974,0.079903572,0.916329209,1927,77.32405853,0.155829694,44.93687471,5
P5129,2023,689737.2035,3831043.56,6.3012,8.1916,1.75,1,25,93.7814,0.0445,0,0.007561437,0,0.576535761,0.047812555,0.107560686,247,1.055969596,0.089102217,39.7903503,3
P5208,2023,701467.2035,3811033.56,6.3012,8.8217,2,1.1667,0,93.8188,0.0445,0,0.006523483,0,0.553165615,0.03126755,0.574751989,1303,21.88017464,1.895024339,43.5185743,4
P5233,2023,685597.2035,3813103.56,2.1004,2.5205,1,1,0,97.9788,0.0137,0,0.001890359,0,0.578452885,0.018565327,0.544134326,1546,33.33917999,0.77643445,42.63323386,4
P5237,2023,688357.2035,3834493.56,4.2008,6.3012,1.5,1,50,94.2219,0.0445,0,0.007561437,0,0.634677887,0.032381751,0.155532667,699,4.431921005,0.736965815,40.17671374,3
P5294,2023,688357.2035,3835183.56,4.2008,5.041,1.3333,1,0,96.3452,0.0249,0,0.004126814,0,0.636067092,0.046105867,0.21826346,720,4.265212059,0.320952571,39.98220733,3
P5313,2023,682837.2035,3812413.56,6.3012,13.8626,1.7143,1.1167,61.5385,88.0002,0.0937,0,0.017949453,0,0.539694548,0.026573121,0.111388563,747,9.265947342,0.345276746,41.95321251,4
P1,2023,709747.2035,3818623.56,10.502,21.4241,2.375,1.1333,50,83.2111,0.129,0.028140598,0,0,0.733281374,0.064520626,0.029435249,258,2.87364006,6.913688873,40.76475435,3
P13,2023,742177.2035,3831043.56,6.3012,10.0819,1.6,1,40,92.4782,0.0535,0.009451796,0,0,0.616184652,0.061426016,0.188897527,496,10.83192158,0,39.38176885,4
P15,2023,688357.2035,3808963.56,2.1004,6.3012,1,1,100,93.4251,0.0535,0.009451796,0,0,0.729412973,0.042645334,0.003780718,204,2.794951677,0,40.38783359,3
P57,2023,729757.2035,3815863.56,2.1004,5.041,1.2,1.2,80,93.8135,0.0535,0.007417796,0,0,0.725364208,0.053386856,0.209344322,538,4.365590572,0.367839275,44.34730244,4
P58,2023,726997.2035,3828283.56,2.1004,5.041,1.3333,1.3333,0,96.3452,0.0249,0.003780718,0,0,0.714747667,0.060732822,0.004729606,319,12.57083416,0,38.52069467,3
P64,2023,763567.2035,3822763.56,2.1004,3.7807,1,1,100,95.7447,0.035,0.004633124,0,0,0.640273869,0.045876277,0.205208592,443,10.55349445,0.185950777,43.95003124,4
P78,2023,729757.2035,3837253.56,10.502,66.1626,3.2778,2.1982,67.9688,50.3171,0.4013,0.1376138,0,0,0.729152024,0.033997411,0.066568492,581,11.31965828,1.204284881,36.70728722,4
P81,2023,729067.2035,3804133.56,14.7028,136.1059,3.8857,2.3194,81.4679,13.0269,0.6885,0.543040211,0,0,0.85630697,0.120288126,0,50,0.513116241,0,34.96355815,2
P90,2023,706987.2035,3835873.56,6.3012,92.6276,2.7778,1.9846,89.1892,21.596,0.6755,0.593703753,0,0,0.862328112,0.165238415,0.007561437,75,0.645314097,20,35.1938067,2
P92,2023,711127.2035,3820003.56,2.1004,2.5205,1,1,0,97.9788,0.0137,0.001890359,0,0,0.691934109,0.031575174,0.111919194,467,3.593917131,2.028086755,40.66247611,3
P106,2023,732517.2035,3833803.56,8.4016,22.0542,2.0909,1.2653,73.3333,76.387,0.2071,0.047645637,0,0,0.631001532,0.043893521,0.411437219,1210,7.968041897,0.763175672,39.30320131,4
P107,2023,725617.2035,3806203.56,2.1004,38.4373,1.9524,1.9524,89.8477,47.8672,0.5087,0.21691101,0,0,0.729832649,0.079019503,0.181897794,836,0.959269285,0.867453785,40.17552673,4
P124,2023,706297.2035,3818623.56,2.1004,2.5205,1,1,0,97.9788,0.0137,0.001890359,0,0,0.717496812,0.044614749,0.036102373,208,2.061050653,0,43.03157646,3
P134,2023,710437.2035,3838633.56,6.3012,13.8626,1.8333,1.3,50,89.3517,0.0784,0.015122873,0,0,0.600024045,0.049162681,0.241709277,326,1.565456629,1.378164216,42.58992146,4
P137,2023,711127.2035,3833113.56,23.1044,107.7505,3.7037,1.3951,78.0781,21.7806,0.6412,0.343640792,0,0,0.781382859,0.049281498,0.009451796,121,0.956656635,13.33333333,35.22753093,2
P140,2023,733207.2035,3810343.56,4.2008,6.9313,1.4,1.2,60,93.271,0.0535,0.011008727,0,0,0.74789238,0.042414848,0.018533507,377,2.501563311,9.928087301,42.88381485,3
P148,2023,715267.2035,3811723.56,16.8032,75.6144,3.1111,1.7191,82.9851,27.867,0.6425,0.337049055,0,0,0.801408589,0.096702824,0.007561437,92,0.824024975,60,36.072504,2
P156,2023,737347.2035,3828973.56,2.1004,77.5047,2.6154,2.6154,86,29.602,0.6176,0.31350203,0,0,0.784854531,0.039823552,0.056728693,258,2.970541954,2.431032208,36.22060292,3
P161,2023,738037.2035,3831733.56,8.4016,33.3963,2.0714,1.2034,80.7692,66.2969,0.2954,0.087868753,0,0,0.662348032,0.025319114,0.143483581,512,5.969236851,1.89159324,40.23412209,4
P163,2023,729757.2035,3810343.56,2.1004,1.8904,1,1,0,98.2058,0.0137,0.001371382,0,0,0.73805511,0.055074937,0.316334681,604,3.518802166,1.050443124,44.00787273,4
P169,2023,678697.2035,3813793.56,8.4016,93.8878,3.0625,2.1166,85.5263,20.1084,0.6901,0.457069233,0,0,0.79915899,0.040476834,0.003780718,144,1.6585567,0,35.07738894,3
P173,2023,697327.2035,3835873.56,2.1004,3.7807,1.0652,1.0652,99.7024,96.5955,0.0249,0.996219282,0,0,0.922180831,0.062581398,0,5,0.394787431,0,30.95395619,2
P201,2023,683527.2035,3820693.56,2.1004,0,1,1,100,0,0,1,0,0,0.935949087,0.07457468,0,8,18.82769394,0,29.18127943,4
P221,2023,703537.2035,3817933.56,2.1004,17.6434,1.75,1.75,70,84.6187,0.1222,0.026465028,0,0,0.699869096,0.018458713,0.059453539,337,1.806218863,1.358191758,39.96257299,3
P224,2023,715957.2035,3813103.56,6.3012,29.6156,2.2727,1.6838,65.8537,75.5348,0.196,0.04771813,0,0,0.720940351,0.080347983,0.01379865,448,1.449907184,13.95515694,38.90758464,3
P237,2023,745627.2035,3831043.56,2.1004,7.5614,1.2,1.2,85.7143,92.3389,0.0621,0.011342155,0,0,0.53809756,0.038581246,0.923014251,2494,40.87734604,0.385898967,44.10622488,5
P238,2023,749077.2035,3832423.56,2.1004,3.7807,1,1,100,96.5955,0.0249,0.003780718,0,0,0.498672336,0.041520813,0.935386944,1636,36.32643509,0.486371753,42.8296904,5
P241,2023,736657.2035,3837253.56,8.4016,80.0252,3.5789,2.7556,67.5497,44.3555,0.4408,0.158295182,0,0,0.754109323,0.087321754,0.166637876,865,12.89717484,0,36.16329921,4
P257,2023,733897.2035,3837943.56,10.502,32.7662,2.6364,1.45,56.0976,74.8952,0.196,0.051744223,0,0,0.717822611,0.046975983,0.218155656,812,24.34228134,0.67127721,36.88434219,4
P261,2023,684907.2035,3802063.56,2.1004,5.041,1.1429,1.1429,94.1176,89.5173,0.1083,0.025232036,0,0,0.769019425,0.036486678,0.028832457,187,0.780201256,0,40.58269629,3
P276,2023,699397.2035,3839323.56,16.8032,102.7095,3.6923,1.7041,75.8621,25.4212,0.6097,0.296941353,0,0,0.789987564,0.077195014,0.026506936,110,0.944651961,0,35.65609741,3
P277,2023,751837.2035,3824833.56,2.1004,10.0819,1.6,1.6,57.1429,91.678,0.0621,0.011342155,0,0,0.759104311,0.024690941,0.077796247,372,6.763359547,0.498079723,45.37232714,3
P278,2023,724237.2035,3844153.56,4.2008,6.3012,1.5,1,50,94.2219,0.0445,0.007561437,0,0,0.774113536,0.038038498,0.142934018,341,13.93504906,0,38.03514754,4
P282,2023,733897.2035,3829663.56,12.6024,73.724,3.0435,1.4626,79.1111,36.4888,0.5445,0.236920858,0,0,0.77907908,0.035119655,0.2202108,531,3.351379633,3.534529869,37.65924632,4
P295,2023,722857.2035,3832423.56,6.3012,21.4241,2.125,1.5016,59.0909,83.172,0.129,0.028355388,0,0,0.699327707,0.052396357,0.051498849,246,3.381516457,0,38.17781335,3
P310,2023,730447.2035,3808963.56,2.1004,2.5205,1,1,100,97.0042,0.0249,0.004734857,0,0,0.747123659,0.06178814,0.053596913,353,1.565683842,1.892469346,39.75176737,3
P311,2023,704917.2035,3848293.56,10.502,34.6566,2.6364,1.3365,56.0976,74.512,0.196,0.048111384,0,0,0.685485303,0.110320593,0.031660049,687,9.670920372,0.333307069,38.72073232,3
P312,2023,706297.2035,3810343.56,12.6024,39.0674,2.9167,1.2908,57.4074,70.3154,0.2335,0.062470919,0,0,0.763125181,0.045304344,0.007561437,239,3.803932428,6.666666667,38.41040079,3
P331,2023,691117.2035,3842773.56,6.3012,6.3012,1.5,1,0,95.2315,0.035,0.006190054,0,0,0.613189638,0.060176625,0.302273751,717,6.122308254,2.938777485,40.57702135,4
P335,2023,687667.2035,3821383.56,2.1004,0,1,1,100,0,0,1,0,0,0.914242446,0.086502858,0,5,3.672206879,0,27.94640479,3
P362,2023,700087.2035,3835873.56,2.1004,51.6698,1.7955,1.7955,96.1369,59.3601,0.3296,0.89549335,0,0,0.952888012,0.11322078,0,14,0.402234972,0,32.32465517,2
P373,2023,702157.2035,3833803.56,2.1004,45.9987,1.7273,1.7273,96.5066,62.3271,0.3086,0.907461467,0,0,0.952741027,0.067940878,0,46,0.502853036,0,32.08716022,2
P387,2023,731137.2035,3842773.56,2.1004,2.5205,1,1,0,97.9788,0.0137,0.001890359,0,0,0.531386971,0.055721164,0.583154177,2113,49.37371445,0.244482432,41.30024341,5
P391,2023,667657.2035,3816553.56,2.1004,0,1,1,100,0,0,1,0,0,0.960848629,0.078338995,0,13,0.502376676,0,27.65272017,2
P397,2023,697327.2035,3836563.56,2.1004,23.9445,1.3261,1.3261,98.46,80.3973,0.1547,0.96576583,0,0,0.917247117,0.085658834,0,7,0.477802873,0,31.42455639,2
P440,2023,715267.2035,3813103.56,4.2008,20.794,1.7273,1.331,82.9787,76.326,0.2125,0.055297485,0,0,0.72509563,0.063819578,0.20064459,649,1.189193845,2.970379894,41.14374547,4
P447,2023,725617.2035,3804823.56,14.7028,81.9156,3.2727,1.667,77.2727,35.4791,0.5377,0.227511789,0,0,0.78472966,0.106884288,0.026465028,171,0.650805831,3.333333333,36.72150627,3
P457,2023,712507.2035,3811033.56,6.3012,68.0529,2.0976,1.5033,94.2234,38.6157,0.5331,0.777243638,0,0,0.920054853,0.086021035,0,32,0.655346751,0,32.72947857,2
P463,2023,733207.2035,3829663.56,14.7028,73.724,3.35,1.6551,72.0238,43.072,0.4679,0.170632371,0,0,0.800576091,0.030452244,0.076299142,398,4.130442619,2.512578173,36.61889262,3
P468,2023,723547.2035,3828973.56,8.4016,17.6434,2.1111,1.0686,60,82.9302,0.1421,0.030102106,0,0,0.71136868,0.022973644,0.059639088,451,6.252158642,0.65468425,38.69544138,3
P470,2023,696637.2035,3853123.56,8.4016,15.753,2.1667,1,41.6667,88.2634,0.0862,0.016536163,0,0,0.722037494,0.128038365,0.011819224,338,1.335606337,0,38.70930467,2
P491,2023,721477.2035,3832423.56,2.1004,4.4108,1,1,100,95.5469,0.035,0.005671078,0,0,0.669596612,0.049736843,0,214,4.997618675,0,40.110162,3
P495,2023,734587.2035,3835873.56,6.3012,19.5337,1.6364,1.0721,82.9268,78.0016,0.196,0.048279015,0,0,0.746648669,0.039655375,0.134507022,447,7.252238274,0.285086223,36.6621373,4
P499,2023,713887.2035,3837943.56,2.1004,1.8904,1,1,0,98.2058,0.0137,0.001890359,0,0,0.688964248,0.053695289,0.30101865,254,5.287498474,25.69277374,42.01738014,4
P516,2023,731137.2035,3820003.56,2.1004,3.7807,1,1,100,96.5955,0.0249,0.003780718,0,0,0.764550507,0.039208715,0.003494449,253,2.547368288,23.56924359,40.31227132,3
P521,2023,701467.2035,3838633.56,16.8032,83.1758,2.625,1.5502,88.6463,22.2971,0.6904,0.463001439,0,0,0.802268744,0.070101866,0.059537355,58,0.865124047,0,34.90463297,3
P523,2023,724237.2035,3806893.56,4.2008,24.5747,1.9091,1.4615,75.6098,76.6974,0.196,0.051534685,0,0,0.77782017,0.074653551,0.054820416,241,0.936166167,9,40.63053262,3
P525,2023,729067.2035,3838633.56,4.2008,7.5614,1.5,1,50,93.8686,0.0445,0.008515575,0,0,0.727152824,0.042186495,0.229828881,899,19.13954735,0.903034515,38.84248655,4
P528,2023,726307.2035,3820693.56,4.2008,10.712,1.8,1.125,42.8571,91.5599,0.0621,0.012899086,0,0,0.705159485,0.049784327,0.154676024,626,5.253566742,3.106308474,44.35893154,4
P537,2023,688357.2035,3837253.56,2.1004,5.041,1.087,1.087,99.6032,96.3452,0.0249,0.995700305,0,0,0.833110034,0.06107964,0,10,0.914979279,0,31.79690523,2
P541,2023,700087.2035,3835183.56,2.1004,23.9445,1.3696,1.3696,98.2438,78.7913,0.173,0.959969029,0,0,0.932229161,0.087642822,0.001890359,21,0.416504264,0,31.79237363,2
P542,2023,704227.2035,3851743.56,8.4016,18.9036,2.2857,1.1591,40,86.2674,0.1011,0.019839812,0,0,0.689950645,0.117941667,0.07465599,312,6.762478352,0.140004826,38.31291646,3
P549,2023,707677.2035,3837943.56,14.7028,42.218,3,1.3585,67.033,61.6505,0.3255,0.100566204,0,0,0.764856339,0.053144223,0.026984005,92,0.897684634,0,37.7750457,3
P550,2023,736657.2035,3804133.56,4.2008,6.9313,1.2,1,80,93.2476,0.0535,0.009451796,0,0,0.78406781,0.042450971,0.020358789,397,2.614372253,0,44.13440322,3
P558,2023,698017.2035,3820693.56,2.1004,1.8904,1,1,100,97.221,0.0249,0.004907739,0,0,0.647602797,0.0271282,0.179689568,577,3.212186813,0,41.06385368,4
P562,2023,725617.2035,3823453.56,2.1004,2.5205,1,1,0,97.9788,0.0137,0.001890359,0,0,0.698324859,0.042388069,0.285922317,401,9.332885742,0.133108907,40.22460741,4
P571,2023,700087.2035,3846913.56,6.3012,21.4241,2.1111,1.375,67.7419,80.4126,0.1609,0.035731275,0,0,0.744670153,0.068018647,0,171,6.112500191,0,38.9940568,3
P578,2023,724927.2035,3835873.56,8.4016,18.2735,2.2857,1.48,30.7692,87.1347,0.0937,0.019380661,0,0,0.722618937,0.097229552,0.087313939,255,5.015684605,3.599124189,38.85420322,3
P585,2023,691117.2035,3799993.56,2.1004,2.5205,1,1,0,97.9788,0.0137,0.001890359,0,0,0.653354228,0.023167566,0.51012236,908,2.42553997,0,42.30076504,4
P594,2023,717337.2035,3812413.56,4.2008,10.712,1.5,1,70,90.1034,0.0784,0.014645804,0,0,0.725071073,0.068799282,0.066162571,409,1.289219379,5.247551177,39.73992406,3
P601,2023,736657.2035,3828973.56,6.3012,12.6024,1.8333,1.1333,58.3333,88.965,0.0862,0.016059094,0,0,0.789895296,0.049498814,0.04536862,316,2.72523284,5.263157895,38.08173975,3
P625,2023,720097.2035,3811033.56,2.1004,8.1916,1.1429,1.1429,93.3333,88.9797,0.1011,0.022702228,0,0,0.772100031,0.056902817,0.257853199,501,1.956181645,1.171714276,44.05052978,4
P635,2023,730447.2035,3831733.56,6.3012,56.0807,3.1667,1.8904,72.1429,50.5327,0.4216,0.157081121,0,0,0.726746857,0.042129992,0.360096034,964,11.48056126,1.344607104,37.5653919,5
P645,2023,677317.2035,3817933.56,2.1004,10.0819,1.1304,1.1304,99.3952,88.9873,0.0937,0.983172316,0,0,0.918357074,0.096521204,0,5,0.758667588,0,28.56321904,2
P656,2023,684217.2035,3804133.56,2.1004,3.7807,1,1,100,96.5955,0.0249,0.003780718,0,0,0.754885733,0.053203507,0.05948278,307,0.984131217,0,42.42992812,3
P671,2023,723547.2035,3808273.56,12.6024,58.6011,3.5,1.5343,56.25,60.7808,0.2999,0.087504739,0,0,0.750972569,0.057117321,0.000388003,229,1.011993408,0,39.6522237,2
P672,2023,735967.2035,3835873.56,10.502,17.0132,2.3333,1,33.3333,88.0296,0.0862,0.017013233,0,0,0.707201183,0.078092637,0.251441759,632,6.498188496,0.382364348,37.41247132,4
P680,2023,686287.2035,3802063.56,4.2008,40.9578,2.2273,1.5307,87.3832,45.3753,0.5308,0.236655684,0,0,0.814041257,0.051870119,0.043478261,250,0.817570388,0,38.47742593,3
P691,2023,718027.2035,3831043.56,27.3052,95.7782,4.1,1.2916,62.6506,39.652,0.465,0.179268611,0,0,0.734515131,0.071890254,0.001890359,61,7.829510212,100,35.31701677,3
P699,2023,729067.2035,3822073.56,2.1004,5.041,1,1,100,94.5536,0.0445,0.007561437,0,0,0.726852953,0.025379085,0.256903298,643,3.498705626,0.87964668,41.80389595,4
P704,2023,704917.2035,3835183.56,2.1004,35.2867,1.6222,1.6222,97.0924,74.9016,0.1904,0.951786882,0,0,0.905570745,0.127156034,0,18,0.588078618,0,32.32346037,2
P711,2023,730447.2035,3821383.56,2.1004,6.3012,1.25,1.25,75,94.1854,0.0445,0.007561437,0,0,0.698993862,0.024967143,0.32128991,1026,2.550857782,0.75786066,44.22357478,4
P713,2023,697327.2035,3851743.56,4.2008,5.041,1.3333,1,0,96.3452,0.0249,0.003780718,0,0,0.727685332,0.099601147,0.014645804,135,1.283805609,0,38.93310501,2
P734,2023,717337.2035,3831733.56,12.6024,34.0265,2.3125,1.3177,79,61.9609,0.3458,0.104230689,0,0,0.733728409,0.056398427,0.005671078,79,4.509847641,9.999999999,36.31133064,3
P736,2023,666277.2035,3815173.56,4.2008,39.6975,1.5676,1.512,96.7136,36.1864,0.654,0.626328057,0,0,0.783603787,0.035498994,0,105,0.757516682,0,33.12279673,2
P740,2023,729067.2035,3869683.56,6.3012,57.971,2.9412,2.0467,73.6,52.5158,0.3943,0.133701775,0,0,0.78173238,0.103836859,0.286047027,374,15.5686512,0,39.41286828,4
P744,2023,739417.2035,3832423.56,2.1004,5.6711,1.25,1.25,50,95.2273,0.035,0.005671078,0,0,0.63365674,0.037294394,0.238458857,275,7.053697109,1.255486221,40.2632549,4
P748,2023,727687.2035,3837253.56,8.4016,29.6156,2.3636,1.5556,66.6667,74.5804,0.2071,0.050377079,0,0,0.761509597,0.044576531,0.183477407,705,5.045340061,0.63789377,37.83876421,4
P770,2023,714577.2035,3811033.56,8.4016,54.8204,1.9459,1.6616,94.4708,31.6985,0.6572,0.637059956,0,0,0.821834207,0.124423773,0,71,0.744551778,0,34.72317799,2
P779,2023,680077.2035,3856573.56,2.1004,3.7807,1,1,100,96.5955,0.0249,0.003780718,0,0,0.759112239,0.064541133,0.034503534,179,1.072415471,0,41.23177258,3
P787,2023,689737.2035,3855193.56,2.1004,2.5205,1,1,0,97.9788,0.0137,0.001890359,0,0,0.649140716,0.151328699,0.237434584,561,31.45975494,4.029725787,42.79221896,4
P792,2023,710437.2035,3837943.56,4.2008,5.041,1.3333,1,0,96.3452,0.0249,0.003780718,0,0,0.71615231,0.047138146,0.244692358,157,1.45866704,2.822725323,41.8424832,3
P794,2023,726307.2035,3835183.56,6.3012,13.8626,2,1.2593,50,88.676,0.0862,0.01662523,0,0,0.793231308,0.058020504,0.057646995,335,3.38574028,1.403742207,35.4322463,3
P800,2023,701467.2035,3840013.56,14.7028,60.4915,3,1.4456,69.9115,53.9068,0.3726,0.127932142,0,0,0.663243651,0.122540406,0.209803521,466,1.043448806,0.55562726,37.69182877,4
P802,2023,733207.2035,3808273.56,2.1004,1.8904,1,1,0,98.2058,0.0137,0.001890359,0,0,0.786739647,0.022417168,0.258081668,827,2.082804203,1.975770347,45.41193735,4
P807,2023,695257.2035,3848983.56,2.1004,2.5205,1,1,0,97.9788,0.0137,0.001890359,0,0,0.625498056,0.059344784,0.278193056,279,2.256547451,1.572202591,40.1984685,4
P813,2023,729067.2035,3813103.56,2.1004,10.0819,1.3333,1.3333,75,90.9495,0.0704,0.013709584,0,0,0.633524656,0.119530505,0.437122677,914,5.237075329,2.045019475,41.56195893,4
P820,2023,736657.2035,3824143.56,2.1004,6.9313,1.5,1.5,50,94.0439,0.0445,0.00704246,0,0,0.738904536,0.062678413,0.094899365,306,9.300181389,5.933354177,40.68748344,4
P823,2023,721477.2035,3836563.56,4.2008,15.1229,2,1.3788,53.3333,87.0752,0.1011,0.022350882,0,0,0.695331275,0.060349071,0.058601134,316,19.6074791,2.142857143,39.91254262,4
P835,2023,759427.2035,3828283.56,2.1004,1.8904,1,1,0,98.2058,0.0137,0.00141329,0,0,0.563258231,0.026873776,0.662544536,1149,80.73019409,0.374099276,43.28172842,5
P852,2023,723547.2035,3805513.56,4.2008,7.5614,1.5,1,50,93.8686,0.0445,0.008599391,0,0,0.77440387,0.058421816,0.001890359,154,0.826025724,0,37.88068885,2
P859,2023,666967.2035,3804823.56,4.2008,27.7253,1.7619,1.6076,91.7949,51.2518,0.5061,0.21657233,0,0,0.730344296,0.035913985,0,147,0.935431838,0,37.37580638,2
P863,2023,726997.2035,3868993.56,16.8032,50.4096,3.2308,1.3891,57.971,64.6728,0.2726,0.078894026,0,0,0.849158049,0.079549282,0.097451523,177,25.29041672,0,37.75009507,4
P867,2023,707677.2035,3833803.56,8.4016,90.1071,2.8108,2.6411,89.1057,22.9281,0.6659,0.604865417,0,0,0.858534753,0.086418442,0.049251072,109,0.643138468,117.8772109,34.39933191,3
P879,2023,700777.2035,3842773.56,6.3012,6.3012,1.5,1,0,95.2315,0.035,0.007102286,0,0,0.631454825,0.057505287,0.762110504,1343,8.959527969,0.099711719,42.91608318,4
P891,2023,702157.2035,3854503.56,12.6024,27.0951,2.5556,1.0614,51.7241,79.7201,0.1547,0.034485616,0,0,0.633007348,0.140024815,0.031946319,172,3.36803627,0,38.87805632,3
P892,2023,726997.2035,3810343.56,2.1004,3.7807,1,1,100,96.5955,0.0249,0.003780718,0,0,0.737301171,0.077861005,0.130333049,398,4.387362003,1.563814999,41.46599038,4
P898,2023,695257.2035,3839323.56,2.1004,26.465,1.3696,1.3696,98.2438,78.2427,0.173,0.959450052,0,0,0.889419258,0.088992583,0,36,0.651194513,0,33.02420938,2
P901,2023,687667.2035,3822073.56,2.1004,0,1,1,100,0,0,1,0,0,0.930404961,0.092735171,0,2,1.164828062,0,29.17993885,2
P905,2023,699397.2035,3815173.56,2.1004,5.6711,1.25,1.25,75,94.3708,0.0445,0.00704246,0,0,0.718086243,0.043574953,0.04536862,439,3.877147675,0.212543061,41.90243398,3
P911,2023,689737.2035,3810343.56,2.1004,1.2602,1,1,0,98.4448,0.0137,0.001371382,0,0,0.681141853,0.034108021,0.387206775,519,1.967636704,1.773160898,41.03166784,4
P915,2023,731137.2035,3809653.56,6.3012,6.3012,1.5,1,0,95.2315,0.035,0.006106239,0,0,0.761317194,0.095573317,0,347,1.629405379,0,38.13191705,2
P921,2023,680077.2035,3830353.56,2.1004,2.5205,1,1,0,97.9788,0.0137,0.001890359,0,0,0.741605282,0.06885739,0.019839812,179,1.008606315,2.106313966,39.64911367,2
P923,2023,738037.2035,3813793.56,2.1004,2.5205,1,1,0,97.9788,0.0137,0.001890359,0,0,0.733749509,0.080137782,0.10231109,299,2.514440775,2.493632588,42.85132199,3
P925,2023,709747.2035,3819313.56,4.2008,3.7807,1.3333,1,0,96.7501,0.0249,0.004472577,0,0,0.713387489,0.047938302,0.028814539,307,2.980742455,1.40420931,42.12610544,3
P927,2023,704227.2035,3848293.56,6.3012,21.4241,2,1.11,70.9677,80.4149,0.1609,0.039364114,0,0,0.701639771,0.102556818,0.01564185,273,11.37240028,0,37.50085495,3
P928,2023,711127.2035,3837253.56,8.4016,30.2457,2.6,1.3913,55.5556,76.924,0.1788,0.043908171,0,0,0.698278546,0.063582114,0.016701961,103,1.334917784,31.53673504,39.76148494,2
P945,2023,689047.2035,3815173.56,2.1004,46.6289,1.7297,1.7297,95.6381,33.3893,0.664,0.60102386,0,0,0.795868516,0.068066333,0.038457134,604,53.32795715,0,36.64155743,5
P949,2023,722857.2035,3808963.56,12.6024,75.6144,3.0833,2.2828,80,33.7748,0.572,0.255298876,0,0,0.758462369,0.073699102,0.001890359,172,1.215801477,0,36.7285173,2
P955,2023,702157.2035,3809653.56,2.1004,2.5205,1,1,0,97.9788,0.0137,0.001890359,0,0,0.632432461,0.035372183,0.53118515,829,19.70077515,6.609214704,43.12980857,4
P961,2023,726997.2035,3836563.56,8.4016,42.8481,2.5,1.3146,75,63.0185,0.3086,0.093665553,0,0,0.790161192,0.075697783,0.07554847,284,3.676191092,16.31629891,36.1011296,3
P968,2023,735277.2035,3828283.56,2.1004,1.2602,1,1,0,98.4448,0.0137,0.00301738,0,0,0.734070599,0.059464815,0.113152186,394,2.296309948,2.639135283,37.48091826,3
P971,2023,669727.3274,3851053.689,2.1004,2.5205,1,1,0,97.9788,0.0137,0.001891069,0,0,0.668228567,0.112937372,0.063341855,192,1.133023977,1.967518848,42.44861632,3
P974,2023,700777.2035,3845533.56,6.3012,17.0132,2.3333,1.4583,20,88.8294,0.0784,0.015122873,0,0,0.677942395,0.075079598,0.092544604,207,10.69695377,24.57529314,39.98361143,3
P975,2023,694567.2035,3852433.56,6.3012,10.712,1.8,1.1333,20,92.4205,0.0535,0.008932819,0,0,0.723815441,0.115471713,0.003780718,97,3.618889332,0,37.36453236,3
P976,2023,735967.2035,3832423.56,2.1004,3.1506,1,1,100,94.4653,0.0535,0.008408591,0,0,0.718579412,0.064998952,0.154341582,539,4.508695126,0.738789404,37.60532401,4
P981,2023,704227.2035,3853123.56,4.2008,13.8626,1.7143,1.4091,66.6667,87.3597,0.1011,0.020793951,0,0,0.691134989,0.086176223,0.09009254,249,8.450014114,0.428642272,38.56023599,3
P1005,2023,702157.2035,3840013.56,6.3012,11.3422,1.8,1,42.8571,91.3993,0.0621,0.011342155,0,0,0.649125159,0.106284419,0.112357249,419,0.971038759,0,38.61553632,3
P1009,2023,681457.2035,3855883.56,2.1004,3.7807,1,1,100,96.5955,0.0249,0.004299695,0,0,0.750732005,0.125632392,0.122975079,126,3.332958937,0,41.27166367,3
P1018,2023,734587.2035,3820003.56,2.1004,3.7807,1,1,100,96.5955,0.0249,0.003780718,0,0,0.619476557,0.033345589,0.157263825,470,4.168757916,3.28135907,40.5038462,4
P1023,2023,681457.2035,3802063.56,2.1004,10.0819,1.6,1.6,57.1429,91.678,0.0621,0.011342155,0,0,0.719399333,0.031578458,0.05771106,244,0.935908854,0,41.63544301,3
P1024,2023,695257.2035,3812413.56,2.1004,6.3012,1,1,100,93.4251,0.0535,0.009451796,0,0,0.691204131,0.04040468,0.211678319,207,7.170219898,0.550570694,38.39650589,4
P1027,2023,691117.2035,3813793.56,2.1004,5.041,1,1,100,95.3548,0.035,0.005671078,0,0,0.568944812,0.027832183,0.644425915,1390,14.36523533,0.103058313,41.92056805,5
P1035,2023,709057.2035,3844843.56,4.2008,68.683,2.5152,2.2824,89.858,25.3512,0.6931,0.511145767,0,0,0.841385722,0.098678152,0.081099895,91,3.016615152,0,34.73153583,4
P1038,2023,724927.2035,3811033.56,4.2008,7.5614,1.5,1.2222,0,94.8585,0.035,0.006190054,0,0,0.718873858,0.095441307,0.095332694,337,2.197317839,43.42785536,41.27202619,3
P1045,2023,686977.2035,3802063.56,6.3012,30.8759,1.75,1.5797,93.8235,39.5521,0.6461,0.356816326,0,0,0.890810966,0.089501841,0,195,1.167679429,0,37.63852488,2
P1052,2023,742177.2035,3820693.56,4.2008,10.712,1.5,1.125,70,90.1034,0.0784,0.014645804,0,0,0.663235605,0.037592431,0.295813513,530,4.643316746,4.234706736,39.76017331,4
P1066,2023,742867.2035,3817933.56,2.1004,8.8217,1.1667,1.1667,91.6667,89.9914,0.0862,0.017013233,0,0,0.713595569,0.030564404,0.464694927,469,1.404680133,1.026414712,45.09967341,4
P1076,2023,682837.2035,3840703.56,6.3012,27.0951,2.1538,1.4665,76.1905,70.8745,0.2584,0.072043186,0,0,0.608186007,0.069081873,0.043597913,330,6.426127911,0.221270895,39.76116695,3
P1079,2023,693877.2035,3804133.56,4.2008,13.8626,1.8333,1.2593,58.3333,88.6492,0.0862,0.017013233,0,0,0.746288419,0.055089261,0.001890359,169,1.549787998,0,39.5558943,2
P1080,2023,730447.2035,3839323.56,12.6024,34.6566,2.5385,1.1846,71.0145,67.8561,0.2726,0.07650868,0,0,0.705667317,0.055269902,0.266290017,509,27.62643433,0,38.61785462,5
P1095,2023,740797.2035,3820003.56,2.1004,1.2602,1,1,0,98.4448,0.0137,0.001025287,0,0,0.661690474,0.048573808,0.237570616,764,2.228576899,0.16041727,42.43972467,3
P1104,2023,720097.2035,3831043.56,14.7028,48.5192,3.1429,1.4238,60.5263,63.383,0.291,0.090219276,0,0,0.718367934,0.063710762,0,81,8.214011192,0,36.98864677,3
P1108,2023,742177.2035,3812413.56,2.1004,3.7807,1,1,100,96.5955,0.0249,0.003780718,0,0,0.815529287,0.03419892,0.110201716,274,9.918992996,3.29802331,44.53770473,4
P1114,2023,738037.2035,3835183.56,6.3012,16.3831,1.75,1.3673,70,84.9292,0.1222,0.026077025,0,0,0.671964824,0.024368396,0.41833975,714,9.529964447,2.544553287,40.14382404,4
P1115,2023,675937.2035,3806893.56,2.1004,17.0132,1.7,1.7,78.125,81.036,0.167,0.038098704,0,0,0.713304043,0.018714039,0.179195105,496,0.775838375,0.213232777,39.94879133,4
P1119,2023,679387.2035,3833803.56,2.1004,5.041,1.3333,1.3333,0,96.3452,0.0249,0.003780718,0,0,0.670595765,0.070295989,0.079872154,395,2.462612867,0.993730314,39.9904604,3
P1126,2023,690427.2035,3836563.56,2.1004,0,1,1,100,0,0,1,0,0,0.903973222,0.102620949,0,7,1.458679438,0,31.25046105,2
P1137,2023,706987.2035,3842083.56,4.2008,6.3012,1.25,1,50,95.0453,0.035,0.005671078,0,0,0.72047621,0.060394331,0.119092628,296,4.017109394,2.5,40.36578121,3
P1148,2023,718027.2035,3813793.56,4.2008,7.5614,1.5714,1.2727,73.3333,89.1308,0.1011,0.023740182,0,0,0.707347691,0.066762428,0.143190227,436,5.569599152,0.267567011,41.45140552,4
P1151,2023,711127.2035,3836563.56,6.3012,11.9723,1.8333,1.3,50,89.8199,0.0784,0.014126827,0,0,0.649790704,0.08214933,0.044474307,111,1.329619765,186.8719012,40.04497893,3
P1156,2023,708367.2035,3813793.56,2.1004,4.4108,1,1,100,94.0223,0.0535,0.010405935,0,0,0.65693891,0.027567329,0.494268566,630,4.058953762,0,39.34566909,4
P1181,2023,713887.2035,3831043.56,14.7028,73.0939,3.2,1.9301,74.7126,42.4574,0.4765,0.181640278,0,0,0.769272447,0.038537992,0.001037954,120,5.515936375,0,35.98743564,3
P1186,2023,709747.2035,3846913.56,8.4016,15.1229,2,1.125,40,89.0984,0.0784,0.015122873,0,0,0.778551877,0.068859197,0.039238392,183,2.659931421,0,35.53970089,3
P1189,2023,695947.2035,3840013.56,4.2008,76.2445,2.5,1.7371,89.7872,23.7028,0.6918,0.482301462,0,0,0.840168595,0.104529652,0.052011755,117,0.655437946,3.65608924,35.1268445,3
P1198,2023,688357.2035,3837943.56,2.1004,0,1,1,100,0,0,1,0,0,0.868482947,0.148405225,0,13,0.713429093,0,32.75040481,2
P1204,2023,732517.2035,3837253.56,10.502,54.8204,2.8889,1.4558,75.3623,51.1125,0.4183,0.148669685,0,0,0.735197127,0.046456207,0.394308047,862,18.74551773,0.193621191,38.61902582,5
P1206,2023,726307.2035,3838633.56,2.1004,2.5205,1,1,0,97.9788,0.0137,0.001890359,0,0,0.656689763,0.049643252,0.255143425,557,14.27813053,2.131656482,39.23714477,4
P1212,2023,735277.2035,3835183.56,12.6024,103.3396,3.3846,2.4415,79.0541,24.9106,0.6145,0.306072387,0,0,0.725553691,0.061554067,0.042047053,335,6.952083111,0.695623386,35.4594415,3
P1225,2023,683527.2035,3835183.56,2.1004,4.4108,1.3333,1.3333,0,96.5452,0.0249,0.003303649,0,0,0.671801925,0.128723848,0.053365218,650,2.085277796,0,41.85441108,3
P1231,2023,701467.2035,3837253.56,4.2008,88.2168,2.6154,2.2588,90.9091,27.3928,0.6176,0.696028523,0,0,0.895892859,0.071991094,0,246,0.651370406,0,34.29816672,2
P1236,2023,702157.2035,3834493.56,8.4016,105.8601,3.1026,2.303,88.5953,26.0957,0.5963,0.717007009,0,0,0.970977366,0.07194155,0,43,0.301179409,0,33.46861766,2
P1239,2023,686977.2035,3816553.56,2.1004,10.712,1.4286,1.4286,76.9231,88.8116,0.0937,0.017346661,0,0,0.564857364,0.032427469,0.335103548,2007,82.14033508,0.028513546,42.58869504,5
P1245,2023,730447.2035,3830353.56,4.2008,27.7253,2.0909,1.4333,75.5102,74.1136,0.2178,0.055672821,0,0,0.641919494,0.026077029,0.667392937,1403,9.601668358,1.556698183,41.07839793,5
P1249,2023,735967.2035,3830353.56,10.502,20.1638,2.25,1.0938,58.3333,82.8886,0.1356,0.032840632,0,0,0.729662597,0.026262169,0.386950897,796,2.998169184,0.681753063,38.62126566,4
P1255,2023,731827.2035,3834493.56,25.2048,136.1059,5,1.8223,62.2047,23.6628,0.5759,0.263928852,0,0,0.686629236,0.063077111,0.005671078,737,8.769174576,0,35.15997591,3
P1267,2023,695257.2035,3851743.56,10.502,11.3422,2,1,25,90.8185,0.0704,0.014223309,0,0,0.738176823,0.064635404,0.007561437,120,2.243549585,0,38.65052844,2
P1268,2023,705607.2035,3837253.56,4.2008,61.1216,1.8605,1.7556,95.6316,48.1042,0.4377,0.846845596,0,0,0.932655513,0.098557367,0.001371382,44,0.645418823,100,33.05701122,2
P1270,2023,746317.2035,3830353.56,2.1004,3.1506,1,1,100,95.9497,0.035,0.004239869,0,0,0.54325664,0.031560407,0.808309372,995,41.04991913,0.381779916,42.53370998,5
P1271,2023,707677.2035,3844153.56,14.7028,44.7385,2.8571,1.2962,63.8889,64.9123,0.2819,0.082795216,0,0,0.768596947,0.07305988,0.00308886,176,3.428012133,0,35.96306392,3
P1277,2023,720787.2035,3810343.56,14.7028,64.9023,2.9524,1.4276,78.0749,42.4453,0.4956,0.195899912,0,0,0.760345399,0.063456643,0,239,1.880177021,0,38.24764213,3
P1278,2023,708367.2035,3843463.56,8.4016,14.4928,2,1.2333,46.1538,87.8979,0.0937,0.018688802,0,0,0.76379931,0.116431898,0.00282658,103,3.258656025,0,36.70379558,3
P1318,2023,775987.2035,3835183.56,2.1004,7.5614,1.6,1.6,57.1429,92.3597,0.0621,0.009433877,0,0,0.614008844,0.052171775,0.513955489,488,0.795026481,1.848262075,42.91366254,4
P1321,2023,730447.2035,3806203.56,10.502,44.7385,2.7143,1.4543,68.4211,64.1212,0.291,0.082597,0,0,0.786055565,0.078021682,0.009970773,195,0.918190658,0,39.87075085,2
P1332,2023,738727.2035,3831733.56,4.2008,5.6711,1.5,1,50,94.4029,0.0445,0.006130229,0,0,0.662348032,0.034760939,0.287852558,542,6.435343266,0.819029068,39.60352341,4
P1346,2023,694567.2035,3847603.56,12.6024,20.794,2.4444,1.218,55.1724,81.0966,0.1547,0.032409708,0,0,0.754663527,0.081971785,0.038845137,194,3.018320799,0,37.28067749,3
P1360,2023,696637.2035,3811723.56,4.2008,8.1916,1.4,1,60,92.9219,0.0535,0.009451796,0,0,0.717993736,0.047464442,0.031283701,369,11.20262623,0,39.71561419,3
P1361,2023,679387.2035,3816553.56,6.3012,19.5337,1.2667,1.1323,98.7487,77.5269,0.2016,0.953458214,0,0,0.883347988,0.075697797,0,14,4.78020525,0,29.63433296,3
P1365,2023,700777.2035,3815173.56,4.2008,13.2325,1.6667,1.4412,76,84.1125,0.1421,0.0369068,0,0,0.778858721,0.041097636,0.078959923,192,2.977123261,4.609423378,38.88549482,3
P1371,2023,675963.7139,3816524.743,2.3691,0,1.0455,1.0455,99.7763,0,0,0.996486321,0,0,0.922061801,0.077625626,0,5,1.061532855,0,28.975256,2
P1384,2023,718027.2035,3808963.56,6.3012,10.712,1.8,1.1667,42.8571,91.5599,0.0621,0.011992106,0,0,0.798712313,0.071470655,0.005688996,214,0.897212625,39.62440781,39.98806111,2
P1385,2023,730447.2035,3868993.56,8.4016,28.3554,2.0714,1.2947,80.2632,67.9058,0.291,0.086790724,0,0,0.76912272,0.129840945,0.53218514,570,15.33529091,0.143099421,42.89001534,5
P1389,2023,695257.2035,3854503.56,2.1004,2.5205,1,1,0,97.9788,0.0137,0.002278362,0,0,0.691977382,0.162539135,0.025093646,152,1.609583497,12.08526568,40.1940258,2
P1396,2023,711817.2035,3811723.56,6.3012,42.8481,1.6047,1.4851,96.9732,53.8618,0.4183,0.862591012,0,0,0.876029015,0.111739246,0.00141329,38,0.680307746,0,32.71583652,2
P1399,2023,724927.2035,3804133.56,8.4016,99.5589,3.0714,1.9767,83.0409,22.7208,0.6473,0.349108403,0,0,0.813934267,0.082002644,0.003780718,137,0.650805831,0,36.51843614,2
P1407,2023,693877.2035,3794473.56,2.1004,22.0542,1.2667,1.2667,98.7193,72.2523,0.2584,0.934656355,0,0,0.958585441,0.110123051,0,18,0.529181421,0,31.05115525,2
P1426,2023,733897.2035,3813103.56,2.1004,5.041,1,1,100,95.3548,0.035,0.005671078,0,0,0.747835159,0.062616365,0.239525039,379,3.221127987,2.890467218,41.51342485,4
P1440,2023,733897.2035,3830353.56,10.502,41.5879,2.9286,1.6651,62.5,65.5436,0.2819,0.081017913,0,0,0.763259232,0.030667385,0.26928442,807,4.243144989,0.504472424,38.05108285,4
P1444,2023,718027.2035,3816553.56,4.2008,6.3012,1.4,1.2,60,93.4504,0.0535,0.011229099,0,0,0.706257224,0.079047042,0.186452354,528,15.82194233,0.845368427,42.14778642,4
P1457,2023,711817.2035,3846223.56,2.1004,1.8904,1,1,0,98.2058,0.0137,0.001371382,0,0,0.7050246,0.032109237,0.168056417,228,2.237019777,0.460289423,42.58600257,3
P1471,2023,721477.2035,3812413.56,6.3012,14.4928,2.1667,1.1944,41.6667,88.5625,0.0862,0.015629183,0,0,0.62200278,0.053031471,0.484917684,1681,3.812105656,0.621027779,41.49285704,4
P1480,2023,714577.2035,3869683.56,6.3012,11.3422,1.5,1,62.5,90.6399,0.0704,0.013232514,0,0,0.607165992,0.083008919,0.098590197,158,1.053729773,0.684316414,40.14034192,3
P1487,2023,731137.2035,3830353.56,4.2008,21.4241,1.5455,1.1453,85.3659,77.5176,0.196,0.049149338,0,0,0.670375764,0.025905887,0.784491971,1371,7.756538391,0.280886971,41.58735354,5
P1490,2023,669037.2035,3852433.56,2.1004,1.8904,1,1,0,98.2058,0.0137,0.001371382,0,0,0.695525587,0.154377803,0.018903592,174,0.650805831,2.222222222,38.86810787,2
P1498,2023,730447.2035,3811723.56,6.3012,6.9313,1.5,1,0,95.0435,0.035,0.00562917,0,0,0.779533803,0.075991672,0.064385267,354,2.670201302,0,42.54509506,3
P1512,2023,680077.2035,3820693.56,2.1004,23.3144,1.1944,1.1944,98.8215,40.052,0.6748,0.60644547,0,0,0.893971086,0.056531962,0.007561437,112,4.992084503,0,34.52533172,3
P1516,2023,689737.2035,3842773.56,10.502,29.6156,2.4167,1.3405,66,73.1989,0.2231,0.053316715,0,0,0.558582306,0.090155488,0.210534919,576,5.441944122,23.47645936,39.92637574,4
P1519,2023,698017.2035,3849673.56,6.3012,53.5602,2.4286,1.6248,84.6154,44.1553,0.5061,0.199697535,0,0,0.688854396,0.134246618,0.150691838,91,1.251245975,0,38.91459947,4
P1523,2023,674557.2035,3815173.56,2.1004,0,1,1,100,0,0,1,0,0,0.914003789,0.09228846,0,4,1.036811352,0,30.38423021,2
P1526,2023,682837.2035,3821383.56,2.1004,24.5747,1.4444,1.4444,97.9317,78.1455,0.1788,0.956694621,0,0,0.922035038,0.095000856,0,8,3.582901001,0,28.28292968,3
P1529,2023,688357.2035,3822763.56,2.1004,28.9855,1.4,1.4,98.0912,71.6192,0.2436,0.93993943,0,0,0.928437591,0.081077997,0,20,0.656000078,0,31.67225298,2
P1549,2023,694567.2035,3853123.56,14.7028,25.8349,2.75,1.0476,30,83.0589,0.1222,0.026029867,0,0,0.717584789,0.123131771,0.011342155,63,5.107952595,0,37.9800051,3
P1565,2023,726307.2035,3837943.56,2.1004,7.5614,1.2,1.2,85.7143,92.3389,0.0621,0.011342155,0,0,0.682137132,0.073482503,0.047796694,365,5.661809921,0,38.48073977,3
P1575,2023,664897.2035,3812413.56,2.1004,7.5614,1.5,1.5,0,94.8585,0.035,0.005671078,0,0,0.697666109,0.012699259,0,256,1.457265139,0,39.77418054,2
P1581,2023,727687.2035,3816553.56,2.1004,26.465,2.2,2.2,70,76.7246,0.1904,0.04630484,0,0,0.746145248,0.10012481,0.02359129,340,6.198771477,80.65191383,39.76273812,3
P1582,2023,691807.2035,3824833.56,14.7028,78.765,3.1667,1.9485,79.0323,33.3046,0.57,0.256544048,0,0,0.804032445,0.037406694,0,143,0.657910883,0,37.09518848,2
P1603,2023,691117.2035,3804133.56,10.502,13.2325,2.2,1,14.2857,91.1249,0.0621,0.011342155,0,0,0.698428273,0.033115358,0.407248221,725,4.337529182,1.416863735,40.89548278,4
P1607,2023,718027.2035,3814483.56,8.4016,25.8349,2.2727,1.4325,68.8889,75.4459,0.2071,0.048641684,0,0,0.728111923,0.064253741,0.076091436,348,7.819436073,0.509523378,40.80667201,3
P1608,2023,719407.2035,3807583.56,4.2008,76.8746,2.4474,1.9062,91.7169,27.9524,0.6387,0.658582995,0,0,0.849155128,0.065365844,0,52,0.849538028,0,33.60913253,2
P1621,2023,704917.2035,3834493.56,4.2008,68.683,2,1.8241,94.8035,39.4502,0.5212,0.778402305,0,0,0.888912082,0.102745066,0.009970773,52,0.529114485,0,34.21965491,2
P1625,2023,708367.2035,3817933.56,4.2008,9.4518,1.8,1.3333,42.8571,91.8863,0.0621,0.013507129,0,0,0.730865657,0.050519829,0.084129942,266,2.686197519,0,40.91281641,3
P1628,2023,709057.2035,3843463.56,4.2008,3.1506,1.3333,1,0,96.9609,0.0249,0.002438577,0,0,0.758421183,0.102583161,0,137,2.846428633,0,39.11185165,2
P1635,2023,679387.2035,3855193.56,12.6024,28.9855,2.5556,1.2368,51.7241,79.3254,0.1547,0.035916824,0,0,0.723922133,0.143288558,0.013274422,253,4.857135773,0,37.6523569,3
P1636,2023,748387.2035,3822073.56,2.1004,1.8904,1,1,0,98.2058,0.0137,0.001371382,0,0,0.674737036,0.029283411,0.240162275,495,5.764794827,1.524831325,42.74247416,4
P1638,2023,682147.2035,3802063.56,2.1004,2.5205,1,1,100,97.0042,0.0249,0.005337649,0,0,0.73079294,0.039485073,0.107666657,345,0.935560584,0,40.62525291,3
P1645,2023,729757.2035,3837943.56,6.3012,17.6434,2.125,1.5,55,84.6454,0.1222,0.029709864,0,0,0.801594019,0.050502727,0.168723274,334,17.62454987,0.62995214,37.32348321,4
P1646,2023,674557.2035,3854503.56,2.1004,3.1506,1,1,100,96.7967,0.0249,0.003261741,0,0,0.695651412,0.152842646,0.02268431,127,2.277834654,0,40.86171897,3
P1653,2023,708367.2035,3846223.56,21.004,131.695,4.3333,1.8677,73.2938,17.802,0.6437,0.352653188,0,0,0.813868284,0.096384871,0.003780718,74,2.53243947,0,34.30086282,3
P1670,2023,709057.2035,3833803.56,2.1004,8.1916,1.1087,1.1087,99.5,92.185,0.0621,0.989223981,0,0,0.88631779,0.114506803,0,33,0.753079832,0,32.20017189,2
P1674,2023,716647.2035,3830353.56,14.7028,57.3409,3.4118,1.4358,67.2,52.5964,0.3943,0.13703601,0,0,0.712750614,0.04433905,0,85,8.204738617,0,37.45494925,3
P1683,2023,704227.2035,3849673.56,14.7028,55.4505,3.5714,1.4561,53.8462,61.7538,0.2954,0.086002383,0,0,0.730119288,0.141409436,0.018903592,154,9.630067825,2.222222222,36.76885583,3
P1694,2023,733897.2035,3815863.56,6.3012,17.0132,1.75,1.2308,66.6667,85.3655,0.1153,0.026566762,0,0,0.735702872,0.053930288,0.250219601,695,2.613262415,1.11672871,43.32301345,4
P1708,2023,734587.2035,3831733.56,6.3012,58.6011,2.8889,1.8219,73.4375,51.7811,0.4013,0.141235804,0,0,0.74590534,0.062087249,0.181874331,789,3.591207504,0.424576524,37.33329476,4
P1709,2023,732517.2035,3805513.56,8.4016,84.436,3.4583,2.8254,77.3077,31.1792,0.5817,0.263392777,0,0,0.858903289,0.073024425,0.002236454,108,0.950882316,0,37.40113418,2
P1712,2023,690427.2035,3837253.56,2.1004,20.1638,1.3043,1.3043,98.5685,82.3225,0.1421,0.969939802,0,0,0.907521009,0.158315056,0.001890359,24,0.665151894,0,32.64345529,2
P1721,2023,728377.2035,3810343.56,2.1004,2.5205,1,1,0,97.9788,0.0137,0.001890359,0,0,0.69405508,0.065425931,0.247249048,816,4.833879948,0.154089442,41.94706602,4
P1722,2023,710437.2035,3818623.56,2.1004,1.8904,1,1,100,97.221,0.0249,0.002438577,0,0,0.739961803,0.033537649,0,294,3.239853859,0,42.13292142,3
P1725,2023,718717.2035,3817243.56,10.502,14.4928,2.4,1.1111,0,91.0459,0.0621,0.012768112,0,0,0.680553794,0.041321168,0.416846016,886,21.2435627,0.208446669,40.59100025,4
P1728,2023,726307.2035,3868993.56,6.3012,36.5469,2.3077,1.5468,73.0159,68.6647,0.2584,0.073348672,0,0,0.84850359,0.055759788,0.154584599,189,28.35716248,0,38.89453148,4
P1729,2023,733897.2035,3828973.56,12.6024,71.8336,3.2857,1.6686,74.8691,40.5684,0.5009,0.203801373,0,0,0.766119838,0.059903718,0.008932819,394,2.746373415,0,35.28126927,3
P1736,2023,686287.2035,3831043.56,8.4016,7.5614,2,1,0,94.1797,0.0445,0.009165526,0,0,0.647469699,0.032442937,0.076406946,426,1.248105764,0.50736601,39.62955929,3
P1737,2023,740107.2035,3836563.56,4.2008,7.5614,1.5,1.2222,0,94.8585,0.035,0.005671078,0,0,0.63145256,0.034434166,0.558761344,657,15.48852634,0.117434516,39.22339738,4
P1739,2023,738037.2035,3834493.56,4.2008,39.0674,2.2667,2.0057,77.6471,63.4939,0.3129,0.094643681,0,0,0.624462068,0.042825648,0.192136624,527,6.910782814,2.243703862,38.10472179,4
P1740,2023,695947.2035,3812413.56,2.1004,12.6024,1.4286,1.4286,80,87.6843,0.1011,0.020793951,0,0,0.70768553,0.043685806,0.082698734,266,7.878921986,0,39.4865808,3
P1752,2023,733207.2035,3831733.56,10.502,65.5325,3.2941,1.5358,69.2913,50.7446,0.3978,0.136063953,0,0,0.763412118,0.03742151,0.252759911,471,5.00339222,0.30711558,37.30408713,4
P1762,2023,731137.2035,3808963.56,8.4016,23.9445,2.3333,1.2105,58.6207,80.3725,0.1547,0.035916824,0,0,0.753104031,0.062181711,0.030245747,349,1.433564067,1.333333333,37.53705128,3
P1764,2023,731827.2035,3828973.56,12.6024,65.5325,3.6875,1.6099,60.9091,53.6651,0.3651,0.124030952,0,0,0.731704056,0.048016501,0.05289422,387,5.27800703,4.086898886,36.57687401,3
P1786,2023,693187.2035,3804133.56,4.2008,12.6024,1.5714,1,76.4706,87.0828,0.1083,0.022249148,0,0,0.740030527,0.049197621,0.052489644,261,2.199996948,1.784478076,41.66594294,3
P1787,2023,687667.2035,3813103.56,2.1004,25.8349,1.6923,1.6923,86.1538,70.8833,0.2632,0.072167077,0,0,0.524407387,0.04313253,0.639233739,1727,23.7621727,2.702387503,41.68578917,5
P1796,2023,735277.2035,3811033.56,4.2008,5.041,1.25,1,50,95.412,0.035,0.00562917,0,0,0.751905739,0.032694798,0.049520436,359,4.752873898,2.857142857,42.86074448,3
P1813,2023,740797.2035,3835873.56,4.2008,10.712,1.5,1.1429,62.5,90.8029,0.0704,0.012755445,0,0,0.595196247,0.021785829,0.577675245,1013,17.77148247,1.866507107,40.98897814,5
P1817,2023,758737.2035,3828283.56,2.1004,2.5205,1,1,100,96.1649,0.035,0.00562917,0,0,0.609690547,0.037072943,0.26442384,519,76.85627747,0,43.68337067,5
P1820,2023,695947.2035,3842083.56,2.1004,5.041,1.3333,1.3333,0,96.3452,0.0249,0.003780718,0,0,0.599982262,0.055544752,0.282616642,1041,6.541183949,1.358738876,39.89972801,4
P1830,2023,711127.2035,3843463.56,10.502,28.9855,2.5455,1.2491,58.5366,75.681,0.196,0.052882078,0,0,0.74486506,0.076621581,0.012380109,147,2.22156477,3.604202587,36.85790537,3
P1845,2023,709057.2035,3813793.56,4.2008,6.3012,1.4,1,60,93.4504,0.0535,0.009451796,0,0,0.678633988,0.036113625,0.428647129,857,3.457688093,0.268151234,39.32411295,4
P1847,2023,715267.2035,3871063.56,6.3012,12.6024,1.8333,1.125,50,89.6622,0.0784,0.014168735,0,0,0.523233414,0.229872885,0.09937011,156,0.842973053,0,38.89493657,3
P1850,2023,721477.2035,3870373.56,10.502,50.4096,2.9286,1.6692,63.5135,63.4173,0.2865,0.082221665,0,0,0.728363812,0.22123288,0.013232514,162,1.004974246,0,39.91608093,2
P1859,2023,718027.2035,3812413.56,2.1004,5.041,1,1,100,95.3548,0.035,0.005671078,0,0,0.7376858,0.053414235,0.027317434,373,1.64696455,10.58097784,40.74970394,3
P1867,2023,707677.2035,3848293.56,2.1004,3.1506,1,1,100,95.9497,0.035,0.004114147,0,0,0.702440023,0.078430918,0.062858922,150,3.632129431,2.389686394,37.03910432,3
P1880,2023,699397.2035,3837253.56,4.2008,47.8891,1.8605,1.2933,95.7225,53.5441,0.4082,0.855187764,0,0,0.886845112,0.14512974,0.013751491,36,0.65297842,14.03660196,33.59615714,3
P1882,2023,713887.2035,3836563.56,6.3012,9.4518,1.8,1,42.8571,91.8863,0.0621,0.012773363,0,0,0.771558762,0.053172282,0.011342155,124,3.701569557,0,38.89295841,3
P1886,2023,695257.2035,3833803.56,4.2008,57.971,1.9048,1.8551,95.3202,44.3933,0.4903,0.795367366,0,0,0.881540716,0.078306681,0,28,0.498356074,0,31.20037807,2
P1887,2023,671797.2035,3853123.56,6.3012,8.1916,1.75,1,25,93.7814,0.0445,0.007084367,0,0,0.60236603,0.071236374,0.146655436,564,0.988561809,0.804497403,41.9915948,3
P1891,2023,660067.2035,3809653.56,2.1004,7.5614,1,1,100,91.6565,0.0704,0.013232514,0,0,0.724736214,0.012687428,0.296774248,618,1.31090343,0.38962664,40.18572017,4
P1897,2023,701467.2035,3815173.56,2.1004,26.465,2.25,2.25,73.2143,72.6601,0.2386,0.061577426,0,0,0.783123851,0.066831937,0.013232514,200,2.120461941,0,37.6344811,3
P1898,2023,697327.2035,3837253.56,2.1004,34.6566,1.4889,1.4889,97.6963,73.0815,0.2125,0.945006702,0,0,0.936353028,0.085361462,0,11,0.650805831,0,31.99688034,2
P1906,2023,682837.2035,3841393.56,4.2008,32.7662,1.9333,1.5908,83.908,64.6855,0.3171,0.09540702,0,0,0.639897645,0.066088148,0.058510723,277,5.93175745,12.6471277,39.82658597,3
P1922,2023,681457.2035,3854503.56,4.2008,5.041,1.25,1,50,95.412,0.035,0.004675031,0,0,0.693533003,0.082684189,0.001890359,101,15.69047737,0,40.27585341,3
P1934,2023,753217.2035,3819313.56,2.1004,2.5205,1,1,0,97.9788,0.0137,0.001890359,0,0,0.688034773,0.0305881,0.005080952,203,14.07911301,6.878238259,42.43517836,3
P1946,2023,745627.2035,3830353.56,4.2008,18.9036,1.8889,1.5,74.1935,81.0417,0.1609,0.039238392,0,0,0.586409211,0.035577405,0.723062912,1661,38.20636749,0.318724862,42.71032455,5
P1957,2023,707677.2035,3845533.56,18.9036,70.5734,3.2632,1.2711,70.7483,46.5855,0.4345,0.159154184,0,0,0.816885054,0.071485686,0,183,2.569371462,0,35.50735854,3
P1962,2023,735967.2035,3801373.56,2.1004,60.4915,2.0476,2.0476,94.7619,47.2306,0.4501,0.835629651,0,0,0.876495302,0.143299398,0,34,1.145283699,0,33.63292915,2
P1999,2023,689737.2035,3823453.56,10.502,47.8891,2.6071,1.3148,87.3596,33.6464,0.6551,0.367284492,0,0,0.78933841,0.055752088,0.108209624,135,0.725515902,0.724075068,36.98209657,3
P2009,2023,737347.2035,3833113.56,4.2008,6.3012,1.25,1,50,95.0453,0.035,0.005671078,0,0,0.636208296,0.048857055,0.176072767,603,5.523354054,0.723632267,38.6585383,4
P2015,2023,721477.2035,3813103.56,4.2008,5.6711,1.5,1.2222,0,95.423,0.035,0.005623919,0,0,0.657944798,0.051406705,0.398839437,962,9.749578476,0.121551625,42.83967836,4
P2026,2023,726307.2035,3822073.56,4.2008,18.9036,1.875,1.3047,70.8333,83.1733,0.1356,0.030764724,0,0,0.6798563,0.040103067,0.113922609,450,8.098495483,0.337466966,40.75194776,4
P2033,2023,682837.2035,3840013.56,4.2008,10.0819,1.4444,1.2206,84,85.0854,0.1421,0.027203033,0,0,0.607728004,0.111706899,0.1963185,766,6.338527679,0.801181852,40.52625481,4
P2035,2023,696637.2035,3833803.56,2.1004,8.8217,1.1522,1.1522,99.3028,93.6108,0.0445,0.992438563,0,0,0.925216198,0.044870445,0,36,0.456532001,0,29.7840466,2
P2052,2023,726997.2035,3834493.56,8.4016,11.9723,1.8571,1,60,87.8542,0.1011,0.017501624,0,0,0.778054774,0.061698325,0.038266334,292,3.492761612,12.40091031,35.8193702,3
P2053,2023,721477.2035,3811033.56,10.502,25.8349,2.5556,1.3835,51.7241,79.9879,0.1547,0.037085752,0,0,0.661861539,0.081587293,0.111809032,757,2.200857878,0.974348259,40.27920578,3
P2054,2023,731137.2035,3836563.56,10.502,20.794,2.1,1.2727,67.6471,79.5405,0.173,0.047915526,0,0,0.752295017,0.091763274,0.08980102,344,9.989593506,1.005761103,36.72256591,4
P2061,2023,715267.2035,3835873.56,6.3012,27.7253,2.2,1.7143,62.5,78.4715,0.167,0.039697543,0,0,0.682524502,0.048208239,0.012565658,163,5.617540836,38.44906112,38.23241282,3
P2076,2023,731827.2035,3818623.56,2.1004,5.041,1,1,100,95.3548,0.035,0.005671078,0,0,0.808327258,0.042120786,0.233759837,386,1.954301715,0,38.48469939,4
P2081,2023,738727.2035,3828283.56,2.1004,6.3012,1.25,1.25,75,94.1854,0.0445,0.007561437,0,0,0.694939077,0.090609612,0.064336276,168,2.687515259,0.605438839,37.22172042,3
P2087,2023,726307.2035,3806203.56,10.502,32.1361,2.5455,1.4368,63.8298,73.5639,0.2125,0.053300141,0,0,0.753995061,0.070672136,0.178479257,406,0.954900205,6.98951204,41.52046414,4
P2104,2023,705607.2035,3844153.56,6.3012,9.4518,1.6667,1.15,60,90.4537,0.0784,0.014389107,0,0,0.63677603,0.085062108,0.024060943,609,5.806389809,0,40.0698046,3
P2107,2023,713197.2035,3833113.56,10.502,93.2577,2.8056,1.7149,89.1304,21.6602,0.6733,0.607510832,0,0,0.780343115,0.103863203,0,147,1.322663188,0,34.62129497,2
P2111,2023,720097.2035,3813103.56,6.3012,8.8217,1.75,1,25,93.6108,0.0445,0.008515575,0,0,0.738630593,0.041443463,0.100180607,580,7.219697952,0.856520901,40.67669868,3
P2114,2023,733897.2035,3822763.56,2.1004,5.041,1.3333,1.3333,0,96.3452,0.0249,0.004168721,0,0,0.738697767,0.04559053,0.147778266,539,3.251233101,0.618171422,40.06105304,3
P2124,2023,770467.2035,3819313.56,2.1004,4.4108,1.3333,1.3333,0,96.5452,0.0249,0.003780718,0,0,0.79339993,0.035274423,0.074470441,167,0.808075905,0,50.11377593,3
P2126,2023,708367.2035,3846913.56,18.9036,38.4373,3.3636,1.2529,44.6809,72.4011,0.2125,0.051921343,0,0,0.827835143,0.083607013,0.010346109,74,2.118163109,0,35.96316136,2
P2130,2023,772537.2035,3831733.56,2.1004,3.7807,1,1,100,95.7447,0.035,0.005671078,0,0,0.686158299,0.043923402,0.466586631,437,1.113971353,0.583760627,45.30695122,4
P2147,2023,763567.2035,3817933.56,2.1004,1.2602,1,1,0,98.4448,0.0137,0.001025287,0,0,0.631417215,0.028676384,0.502477108,545,12.17024612,0.804156345,45.44356175,4
P2150,2023,707677.2035,3836563.56,6.3012,61.7517,2.027,1.8186,93.8611,29.3753,0.664,0.636844872,0,0,0.824515045,0.120458604,0.019362743,52,0.695624709,0,35.35895393,3
P2155,2023,676627.2035,3804823.56,2.1004,12.6024,1.25,1.25,88.8889,86.5123,0.1153,0.024574669,0,0,0.710452795,0.06498353,0.211015701,250,0.725726366,0.180787192,40.64460527,4
P2159,2023,735277.2035,3829663.56,18.9036,110.271,3.96,2.2341,72.6937,25.6969,0.5927,0.276176974,0,0,0.819105983,0.035842177,0.053109009,509,2.558180094,1.124281223,36.56250906,3
P2161,2023,695257.2035,3813103.56,2.1004,3.1506,1,1,100,96.7967,0.0249,0.003780718,0,0,0.689040661,0.04243844,0.083880329,242,4.967577934,0.944004172,39.71145301,3
P2168,2023,709747.2035,3840013.56,4.2008,13.8626,1.875,1.2444,68.1818,85.0098,0.129,0.024245479,0,0,0.700961113,0.077639826,0.210318259,437,1.890439391,0.366104711,41.43664257,4
P2171,2023,700087.2035,3812413.56,2.1004,8.8217,1,1,100,87.1244,0.1222,0.025427074,0,0,0.66108197,0.041397667,0.403852087,865,11.45869923,1.240087728,40.19579928,4
P2173,2023,692497.2035,3824143.56,10.502,27.0951,2.6,1.3588,52.9412,78.1186,0.173,0.039034924,0,0,0.768661201,0.046601569,0.011342155,288,0.736576617,0,39.42420507,2
P2183,2023,738727.2035,3835873.56,10.502,44.1084,2.5,1.4628,70.8333,65.0416,0.2819,0.083193722,0,0,0.676428914,0.095478912,0.173955964,605,10.04021645,10.945718,38.77658421,4
P2185,2023,732517.2035,3815863.56,2.1004,6.3012,1,1,100,93.4251,0.0535,0.009451796,0,0,0.701911867,0.057062188,0.108926816,502,1.977365375,1.382441804,39.63992027,3
P2194,2023,760807.2035,3813793.56,2.1004,8.8217,1.1667,1.1667,87.5,91.288,0.0704,0.013232514,0,0,0.54441154,0.029365514,0.54785098,544,10.74941731,0.775209694,43.07950106,5
P2206,2023,758737.2035,3828973.56,4.2008,4.4108,1.5,1,50,94.7769,0.0445,0.009034552,0,0,0.635176182,0.036635748,0.44857365,586,77.14356995,0,43.58031592,5
P2211,2023,731137.2035,3822073.56,2.1004,2.5205,1,1,0,97.9788,0.0137,0.001890359,0,0,0.731547296,0.027672496,0.31059111,637,2.91152668,0.371971461,43.16698175,4
P2213,2023,725617.2035,3805513.56,4.2008,47.259,2.45,2.2737,83.7079,47.6145,0.4821,0.176283697,0,0,0.754608631,0.083255802,0.001890359,477,0.847532034,0,38.04077143,2
P2218,2023,687667.2035,3822763.56,2.1004,5.6711,1.0652,1.0652,99.7012,94.4029,0.0445,0.992045309,0,0,0.938315332,0.092819178,0,8,0.716385841,0,29.80696305,2
P2236,2023,684907.2035,3815173.56,2.1004,10.0819,1.1429,1.1429,94.1176,87.8277,0.1083,0.02268431,0,0,0.482782334,0.039197353,0.373642703,3115,69.05776978,0,42.03460382,5
P2237,2023,696637.2035,3816553.56,4.2008,23.3144,1.75,1.3719,83.3333,73.9436,0.2335,0.064767199,0,0,0.665809691,0.012267589,0.268679602,980,8.798453331,22.82927937,41.49950433,4
P2247,2023,703537.2035,3848983.56,12.6024,34.6566,3.1111,1.31,38.7097,77.7851,0.1609,0.037330114,0,0,0.734314919,0.09054235,0.057623006,182,12.22463894,0,38.40776994,3
P2260,2023,681457.2035,3826903.56,2.1004,10.0819,1.1304,1.1304,99.3915,87.2399,0.1153,0.976856539,0,0,0.834661901,0.102527232,0,17,0.631037533,0,31.80273259,2
P2267,2023,725617.2035,3812413.56,8.4016,25.2048,2.2727,1.375,68.8889,75.5949,0.2071,0.055960103,0,0,0.700057328,0.101685427,0.097938901,472,3.265142679,0.284025561,39.78497188,3
P2271,2023,710437.2035,3845533.56,18.9036,80.6553,3.6111,1.6726,66.4286,45.9854,0.4216,0.149380282,0,0,0.794026971,0.062810672,0.007084367,91,2.646932364,0,35.39966766,3
P2276,2023,692497.2035,3812413.56,6.3012,15.1229,1.75,1.3673,70,85.2478,0.1222,0.026029867,0,0,0.676940203,0.063113162,0.036949527,278,3.885777235,84.12666735,40.43072908,3
P2283,2023,680767.2035,3833803.56,4.2008,28.9855,2,1.4005,79.3651,70.432,0.2584,0.073741926,0,0,0.686196983,0.088870179,0.000388003,179,1.110024452,0,37.89250238,2
P2288,2023,680767.2035,3855883.56,8.4016,24.5747,2.5,1.2726,40,83.1998,0.1222,0.026465028,0,0,0.731890082,0.228265379,0.238138096,221,2.810602665,0.445944618,40.54653181,4
P2313,2023,689737.2035,3837253.56,2.1004,0,1,1,100,0,0,1,0,0,0.904996514,0.103517773,0,12,0.70287782,0,32.31375237,2
P2322,2023,681457.2035,3855193.56,6.3012,6.9313,1.75,1,25,94.128,0.0445,0.007561437,0,0,0.728757381,0.175275061,0.031098152,92,7.829605103,0,39.36582932,3
P2331,2023,666967.2035,3850363.56,4.2008,7.5614,1.6,1.1333,40,93.1478,0.0535,0.010405935,0,0,0.622525632,0.089568113,0.067144937,282,1.498970628,0,44.40322086,3
P2340,2023,702157.2035,3838633.56,6.3012,105.23,3.2143,2.3286,82.1839,21.3984,0.6507,0.354082038,0,0,0.773131609,0.09039731,0.022726218,138,0.818720639,0,35.70856503,3
P2351,2023,731137.2035,3832423.56,6.3012,17.0132,1.8889,1.1421,72.4138,82.0368,0.1547,0.035612636,0,0,0.661204755,0.029997584,0.304746332,705,10.72452641,1.464608312,37.36617079,4
P2352,2023,706297.2035,3845533.56,23.1044,63.6421,3.625,1.514,61.1111,54.3378,0.3613,0.109716218,0,0,0.836774349,0.109086268,0,59,4.114152908,0,34.49897694,3
P2370,2023,685597.2035,3806893.56,2.1004,2.5205,1,1,0,97.9788,0.0137,0.001890359,0,0,0.709153533,0.04267181,0.00141329,133,2.70163703,0,42.49687734,2
P2380,2023,736657.2035,3817243.56,2.1004,11.3422,1.25,1.25,90,86.3162,0.1222,0.026465028,0,0,0.754934311,0.050083792,0.059996506,409,3.847490311,3.739974323,42.47265798,3
P2381,2023,716647.2035,3813793.56,2.1004,2.5205,1,1,0,97.9788,0.0137,0.001890359,0,0,0.706446648,0.092797806,0.140324098,518,2.88368535,0.482212542,41.00982885,3
P2382,2023,695947.2035,3837943.56,2.1004,0,1,1,100,0,0,1,0,0,0.881352484,0.066546468,0,48,0.557361066,0,31.80363923,2
P2398,2023,690427.2035,3813103.56,2.1004,6.3012,1,1,100,93.4251,0.0535,0.009451796,0,0,0.660026371,0.032261316,0.200283754,916,10.15489101,0.243521742,41.86911968,4
P2403,2023,733897.2035,3835183.56,14.7028,50.4096,3.4286,1.3768,56.4103,62.6452,0.2954,0.092581453,0,0,0.689073563,0.055774218,0.16724592,601,8.226322174,0,36.58694746,4
P2436,2023,731137.2035,3835183.56,25.2048,101.4493,4.1905,1.6697,65.641,34.9834,0.5061,0.205888603,0,0,0.719795704,0.090005432,0.08443413,255,7.913537025,3.422717933,36.3631886,4
P2448,2023,737347.2035,3835873.56,4.2008,12.6024,1.6667,1.1333,66.6667,88.9501,0.0862,0.017144207,0,0,0.712384343,0.037516426,0.141629058,725,8.403010368,0.914072655,37.42452657,4
P2453,2023,702847.2035,3850363.56,2.1004,2.5205,1,1,100,97.0042,0.0249,0.004257788,0,0,0.737728894,0.095252177,0.023203287,101,4.981563091,0,39.2692848,3
P2454,2023,697327.2035,3851053.56,12.6024,18.2735,2.2857,1.1,30.7692,87.1347,0.0937,0.019380661,0,0,0.771104276,0.086342399,0.003780718,95,1.360321641,0,38.11775303,2
P2459,2023,757357.2035,3820693.56,2.1004,5.041,1,1,100,94.5536,0.0445,0.007561437,0,0,0.501915991,0.027465971,0.753888282,813,58.57136154,2.689419272,44.23706666,5
P2461,2023,752527.2035,3829663.56,4.2008,6.3012,1.25,1,50,95.0453,0.035,0.005671078,0,0,0.674594581,0.035706763,0.498241965,698,7.016124249,0.849659369,42.58878596,4
P2462,2023,691117.2035,3848983.56,2.1004,3.7807,1,1,100,96.5955,0.0249,0.003780718,0,0,0.609813333,0.093498595,0.061094286,499,4.995729923,0,39.39816388,3
P2487,2023,704227.2035,3834493.56,8.4016,84.436,2.7297,1.5288,90.0467,25.2657,0.6518,0.640289611,0,0,0.91189456,0.067695965,0.009451796,83,0.462606519,0,33.90508918,2
P2496,2023,722167.2035,3808273.56,6.3012,46.6289,1.9524,1.5627,89.8477,45.7148,0.5087,0.211857797,0,0,0.763504207,0.071507146,0.014067001,287,1.052824736,15.44766095,37.93075665,3
P2497,2023,691807.2035,3824143.56,2.1004,1.8904,1,1,0,98.2058,0.0137,0.002367429,0,0,0.776373088,0.023915864,0,451,0.677211404,0,41.48299069,2
P2499,2023,719407.2035,3835873.56,4.2008,5.6711,1.25,1,50,95.2273,0.035,0.005671078,0,0,0.653672159,0.087741785,0.078608577,128,23.48327827,0,35.55206028,4
P2501,2023,693877.2035,3852433.56,4.2008,4.4108,1.3333,1,0,96.5452,0.0249,0.003780718,0,0,0.716391742,0.110099694,0.004633124,143,6.727962017,0,38.06039008,3
P2509,2023,739417.2035,3800683.56,10.502,63.012,3.1667,2.2551,72.5352,48.869,0.4248,0.152948044,0,0,0.811833501,0.115292487,0.016077012,77,2.451352119,0,36.08937208,3
P2515,2023,680077.2035,3801373.56,6.3012,18.9036,1.6429,1.2675,88.75,69.9579,0.2999,0.095939677,0,0,0.754232347,0.051996931,0.014663722,150,0.829784095,2.959845651,39.42280726,2
P2527,2023,736657.2035,3802063.56,21.004,92.6276,4.2,1.6151,62.3529,39.6071,0.4708,0.178976078,0,0,0.866618216,0.085476494,0,88,1.533427358,0,36.63741598,2
P2530,2023,761497.2035,3830353.56,4.2008,4.4108,1.3333,1,0,96.5452,0.0249,0.003780718,0,0,0.470401168,0.050229994,0.856254959,1246,86.14247894,0.497783874,43.84763912,5
P2534,2023,736657.2035,3811033.56,2.1004,2.5205,1,1,100,96.1649,0.035,0.006190054,0,0,0.756262183,0.049802709,0.066687619,272,10.52336979,1.042424123,46.77118364,4
P2535,2023,678697.2035,3855883.56,8.4016,21.4241,2,1.0667,66.6667,81.4759,0.1485,0.034026465,0,0,0.69275552,0.194624338,0.232013119,439,1.768974543,1.209660626,38.78083406,4
P2537,2023,715267.2035,3844153.56,2.1004,2.5205,1,1,0,97.9788,0.0137,0.001890359,0,0,0.775710583,0.058395623,0.011342155,174,2.4376266,0,39.47227221,2
P2557,2023,693877.2035,3842083.56,6.3012,27.7253,2.25,1.4526,73.2143,72.3549,0.2386,0.061839706,0,0,0.686306,0.058957077,0.564427218,1652,8.883245468,0.067208367,41.90103357,5
P2559,2023,718027.2035,3811033.56,12.6024,25.8349,2.5,1.3333,60.5263,77.3561,0.1846,0.045840438,0,0,0.762137532,0.067588618,0.003780718,321,1.233191371,0,38.99801117,2
P2566,2023,697327.2035,3837943.56,2.1004,35.2867,1.5217,1.5217,97.5207,76.6643,0.173,0.959371488,0,0,0.945860982,0.057705112,0,22,0.650805831,0,32.25641527,2
P2573,2023,692497.2035,3842773.56,2.1004,2.5205,1,1,0,97.9788,0.0137,0.001890359,0,0,0.63500452,0.054646363,0.346119444,897,8.994094849,0.109831461,41.0926591,4
P2575,2023,736657.2035,3831733.56,6.3012,36.5469,2.1333,1.6324,82.4742,62.0513,0.3378,0.108973975,0,0,0.704303265,0.061108249,0.274423366,565,4.581991196,0.71341962,37.0527079,4
P2583,2023,721477.2035,3822763.56,4.2008,22.6843,2,1.7389,70.9677,80.1155,0.1609,0.037807183,0,0,0.607227325,0.053193034,0.552737575,1476,20.61494827,1.276997282,40.78755554,5
P2594,2023,729757.2035,3831733.56,10.502,55.4505,3.1765,2.2402,69.9187,53.2979,0.3908,0.129426069,0,0,0.727016091,0.055906266,0.138795395,561,11.69620132,1.382634457,36.42432304,4
P2611,2023,702847.2035,3836563.56,4.2008,45.3686,1.6364,1.5657,96.8539,57.9514,0.3613,0.88162322,0,0,0.922890604,0.080478829,0.001890359,32,0.494001031,0,33.45948437,2
P2612,2023,698707.2035,3846913.56,16.8032,50.4096,3.3077,1.2719,50.8197,66.4613,0.2535,0.067820222,0,0,0.698769391,0.093444859,0.011342155,206,5.421730518,0,38.89661977,3
P2622,2023,705607.2035,3846913.56,8.4016,22.6843,2.2,1.3261,66.6667,78.584,0.1788,0.039929237,0,0,0.632736206,0.138621549,0.079878225,221,10.13955116,0,37.46822347,4
P2634,2023,728377.2035,3834493.56,8.4016,23.3144,1.9,1.0682,73.5294,78.9432,0.173,0.041110832,0,0,0.722759843,0.032405897,0.194892543,471,4.381149292,0.395655093,37.0474407,4
P2647,2023,675937.2035,3850363.56,2.1004,2.5205,1,1,100,97.0042,0.0249,0.002742764,0,0,0.637233019,0.133837392,0.017710674,898,15.39005852,0,39.7161252,4
P2651,2023,689047.2035,3813793.56,2.1004,20.1638,1.5,1.5,93.9024,57.1482,0.462,0.160099369,0,0,0.588396549,0.038463437,0.693329011,1188,32.80051422,25.32848161,41.0544962,5
P2654,2023,705607.2035,3838633.56,16.8032,85.6963,3.3077,1.3772,80.1325,27.7408,0.6191,0.313295145,0,0,0.718220949,0.086641243,0.048111384,101,0.862276971,0,34.75753352,3
P2658,2023,749077.2035,3824143.56,2.1004,6.3012,1.25,1.25,75,94.1854,0.0445,0.007561437,0,0,0.668693364,0.029608603,0.619442431,711,11.11177444,1.440944962,43.77709505,5
P2662,2023,691807.2035,3804133.56,2.1004,6.3012,1.2,1.2,85.7143,92.7149,0.0621,0.011819224,0,0,0.730831444,0.043050861,0.07430363,486,4.295935631,0.387785208,42.79475088,3
P2668,2023,738727.2035,3835183.56,4.2008,59.8614,2.7222,1.8856,76.8657,50.6699,0.4116,0.143190227,0,0,0.671943069,0.026023162,0.224065844,737,9.784061432,1.103610239,38.65736432,4
P2672,2023,690427.2035,3804823.56,2.1004,8.8217,1.3333,1.3333,80,90.6207,0.0784,0.015122873,0,0,0.620618761,0.047500307,0.29023656,793,6.388352871,1.383065278,43.85246897,4
P2676,2023,715267.2035,3837943.56,6.3012,8.8217,1.75,1,25,93.6108,0.0445,0.007561437,0,0,0.740339339,0.057416911,0.324097227,241,11.31673241,22.88241437,40.18540138,4
P2681,2023,693187.2035,3821383.56,4.2008,30.2457,2.3636,1.6178,69.3878,73.5193,0.2178,0.056233706,0,0,0.77366209,0.031547663,0.031883647,263,3.497332573,0,39.35689829,3
P2682,2023,689737.2035,3808963.56,2.1004,2.5205,1,1,0,97.9788,0.0137,0.001890359,0,0,0.697340786,0.057127092,0.009946784,342,2.568733454,100,43.70401757,2
P2688,2023,722167.2035,3835183.56,6.3012,17.6434,1.875,1.3429,68.1818,84.0446,0.129,0.028832457,0,0,0.64011389,0.121115185,0.264346096,159,14.8524828,0.290193453,38.41470025,4
P2692,2023,725617.2035,3831733.56,2.1004,2.5205,1,1,0,97.9788,0.0137,0.002409336,0,0,0.722678602,0.054816148,0.060282775,329,3.839396477,0.953341631,37.9402842,3
P2700,2023,698017.2035,3798613.56,2.1004,3.1506,1,1,100,95.9497,0.035,0.007746985,0,0,0.683851182,0.026307938,0.339738064,704,0.879830241,0.339517386,43.44595302,4
P2708,2023,700087.2035,3847603.56,23.1044,83.1758,3.85,1.4891,67.6136,40.3655,0.4793,0.183991621,0,0,0.741100967,0.112963934,0.02438912,152,3.945396185,6.05947697,36.27864493,3
P2729,2023,733207.2035,3832423.56,10.502,27.0951,2.4,1.1812,61.1111,77.5785,0.1788,0.044081053,0,0,0.697313845,0.088132985,0.153633012,599,6.612571239,0,37.69071127,4
P2733,2023,703537.2035,3851053.56,4.2008,6.9313,1.5,1.2222,0,95.0435,0.035,0.006709031,0,0,0.678616047,0.132348854,0.044145117,148,5.035665989,0,39.62859721,3
P2744,2023,679387.2035,3799993.56,4.2008,7.5614,1.5,1,50,93.8686,0.0445,0.00794944,0,0,0.78428036,0.038626845,0.13140684,249,0.783833146,0,38.79236209,3
P2747,2023,736657.2035,3829663.56,4.2008,23.9445,1.625,1.4917,90.3846,64.2365,0.3536,0.108173787,0,0,0.801343918,0.039020291,0.104363008,341,2.786197424,0.464221793,37.01710063,3
P2754,2023,720787.2035,3812413.56,8.4016,11.9723,2,1,28.5714,91.3162,0.0621,0.011211181,0,0,0.71469295,0.054638288,0.161217425,632,3.402906179,1.245577924,41.44552653,3
P2758,2023,707677.2035,3823453.56,2.1004,2.5205,1,1,0,97.9788,0.0137,0.001890359,0,0,0.724130929,0.020966414,0.485702654,684,12.42010117,0.156901691,44.78398827,4
P2767,2023,733207.2035,3835183.56,4.2008,60.4915,2.6316,1.9626,80,47.5308,0.447,0.164938317,0,0,0.698263049,0.040663759,0.407106219,928,9.863714218,1.392905195,39.4102594,5
P2771,2023,721477.2035,3822073.56,2.1004,10.712,1.8,1.8,42.8571,91.5599,0.0621,0.010865086,0,0,0.615772247,0.050014769,0.606999844,1008,16.77877045,0.281123911,44.56418101,5
P2788,2023,717337.2035,3836563.56,6.3012,12.6024,1.8333,1.3,50,89.6622,0.0784,0.015033807,0,0,0.757857561,0.089243359,0.001890359,264,18.49884796,0,39.00262515,4
P2792,2023,700777.2035,3820693.56,4.2008,5.6711,1.5,1,50,94.4029,0.0445,0.006130229,0,0,0.695434034,0.04973184,0.011908291,430,1.571477413,0,39.30309136,2
P2811,2023,683527.2035,3854503.56,2.1004,2.5205,1,1,0,97.9788,0.0137,0.001890359,0,0,0.690368235,0.123194124,0.010865086,459,18.61871338,0,39.4437328,3
P2818,2023,734587.2035,3830353.56,12.6024,88.2168,3.0833,2.3144,79.6748,31.6938,0.568,0.257148673,0,0,0.763593733,0.055494344,0.031134808,751,3.38825798,3.571021309,36.19758718,3
P2829,2023,705607.2035,3845533.56,8.4016,22.0542,2.1,1.2787,72.5,77.7805,0.1904,0.046960375,0,0,0.630347669,0.125551555,0.017949453,209,6.320552349,0,37.34387259,3
P2841,2023,723547.2035,3859333.56,2.1004,1.8904,1,1,0,98.2058,0.0137,0.001890359,0,0,0.723389864,0.048033955,0.772023283,780,11.52955532,0.723866224,44.16162894,4
P2849,2023,669727.2035,3852433.56,4.2008,11.3422,1.8,1.3333,42.8571,91.3993,0.0621,0.011342155,0,0,0.694623291,0.173583145,0.04192133,265,0.719637752,39.52654577,40.62127276,3
P2856,2023,695947.2035,3835183.56,2.1004,58.6011,1.8837,1.8837,95.6769,53.2826,0.3836,0.871319019,0,0,0.921897709,0.050936937,0,39,0.369294286,0,31.35357326,2
P2881,2023,678007.2035,3817243.56,2.1004,2.5205,1.0217,1.0217,99.9008,97.0042,0.0249,0.995742212,0,0,0.799789488,0.039553866,0,7,2.097615004,0,28.2863053,3
P2912,2023,733897.2035,3803443.56,8.4016,47.8891,2.2727,1.4498,86,44.9138,0.5137,0.202710483,0,0,0.810350716,0.114686348,0.001890359,208,0.881573141,0,36.41163505,2
P2925,2023,693187.2035,3837253.56,6.3012,57.3409,2,1.8749,94.9153,46.1873,0.4708,0.821411925,0,0,0.87973851,0.058192814,0.005194008,66,0.650805831,0,32.43361884,2
P2927,2023,740797.2035,3829663.56,2.1004,1.8904,1,1,0,98.2058,0.0137,0.001890359,0,0,0.639212728,0.043691237,0.436087081,692,4.745556355,0.648286638,40.38974859,4
P2932,2023,713197.2035,3842773.56,18.9036,66.1626,3.2778,1.1633,69.8529,49.1212,0.4149,0.141305939,0,0,0.795547187,0.097934149,0.019511635,118,2.506019831,0,36.93164639,3
P2934,2023,709057.2035,3844153.56,4.2008,63.6421,2.1429,1.4643,92.8187,27.1491,0.686,0.540841805,0,0,0.795132816,0.100988837,0,102,3.065515518,0,33.98402373,3
P2937,2023,733897.2035,3868993.56,2.1004,2.5205,1,1,0,97.9788,0.0137,0.001890359,0,0,0.741399944,0.0735813,0.666529209,193,11.88081551,0,42.59056561,4
P2944,2023,716647.2035,3870373.56,2.1004,1.8904,1,1,0,98.2058,0.0137,0.001890359,0,0,0.707266808,0.065254397,0.106922057,310,0.879619479,0.359959748,41.2084436,3
P2965,2023,730447.2035,3867613.56,4.2008,27.7253,2,1.5684,73.1707,75.9573,0.196,0.049626408,0,0,0.788645208,0.067313587,0.279518293,504,22.57684708,0,39.55075835,4
P2966,2023,729757.2035,3809653.56,4.2008,27.0951,1.9167,1.6263,79.6296,72.967,0.2335,0.067356833,0,0,0.726135254,0.120161529,0.148651242,544,2.632879496,1.924270502,41.37934538,4
P2970,2023,701467.2035,3854503.56,6.3012,12.6024,1.5714,1,69.2308,88.3085,0.0937,0.020853777,0,0,0.643124223,0.125235236,0.066621722,161,3.305640459,0,39.26332401,3
P2981,2023,714577.2035,3870373.56,12.6024,55.4505,3.2857,1.4845,58.9744,61.713,0.2954,0.085483406,0,0,0.453494251,0.206098249,0.014831353,88,0.881931365,41.02709158,38.03856857,2
P2994,2023,686977.2035,3821383.56,2.1004,0,1,1,100,0,0,1,0,0,0.888762593,0.062146626,0,5,4.599369049,0,28.14353011,3
P3012,2023,680767.2035,3853813.56,4.2008,12.6024,1.6667,1.2963,66.6667,88.9501,0.0862,0.017013233,0,0,0.67612201,0.138574397,0,140,24.16631508,0,38.02311098,4
P3028,2023,678007.2035,3802063.56,6.3012,13.8626,2,1.2667,50,88.676,0.0862,0.016536163,0,0,0.766530335,0.044595275,0.024055692,239,0.725392461,0,40.44569434,2
P3031,2023,726997.2035,3835873.56,4.2008,8.1916,1.3333,1.1714,75,91.4702,0.0704,0.013625768,0,0,0.803794324,0.070491768,0.06570342,480,3.43243742,0,35.51496855,3
P3036,2023,738037.2035,3809653.56,2.1004,7.5614,1.1667,1.1667,91.6667,90.3753,0.0862,0.017532209,0,0,0.782011926,0.029532915,0.042791653,380,30.33149719,0,46.7435631,4
P3048,2023,677317.2035,3814483.56,2.1004,60.4915,2.0455,2.0455,94.8775,56.2845,0.3458,0.889446937,0,0,0.909912169,0.068320445,0,32,1.41841352,0,31.54242924,2
P3050,2023,724237.2035,3805513.56,6.3012,17.6434,2,1.3525,76.5957,77.1466,0.2125,0.064083438,0,0,0.766083539,0.077024254,0,209,0.822117984,0,38.75038917,2
P3053,2023,697327.2035,3813103.56,2.1004,2.5205,1,1,0,97.9788,0.0137,0.001890359,0,0,0.668871641,0.019929251,0.362277046,884,6.584445,0.758213522,42.62086472,4
P3058,2023,693187.2035,3853813.56,10.502,13.8626,2.2,1,14.2857,90.969,0.0621,0.011861132,0,0,0.718484938,0.142688584,0.024574669,97,11.89246273,17.14285714,38.69192972,3
P3062,2023,731137.2035,3831733.56,10.502,32.1361,2.6667,1.3235,64.2857,71.307,0.2386,0.063700825,0,0,0.670027614,0.037566372,0.337892983,1434,10.58719158,0.903457429,38.75943801,4
P3092,2023,753907.2035,3820003.56,2.1004,7.5614,1,1,100,91.6565,0.0704,0.013232514,0,0,0.588073313,0.023558623,0.403923761,555,29.72306824,35.40477609,43.02540101,5
P3095,2023,742177.2035,3810343.56,2.1004,3.7807,1,1,100,96.5955,0.0249,0.003780718,0,0,0.795514822,0.034287112,0.357703555,376,12.51186943,0.378461042,43.85188487,4
P3098,2023,735967.2035,3820693.56,4.2008,7.5614,1.5,1.3429,62.5,91.6572,0.0704,0.013704332,0,0,0.725182533,0.038629662,0.093366949,541,9.073665619,0.844040054,42.91307284,4
P3100,2023,735277.2035,3802063.56,8.4016,83.8059,2.5676,2.0921,90.8082,24.8441,0.6582,0.644108192,0,0,0.88235271,0.123644036,0,100,0.975907743,0,35.32036609,2
P3127,2023,733207.2035,3833113.56,6.3012,14.4928,1.625,1.1083,77.2727,84.856,0.129,0.027359341,0,0,0.652470171,0.049522411,0.330052741,834,7.161827087,6.276145089,39.66726615,4
P3129,2023,715267.2035,3817933.56,2.1004,1.8904,1,1,0,98.2058,0.0137,0.001371382,0,0,0.702109039,0.051287041,0.060677042,373,2.87545228,10.42745193,41.82741427,3
P3133,2023,704227.2035,3833113.56,2.1004,60.4915,1.9302,1.9302,95.255,47.7279,0.4439,0.842933572,0,0,0.908056796,0.097869765,0,38,0.523608923,0,31.97419742,2
P3135,2023,694567.2035,3855883.56,4.2008,11.3422,1.8,1.3333,42.8571,91.3993,0.0621,0.011342155,0,0,0.716236472,0.168744062,0.233014223,194,4.124396324,0,41.55333134,4
P3140,2023,729757.2035,3839323.56,6.3012,11.9723,1.5,1.1209,77.7778,86.6697,0.1153,0.02362053,0,0,0.65301919,0.037304882,0.49090851,528,26.51761436,0.372446455,40.74980115,5
P3144,2023,738037.2035,3828973.56,10.502,51.6698,2.5556,1.3498,79.1045,52.3925,0.4116,0.140804881,0,0,0.757652879,0.055757891,0.063254009,207,3.0568645,1.102128151,36.87054686,3
P3148,2023,702157.2035,3848293.56,18.9036,35.2867,2.9,1.131,50,75.4308,0.1846,0.044545455,0,0,0.737043917,0.091405087,0.001890359,124,7.720255375,0,36.80044711,3
P3155,2023,726997.2035,3808273.56,12.6024,40.3277,2.7059,1.5241,76.4228,56.6756,0.3908,0.130977749,0,0,0.764748752,0.105308192,0.001890359,268,1.347744346,0,40.5028645,2
P3164,2023,731827.2035,3804133.56,4.2008,76.8746,2.3023,2.2271,93.511,47.5381,0.4116,0.863126563,0,0,0.875083148,0.152036878,0.015122873,36,0.651226759,12,32.63983154,3
P3171,2023,729757.2035,3831043.56,8.4016,20.1638,2.1111,1.1421,65.5172,81.2388,0.1547,0.036656174,0,0,0.688300192,0.043320957,0.115205118,606,10.72665024,0,37.14144903,4
P3183,2023,720787.2035,3813793.56,2.1004,6.3012,1.25,1.25,50,95.0453,0.035,0.005671078,0,0,0.695640028,0.045574789,0.623225223,1226,14.65312481,1.072477476,41.51338487,5
P3187,2023,733207.2035,3828973.56,2.1004,8.8217,1.1667,1.1667,87.5,91.288,0.0704,0.013232514,0,0,0.78316915,0.066287786,0.039697543,278,3.404780388,6.25,37.31860623,3
P3190,2023,717337.2035,3811033.56,10.502,30.8759,2.3571,1.2163,75.641,66.8608,0.2954,0.092707176,0,0,0.772979677,0.071132051,0.001890359,242,1.127496719,0,40.39772608,2
P3201,2023,706297.2035,3833113.56,2.1004,54.1903,1.907,1.907,95.4172,50.1711,0.4313,0.850280219,0,0,0.861429274,0.071277824,0,40,0.542187929,0,31.94873612,2
P3206,2023,670417.2035,3854503.56,8.4016,11.3422,2,1,28.5714,91.4744,0.0621,0.010388016,0,0,0.57269752,0.223008769,0.070031343,119,0.650805831,0,40.73134384,3
P3217,2023,728377.2035,3817933.56,8.4016,17.0132,2,1.1,46.1538,87.3034,0.0937,0.0209795,0,0,0.723948061,0.042265549,0.145891084,508,3.833535194,0.262548563,37.61034574,3
P3219,2023,740797.2035,3804133.56,4.2008,18.2735,2,1.6,70.9677,81.1942,0.1609,0.041969834,0,0,0.782560945,0.036363726,0.002409336,332,1.468011737,0,42.20600819,2
P3230,2023,733207.2035,3837943.56,2.1004,1.8904,1,1,0,98.2058,0.0137,0.002928313,0,0,0.733515501,0.046119155,0.327050054,545,28.48283005,1.757867828,39.31200376,4
P3233,2023,708367.2035,3833803.56,4.2008,71.2035,2.275,2.194,93.254,35.7411,0.5597,0.758522943,0,0,0.841777265,0.079230099,0.019839812,84,0.687566876,8.005058561,33.52867002,3
P3236,2023,662137.2035,3812413.56,2.1004,20.1638,1.6,1.6,82.3529,79.7359,0.173,0.041587902,0,0,0.742646754,0.03677191,0,509,1.604737282,0,37.26647638,3
P3241,2023,760117.2035,3815863.56,6.3012,11.3422,1.8,1,42.8571,91.3993,0.0621,0.011342155,0,0,0.595437825,0.032703489,0.442140772,402,8.057027817,1.299293064,41.17272568,4
P3242,2023,711817.2035,3840013.56,6.3012,9.4518,1.6,1,57.1429,91.8445,0.0621,0.010823178,0,0,0.729317725,0.072901905,0.033549396,188,2.473287106,0,40.51538634,3
P3245,2023,723547.2035,3836563.56,2.1004,1.8904,1,1,0,98.2058,0.0137,0.00141329,0,0,0.719919741,0.057802866,0.18082978,284,7.604358673,0,40.04542441,3
P3248,2023,688357.2035,3844843.56,4.2008,4.4108,1.25,1,50,95.5998,0.035,0.005671078,0,0,0.595118523,0.075101356,0.416892982,1113,6.443645477,0.091101071,42.18460273,4
P3258,2023,723547.2035,3848293.56,2.1004,5.041,1,1,100,94.5536,0.0445,0.007561437,0,0,0.589333475,0.04111872,0.790839834,1431,50.2481041,3.243705443,44.29087781,5
P3275,2023,738727.2035,3801373.56,2.1004,1.8904,1,1,0,98.2058,0.0137,0.001890359,0,0,0.813466966,0.054988149,0.006607298,235,2.274929523,0,41.22972525,2
P3276,2023,694567.2035,3819313.56,2.1004,15.1229,1.5,1.5,83.3333,84.153,0.1356,0.030245747,0,0,0.749822378,0.02721468,0.004257788,254,6.079610348,0,44.189983,3
P3305,2023,710437.2035,3819313.56,2.1004,2.5205,1,1,0,97.9788,0.0137,0.002278362,0,0,0.717793226,0.050816563,0.013046965,307,3.031623602,0,41.49312789,3
P3314,2023,696637.2035,3851743.56,6.3012,20.1638,2.2857,1.3,47.0588,85.3059,0.1083,0.02268431,0,0,0.731966376,0.090338484,0.006148147,83,1.466329813,0,39.1480485,2
P3322,2023,744247.2035,3812413.56,2.1004,3.7807,1,1,100,96.5955,0.0249,0.003780718,0,0,0.769080639,0.044621591,0.169196105,367,3.174801588,1.437044183,47.0210802,4
P3342,2023,684217.2035,3855883.56,4.2008,15.1229,2,1.5926,50,88.3708,0.0862,0.017013233,0,0,0.76280117,0.184338128,0.246794135,126,8.740643501,0,39.878551,4
P3344,2023,695947.2035,3840703.56,10.502,82.5457,3.1667,2.2151,79.0323,32.573,0.57,0.246860852,0,0,0.765416682,0.077615577,0.117380733,242,1.619309068,0.059144083,36.94983193,3
P3351,2023,706987.2035,3836563.56,2.1004,107.1204,2.8947,2.8947,89.2857,22.5611,0.6334,0.659895371,0,0,0.856187403,0.135167788,0.029786596,68,0.669058561,20.62624076,35.2297545,3
P3357,2023,683527.2035,3851053.56,8.4016,15.753,2.1667,1.0938,30,89.0214,0.0784,0.014645804,0,0,0.601291299,0.163293667,0.113397561,736,67.11624146,1.370032484,40.80278001,5
P3360,2023,697327.2035,3852433.56,6.3012,7.5614,1.5,1,0,94.8585,0.035,0.005671078,0,0,0.720280826,0.101830618,0.010865086,220,1.382827044,0,37.37918304,2
P3367,2023,732517.2035,3828283.56,8.4016,13.2325,2,1.125,40,89.553,0.0784,0.013738824,0,0,0.747000158,0.078632345,0.031487168,398,3.307648897,0.307686467,38.15139349,3
P3389,2023,675937.2035,3853813.56,4.2008,4.4108,1.3333,1,0,96.5452,0.0249,0.003780718,0,0,0.724495888,0.157015108,0.008038506,201,5.868576527,0,38.12788856,3
P3390,2023,731827.2035,3808273.56,2.1004,3.7807,1,1,100,96.5955,0.0249,0.003780718,0,0,0.730739057,0.044678425,0.076550587,341,1.492675662,4.179695799,41.76732464,3
P3409,2023,736657.2035,3815173.56,4.2008,7.5614,1.5,1,50,93.8686,0.0445,0.007561437,0,0,0.771306157,0.034895091,0.053973262,433,3.806896448,0,42.70649376,3
P3416,2023,725617.2035,3804133.56,23.1044,88.8469,3.85,1.4909,68.3333,38.9146,0.4848,0.190944194,0,0,0.818756104,0.04983978,0.006190054,94,0.650805831,0,36.89690251,2
P3418,2023,694567.2035,3839323.56,6.3012,111.5312,3.3784,2.8982,86.0979,19.7325,0.6572,0.636216553,0,0,0.887824714,0.062791101,0,28,0.650805831,0,34.25012126,2
P3427,2023,729067.2035,3805513.56,16.8032,94.518,3.56,1.8704,76.3838,28.3542,0.5927,0.285628964,0,0,0.813263834,0.106348464,0.018903592,106,0.777655661,0,38.05840309,3
P3430,2023,738736.4217,3800695.125,10.8932,79.085,2.8929,1.7579,85.2778,25.3061,0.6643,0.383389302,0,0,0.814817548,0.129689342,0,72,2.234950304,0,35.94525274,3
P3432,2023,727687.2035,3835873.56,2.1004,6.9313,1.1667,1.1667,90,91.1931,0.0784,0.013691665,0,0,0.797094882,0.054719036,0.156052169,630,4.14811182,5.538101512,37.47047675,4
P3434,2023,725617.2035,3835183.56,2.1004,34.0265,2.0769,2.0769,79.1045,68.4413,0.2679,0.075614367,0,0,0.783237875,0.076001926,0.030199601,368,3.884898424,0,34.80155232,3
P3444,2023,719407.2035,3832423.56,2.1004,7.5614,1.2,1.2,85.7143,92.3389,0.0621,0.011342155,0,0,0.643488228,0.043491761,0.082047963,100,7.031044483,0.471660596,38.95411893,3
P3449,2023,755977.2035,3853813.56,2.1004,3.7807,1,1,100,96.5955,0.0249,0.003780718,0,0,0.536621213,0.045154096,0.936764923,1667,91.95905304,0.286563071,42.33172544,6
P3450,2023,671107.2035,3854503.56,8.4016,16.3831,1.8571,1,53.8462,87.4136,0.0937,0.018903592,0,0,0.637941241,0.222093565,0.02678579,139,0.650805831,0,41.23211174,2
P3459,2023,738037.2035,3833803.56,4.2008,11.9723,1.5714,1.0909,73.3333,87.8514,0.1011,0.01923702,0,0,0.616867781,0.033701241,0.037760218,420,5.931985855,5.424508781,38.20877571,3
P3462,2023,734587.2035,3839323.56,6.3012,23.3144,2,1.1095,73.6842,77.9559,0.1846,0.043811689,0,0,0.75743866,0.045090431,0.304355435,972,27.25370216,0,37.31521768,5
P3464,2023,713887.2035,3815863.56,2.1004,5.041,1.2,1.2,80,93.8135,0.0535,0.010883004,0,0,0.673100293,0.08423384,0.075805986,305,2.100760221,0.137866275,40.47076404,3
P3476,2023,701467.2035,3851053.56,2.1004,8.1916,1.1429,1.1429,94.1176,88.4146,0.1083,0.02268431,0,0,0.738610506,0.061192536,0.051498849,254,3.119633198,0,39.07497684,3
P3488,2023,749077.2035,3814483.56,2.1004,7.5614,1.2,1.2,85.7143,92.3389,0.0621,0.011342155,0,0,0.601346076,0.034512496,0.576530306,861,61.7628212,4.643852319,43.76383906,5
P3493,2023,702157.2035,3837943.56,16.8032,94.518,3.2667,1.7896,83.7321,20.7227,0.6814,0.431057478,0,0,0.845938683,0.055744935,0.010823178,97,0.70436132,0,35.81914337,2
P3507,2023,668347.2035,3852433.56,10.502,37.8072,2.5833,1.3924,63.4615,71.0023,0.2283,0.059537355,0,0,0.703513145,0.17576817,0.005671078,81,0.650805831,0,39.67511073,2
P3515,2023,714577.2035,3845533.56,6.3012,26.465,2.625,1.5521,45.8333,81.5714,0.1356,0.030764724,0,0,0.718859553,0.043327679,0.071212938,176,1.817183375,1.391750216,39.44831747,3
P3517,2023,713197.2035,3815863.56,2.1004,2.5205,1,1,100,97.0042,0.0249,0.003780718,0,0,0.650681019,0.046706228,0.312931656,683,2.822800159,1.285835875,42.68683057,4
P3536,2023,694567.2035,3848983.56,8.4016,12.6024,2,1,28.5714,91.1593,0.0621,0.011342155,0,0,0.670622766,0.057419916,0.177151809,327,2.536037445,1.683165783,39.04079364,3
P3537,2023,691807.2035,3843463.56,2.1004,3.7807,1,1,100,96.5955,0.0249,0.003780718,0,0,0.595027983,0.053830293,0.900765103,1729,6.802082539,0.08429842,44.33876802,5
P3545,2023,703537.2035,3838633.56,10.502,56.0807,2.7895,1.5945,76.5517,49.7452,0.4313,0.147948061,0,0,0.753649116,0.076774589,0.072727961,106,0.777872562,0,36.85081629,3
P3549,2023,680077.2035,3853813.56,8.4016,46.6289,3.1538,1.8278,58.209,65.7957,0.2679,0.072500505,0,0,0.724183917,0.09274487,0.020793951,143,22.32802963,0,37.59198552,4
P3558,2023,736657.2035,3832423.56,4.2008,6.9313,1.5,1.2222,0,95.0435,0.035,0.005671078,0,0,0.683794618,0.048147349,0.242096948,558,5.410074711,5.22313117,39.51766051,4
P3560,2023,720787.2035,3868993.56,10.502,18.2735,2.5,1.1771,10,88.6849,0.0784,0.016077012,0,0,0.739172161,0.043145138,0.329293593,493,1.386467457,0.232293014,42.65431493,4
P3567,2023,726307.2035,3833803.56,4.2008,10.712,1.4444,1.2105,86.2069,83.9016,0.1547,0.035707286,0,0,0.738017678,0.053207603,0.156195285,566,3.542197704,0,39.19495921,4
P3594,2023,738727.2035,3822073.56,2.1004,5.041,1,1,100,95.3548,0.035,0.005671078,0,0,0.704782009,0.035526592,0.629126602,1007,12.15256786,3.494823468,42.06587597,5
P3604,2023,709057.2035,3820003.56,2.1004,3.7807,1,1,100,96.5955,0.0249,0.003780718,0,0,0.680650055,0.038360861,0.182678232,823,3.352802277,0,41.38809989,4
P3607,2023,713887.2035,3833113.56,18.9036,103.3396,3.4194,1.6582,82.3529,18.8566,0.6836,0.430446589,0,0,0.783412933,0.087095472,0,102,1.571415782,0,35.58972064,2
P3624,2023,688357.2035,3814483.56,4.2008,33.3963,1.8571,1.6824,90.1639,50.7368,0.4903,0.197938676,0,0,0.560772061,0.046384353,0.719344672,1940,57.33343506,0.212973429,42.08690777,6
P3642,2023,702157.2035,3835873.56,2.1004,39.6975,1.6818,1.6818,96.6592,60.6207,0.3458,0.893992007,0,0,0.935438812,0.08291193,0,79,0.366993994,0,33.07261361,2
P3643,2023,683527.2035,3855193.56,4.2008,8.8217,1.75,1.1875,25,93.6108,0.0445,0.007561437,0,0,0.733594954,0.150137122,0.043997238,115,14.59263039,0,39.14224151,3
P3647,2023,722167.2035,3871063.56,16.8032,74.3541,3.5263,1.5391,69.4268,44.5197,0.4501,0.169203189,0,0,0.822307944,0.254000105,0.079251444,81,0.94071877,0,40.73005171,3
P3658,2023,732517.2035,3837943.56,14.7028,54.1903,2.7222,1.3187,77.8571,50.9927,0.4216,0.148640932,0,0,0.737800181,0.026779888,0.337845825,800,29.1672287,0.815278595,38.58210625,5
P3663,2023,673867.2035,3855193.56,4.2008,10.0819,1.6,1.1667,57.1429,91.678,0.0621,0.011342155,0,0,0.703378141,0.234571893,0.044652772,128,1.241424203,0,40.42231453,3
P3672,2023,694567.2035,3849673.56,4.2008,13.2325,2.2,1.6111,14.2857,91.1249,0.0621,0.010865086,0,0,0.697434783,0.048015915,0.010089412,185,2.115153313,100,38.60477198,2
P3680,2023,686977.2035,3830353.56,4.2008,6.3012,1.5,1,50,94.2219,0.0445,0.006696364,0,0,0.644852102,0.049643481,0.075859741,426,0.984515429,0,40.72822706,3
P3696,2023,694567.2035,3850363.56,6.3012,30.2457,2.0769,1.5859,79.1045,69.331,0.2679,0.07275195,0,0,0.723434448,0.0695307,0.043812702,152,2.886498451,350.1290335,37.9808244,3
P3701,2023,724927.2035,3811723.56,4.2008,11.3422,2,1.5,28.5714,91.4744,0.0621,0.011342155,0,0,0.70775795,0.049226182,0.398861546,504,2.239743948,2.353910864,40.9294328,4
P3722,2023,713887.2035,3835873.56,4.2008,20.1638,2,1.7253,55.5556,84.6607,0.1153,0.024574669,0,0,0.718073547,0.0481498,0.031659036,126,3.004104853,1.270032355,40.46455577,3
P3723,2023,667657.2035,3852433.56,10.502,38.4373,2.5833,1.3443,63.4615,70.8749,0.2283,0.061445632,0,0,0.721407175,0.264017194,0.014405681,88,0.650805831,0,39.78714572,2
P3730,2023,735967.2035,3831733.56,8.4016,20.1638,2.25,1.1556,54.5455,83.4747,0.129,0.027401249,0,0,0.712279975,0.050793734,0.251084341,521,3.816731215,0.305755192,37.90891028,4
P3736,2023,718717.2035,3814483.56,2.1004,28.9855,1.9167,1.9167,78,73.3774,0.2231,0.058601134,0,0,0.726486742,0.074791812,0.069632018,425,9.700638771,0.401807624,39.86448961,4
P3742,2023,731137.2035,3828973.56,2.1004,13.2325,1.5,1.5,80,85.7586,0.1222,0.024908097,0,0,0.685902238,0.047313331,0.35562447,1302,7.020280838,0.242355803,40.29061169,4
P3748,2023,731827.2035,3830353.56,8.4016,48.5192,3,2.1889,63.1579,63.3773,0.291,0.082817373,0,0,0.728829443,0.01894916,0.346175326,978,5.031736374,0.446611135,38.12797497,4
P3750,2023,720097.2035,3812413.56,8.4016,16.3831,1.875,1.102,65,84.932,0.1222,0.028499029,0,0,0.751212239,0.059832316,0.042917376,414,2.520413876,0.921519185,40.63313123,3
P3764,2023,686977.2035,3809653.56,2.1004,5.041,1,1,100,94.5536,0.0445,0.007561437,0,0,0.69286263,0.025604848,0.078255398,168,2.081549406,1.562617794,40.77366162,3
P3771,2023,759427.2035,3828973.56,2.1004,2.5205,1,1,100,97.0042,0.0249,0.00282658,0,0,0.588104904,0.028939603,0.8851351,1226,83.89833069,0.734347156,44.56613453,6
P3780,2023,705607.2035,3806203.56,2.1004,8.8217,1,1,100,89.3836,0.0937,0.018903592,0,0,0.612209797,0.050759633,0.193854589,350,7.558902264,0.196949105,41.26424069,4
P3785,2023,714577.2035,3815863.56,4.2008,24.5747,1.9091,1.2986,76.7442,76.2343,0.2016,0.049608489,0,0,0.690859377,0.058914374,0,273,1.907736897,0,39.18347081,2
P3787,2023,717337.2035,3835873.56,8.4016,13.2325,2.3333,1.0833,33.3333,88.9195,0.0862,0.013762813,0,0,0.718183756,0.062036215,0.005671078,121,15.41234112,0,38.17687192,3
P3790,2023,735277.2035,3815173.56,6.3012,28.9855,2.3636,1.3931,68.0851,74.2576,0.2125,0.051706554,0,0,0.790105879,0.041847072,0.058620885,495,3.898184061,0.666434565,40.60549644,3
P3791,2023,691807.2035,3820003.56,18.9036,20.794,2.7143,1,7.6923,86.9621,0.0937,0.019380661,0,0,0.769734144,0.027672989,0.025975292,279,10.14179707,3.999690127,38.2348259,3
P3819,2023,675247.2035,3826213.56,2.1004,5.041,1,1,100,95.3548,0.035,0.005671078,0,0,0.734668493,0.074721157,0.02127102,145,1.311666369,4.323216786,40.98749968,3
P3822,2023,726997.2035,3833113.56,2.1004,11.3422,1.5,1.5,62.5,90.6399,0.0704,0.013232514,0,0,0.7110641,0.035048886,0.158708187,481,5.649167538,2.627074932,41.35668501,4
P3829,2023,701467.2035,3842773.56,2.1004,6.9313,1.1667,1.1667,91.6667,90.5754,0.0862,0.015582024,0,0,0.660745859,0.112506712,0.471931412,1002,8.348204613,0.08043379,39.46362564,5
P3831,2023,706987.2035,3846223.56,10.502,28.9855,2,1.3102,78.5714,72.0824,0.2386,0.06570342,0,0,0.830736578,0.142528589,0.003261741,65,3.02895546,0,35.28589998,3
P3833,2023,686287.2035,3820003.56,2.1004,4.4108,1,1,100,92.043,0.0784,0.980892941,0,0,0.923343658,0.112691663,0,32,25.57167435,0,28.73715527,4
P3841,2023,735277.2035,3802753.56,12.6024,51.0397,2.875,1.6954,70,58.0896,0.3458,0.112665627,0,0,0.859544337,0.060101502,0.005152101,204,1.187769055,0,41.50300578,2
P3858,2023,733897.2035,3825523.56,10.502,27.0951,2.75,1.2542,41.6667,81.4789,0.1356,0.030722816,0,0,0.730380237,0.116827128,0.033984557,226,2.982663631,7.176958911,39.16074572,3
P3868,2023,733897.2035,3834493.56,12.6024,51.6698,3.2857,1.5319,58.9744,62.4003,0.2954,0.082285729,0,0,0.650335789,0.027218038,0.277615266,587,7.533551693,1.001011909,38.09896239,4
P3873,2023,733207.2035,3801373.56,4.2008,83.1758,2.4737,2.3869,91.6418,26.9331,0.6348,0.677967847,0,0,0.877345681,0.084279881,0,58,0.684207678,0,34.39934132,2
P3877,2023,688357.2035,3823453.56,4.2008,81.9156,2.875,2.0214,87.4477,22.3901,0.6925,0.479430617,0,0,0.909165442,0.06727948,0.013106791,163,0.650805831,3.370696015,35.98038897,3
P3879,2023,687667.2035,3838633.56,2.1004,10.712,1.087,1.087,99.5943,87.0158,0.1153,0.972049189,0,0,0.841233313,0.164468505,0.00308886,11,0.739273846,0,33.41866731,2
P3891,2023,686977.2035,3811033.56,2.1004,11.3422,1.2,1.2,93.75,82.7694,0.167,0.036751311,0,0,0.693421066,0.058494229,0,125,2.318923712,0,38.80597345,2
P3894,2023,690427.2035,3808963.56,2.1004,5.041,1.3333,1.3333,0,96.3452,0.0249,0.003780718,0,0,0.684824407,0.035425025,0.273243603,518,2.440233946,3.071418034,41.71279371,4
P3903,2023,724927.2035,3836563.56,2.1004,3.7807,1,1,100,96.5955,0.0249,0.003780718,0,0,0.73395288,0.053629823,0.047444528,312,4.883196831,1.731740024,39.73365729,3
P3908,2023,724927.2035,3831733.56,2.1004,6.3012,1.2,1.2,85.7143,92.7149,0.0621,0.011342155,0,0,0.708768845,0.033442448,0.087350789,587,4.010001183,2.828568124,41.02057617,3
P3924,2023,700087.2035,3842773.56,2.1004,8.1916,1.1667,1.1667,87.5,91.4678,0.0704,0.013232514,0,0,0.582756639,0.048174552,0.503583317,1137,9.723858833,0.382561947,41.27827849,5
P3929,2023,662827.2035,3813103.56,6.3012,23.9445,2.2222,1.2876,62.069,80.364,0.1547,0.034962685,0,0,0.711119711,0.021379737,0.15589061,361,1.321865797,0.869397603,40.6319876,3
P3933,2023,733897.2035,3810343.56,2.1004,7.5614,1.2,1.2,80,93.0679,0.0535,0.009451796,0,0,0.732251287,0.079087708,0.026455539,408,3.200609446,1.575863749,45.57751119,3
P3936,2023,731827.2035,3835183.56,27.3052,69.3132,3.6471,1.2656,60.177,52.344,0.3726,0.12417358,0,0,0.725152195,0.092241692,0.066621722,545,8.694385529,0.433468416,36.07139365,4
P3942,2023,704227.2035,3840013.56,4.2008,5.6711,1.5,1,50,94.4029,0.0445,0.012751206,0,0,0.67689842,0.05874533,0.143077172,313,0.965329707,0,41.44461446,3
P3943,2023,726307.2035,3803443.56,2.1004,51.0397,1.6591,1.6591,96.792,59.115,0.3337,0.89402765,0,0,0.853219032,0.10212276,0,61,0.666921735,0,33.37967975,2
P3952,2023,699397.2035,3857953.56,4.2008,7.5614,1.5,1,50,93.8686,0.0445,0.007561437,0,0,0.695105374,0.081948204,0.137185722,278,3.448984146,0.56680308,41.91054629,3
P3967,2023,713197.2035,3836563.56,12.6024,42.8481,3,1.5892,52,70.5514,0.2231,0.058601134,0,0,0.745497167,0.084292807,0.020460523,175,2.939684629,0,39.73535641,3
P3969,2023,699397.2035,3815863.56,2.1004,16.3831,1.4444,1.4444,85.1852,82.7547,0.1485,0.034545442,0,0,0.688791513,0.03113381,0.034962685,633,3.96577239,1.143166739,39.06413122,3
P3988,2023,709747.2035,3811033.56,4.2008,47.259,1.8462,1.4664,95.3324,37.7474,0.6065,0.712815644,0,0,0.850743949,0.128166225,0,55,0.918022573,0,33.69202929,2
P4007,2023,726307.2035,3834493.56,8.4016,21.4241,2.5,1.1823,50,82.6314,0.1356,0.035095004,0,0,0.774441421,0.049414249,0.11796662,448,3.454822063,2.62995842,35.62994621,3
P4032,2023,728377.2035,3837253.56,6.3012,32.7662,2,1.2442,81.0811,67.1946,0.2865,0.085251711,0,0,0.763296664,0.048598334,0.137787169,438,6.414987564,0,36.58629148,4
P4035,2023,729757.2035,3868993.56,18.9036,54.1903,3.5385,1.4167,53.5211,63.612,0.2773,0.082860294,0,0,0.76510644,0.12449573,0.077009738,371,17.84384537,0,40.50753859,4
P4038,2023,700777.2035,3835183.56,2.1004,18.9036,1.2826,1.2826,98.668,82.0808,0.1485,0.967703348,0,0,0.948998749,0.11273484,0,21,0.3681508,0,31.56295349,2
P4048,2023,697327.2035,3806203.56,2.1004,1.8904,1,1,0,98.2058,0.0137,0.004275706,0,0,0.638284326,0.046958076,0.308149688,1256,13.41521072,0,43.98220248,4
P4061,2023,696637.2035,3805513.56,6.3012,12.6024,1.6667,1.1429,50,90.3596,0.0704,0.013232514,0,0,0.688219488,0.084315436,0.010304201,311,12.31983471,4.493450661,40.81690186,3
P4064,2023,678007.2035,3819313.56,2.1004,18.9036,1.25,1.25,98.8069,70.3287,0.2954,0.919229294,0,0,0.978597105,0.089075089,0.040883376,95,1.411195517,0,30.9148754,3
P4072,2023,724237.2035,3807583.56,6.3012,20.1638,1.7,1.2857,78.125,80.2211,0.167,0.040567866,0,0,0.77647382,0.082757239,0,211,0.988025665,0,39.09311663,2
P4079,2023,710437.2035,3828283.56,2.1004,6.3012,1.25,1.25,75,94.1854,0.0445,0.007561437,0,0,0.742299438,0.025617219,0.015599943,481,11.90160751,0,38.35362079,3
P4084,2023,724927.2035,3833113.56,6.3012,10.0819,2,1.1667,0,93.4676,0.0445,0.007561437,0,0,0.71626848,0.053374416,0.133336749,208,3.334585667,0,37.48295088,3
P4086,2023,680767.2035,3854503.56,18.9036,35.9168,3,1.127,37.5,77.0413,0.167,0.039220473,0,0,0.695156872,0.168826536,0.007561437,140,14.36040878,0,37.90054171,3
P4087,2023,706297.2035,3836563.56,14.7028,109.0107,3.3333,1.7338,85.6164,18.3107,0.6783,0.590221151,0,0,0.941803396,0.07675785,0,27,0.647145092,0,34.50786627,2
P4088,2023,685597.2035,3856573.56,2.1004,3.7807,1,1,100,95.7447,0.035,0.005671078,0,0,0.733000159,0.109515958,0.415042698,42,4.91576767,0,39.6623065,4
P4100,2023,690427.2035,3847603.56,2.1004,2.5205,1,1,0,97.9788,0.0137,0.001890359,0,0,0.680830717,0.130244523,0.001890359,549,5.007915497,0,37.7213189,3
P4103,2023,735967.2035,3811033.56,2.1004,1.8904,1,1,0,98.2058,0.0137,0.00141329,0,0,0.757422686,0.044602352,0.125981137,401,8.82617569,1.648903086,46.09970756,3
P4104,2023,660757.2035,3814483.56,2.1004,2.5205,1,1,0,97.9788,0.0137,0.001890359,0,0,0.700879931,0.021073878,0.099747803,320,0.853877485,0.787919804,39.60789516,3
P4127,2023,734587.2035,3804133.56,6.3012,30.2457,2.4,1.4481,58.8235,77.4268,0.173,0.041587902,0,0,0.816210806,0.062535734,0.042691753,160,1.643250108,0,38.06907507,3
P4128,2023,733207.2035,3839323.56,23.1044,66.1626,3.6,1.4633,56.1798,57.5557,0.3213,0.096867469,0,0,0.775352061,0.067979162,0.114936573,375,30.72616005,0,36.31743554,4
P4132,2023,686977.2035,3831733.56,6.3012,27.7253,2,1.244,74.4186,75.4855,0.2016,0.051039698,0,0,0.70298332,0.06856996,0.038229678,524,2.3338449,0,39.82397605,3
P4133,2023,700087.2035,3850363.56,6.3012,21.4241,1.7,1.068,78.125,79.9092,0.167,0.039697543,0,0,0.741510153,0.091514289,0.034026465,147,1.981077313,0,39.46620221,3
P4134,2023,726307.2035,3820003.56,6.3012,25.8349,2.2,1.7729,66.6667,77.8536,0.1788,0.04192133,0,0,0.713889182,0.036557979,0.322106967,780,5.097101212,0,44.85803592,4
P4141,2023,711817.2035,3840703.56,2.1004,2.5205,1,1,0,97.9788,0.0137,0.002409336,0,0,0.740276039,0.041373079,0.063318073,292,2.378393888,29.64003527,42.45928257,3
P4152,2023,703537.2035,3832423.56,2.1004,35.2867,1.5111,1.5111,97.5348,68.1055,0.2679,0.929287301,0,0,0.896767497,0.110108858,0,12,0.512423456,0,31.47840198,2
P4163,2023,699397.2035,3809653.56,2.1004,1.8904,1,1,0,98.2058,0.0137,0.001890359,0,0,0.728016138,0.028660451,0.07715256,368,25.95898056,0,42.13249071,4
P4170,2023,711127.2035,3823453.56,2.1004,5.041,1,1,100,95.3548,0.035,0.005671078,0,0,0.692673922,0.026119754,0.444643745,413,14.51946449,0,40.91601874,5
P4172,2023,684217.2035,3836563.56,6.3012,30.2457,2.1429,1.8222,80.9524,65.995,0.3086,0.09411155,0,0,0.685144901,0.153618793,0.048088215,131,2.274913311,0,36.45959692,3
P4173,2023,701467.2035,3804133.56,2.1004,3.1506,1,1,100,95.9497,0.035,0.008265962,0,0,0.707401872,0.041845848,0.214874164,353,4.946418285,0.729471536,44.1930902,4
P4180,2023,709057.2035,3846913.56,18.9036,48.5192,3,1.1836,64.1026,62.9815,0.2954,0.087905409,0,0,0.812165439,0.088326851,0.043478261,111,2.390933275,0,35.4132815,3
P4193,2023,722857.2035,3868993.56,4.2008,6.9313,1.5,1.2222,0,95.0435,0.035,0.005152101,0,0,0.800760031,0.057888778,0.035630555,302,2.02602005,9.339565462,40.62524881,3
P4213,2023,728377.2035,3868993.56,2.1004,28.9855,1.9231,1.9231,81.5385,70.0497,0.2632,0.07181573,0,0,0.804791093,0.055757751,0.169680258,124,18.79162979,0.167981845,40.12836339,4
P4215,2023,725617.2035,3816553.56,2.1004,2.5205,1,1,0,97.9788,0.0137,0.001890359,0,0,0.726755857,0.044164204,0.16080442,422,18.06314278,1.928920873,42.331042,4
P4228,2023,723547.2035,3835183.56,4.2008,10.0819,1.5,1.1458,70,90.2727,0.0784,0.014084919,0,0,0.695637345,0.113338167,0.374964043,153,8.782877922,0.101339722,38.55940538,4
P4229,2023,700777.2035,3817933.56,4.2008,7.5614,1.2,1,80,93.0679,0.0535,0.009451796,0,0,0.723534584,0.031931856,0.017865638,377,2.149015188,25.25888142,39.60636224,3
P4233,2023,725617.2035,3808963.56,10.502,29.6156,2.0769,1.4176,80.2817,68.7204,0.2773,0.081470993,0,0,0.757478237,0.065320641,0.020793951,210,1.568573952,200,40.89450512,3
P4246,2023,724927.2035,3804823.56,10.502,65.5325,2.75,1.5872,83.0645,36.1156,0.57,0.256968375,0,0,0.779630959,0.071360327,0,155,0.653090954,0,36.94704,2
P4270,2023,695257.2035,3853123.56,6.3012,12.6024,1.6667,1.1429,50,90.3596,0.0704,0.013232514,0,0,0.712796867,0.115900021,0.009970773,112,1.948921561,0,38.34166627,2
P4272,2023,734587.2035,3837253.56,10.502,18.9036,2.2857,1.1667,30.7692,86.9931,0.0937,0.01985773,0,0,0.701070547,0.041947107,0.492780425,714,13.97847366,0.077017618,38.81103366,4
P4274,2023,733897.2035,3831043.56,10.502,55.4505,2.8824,2.0736,72.6496,54.2527,0.38,0.128473275,0,0,0.765826464,0.044175497,0.099915434,543,3.516690969,1.203483739,36.46343181,3
P4281,2023,735967.2035,3827593.56,2.1004,1.2602,1,1,0,98.4448,0.0137,0.001025287,0,0,0.617174923,0.063789864,0.257167604,633,2.018251657,0.381905504,39.14736592,3
P4283,2023,700777.2035,3833113.56,12.6024,91.9975,2.7105,1.7669,90,24.1249,0.6473,0.662278018,0,0,0.902271867,0.045070435,0.00282658,55,0.632190943,0,32.19135525,2
P4297,2023,709747.2035,3865543.56,2.1004,8.8217,1.4,1.4,87.5,83.5763,0.167,0.032730469,0,0,0.709692061,0.063891323,0.036561524,171,1.936652422,0,41.24662201,3
P4301,2023,713197.2035,3846223.56,4.2008,10.0819,1.6,1.1333,40,92.4782,0.0535,0.009451796,0,0,0.694759488,0.048681348,0.160716366,203,1.792639256,12.69363953,39.43375961,3
P4309,2023,678697.2035,3833113.56,4.2008,6.9313,1.5,1,50,94.0439,0.0445,0.008515575,0,0,0.674915016,0.109594267,0,296,1.774270654,0,38.23235051,2
P4310,2023,700777.2035,3836563.56,8.4016,63.012,2.0698,1.899,94.6698,50.0148,0.4116,0.846319497,0,0,0.946823359,0.056663242,0,48,0.455649167,0,32.86525168,2
P4311,2023,662137.2035,3811723.56,2.1004,37.8072,1.8333,1.8333,89.1304,55.2504,0.4183,0.147448015,0,0,0.722761452,0.030890675,0.028337469,446,1.577864408,0,38.97194581,3
P4322,2023,671107.2035,3853813.56,2.1004,5.041,1.3333,1.3333,0,96.3452,0.0249,0.003780718,0,0,0.663799465,0.160464861,0.014168735,176,0.687741995,0,41.05133784,2
P4324,2023,694567.2035,3795853.56,6.3012,66.7927,2.3333,1.6322,92.0792,27.6731,0.6702,0.602380363,0,0,0.832217574,0.046033059,0.002367429,122,0.644443035,0,35.22937035,2
P4331,2023,728377.2035,3804133.56,4.2008,25.8349,1.3778,1.3327,98.2383,77.3561,0.1846,0.958447935,0,0,0.845275164,0.115086636,0,43,0.520704627,0,33.45486381,2
P4340,2023,729067.2035,3870373.56,16.8032,114.0517,3.5517,2.2131,79.8365,18.9494,0.6612,0.370092141,0,0,0.761870384,0.194755088,0.114428431,508,13.17314243,0,39.06576428,4
P4341,2023,692497.2035,3853123.56,2.1004,1.8904,1,1,0,98.2058,0.0137,0.002367429,0,0,0.61881876,0.074778732,0.474218691,1029,19.9823513,1.568479518,43.66681272,4
P4343,2023,738727.2035,3813103.56,2.1004,5.041,1.3333,1.3333,0,96.3452,0.0249,0.003780718,0,0,0.747519135,0.038867957,0.149339194,492,11.33029938,0.256408831,45.76278987,4
P4356,2023,704227.2035,3835873.56,2.1004,5.041,1.087,1.087,99.6032,96.3452,0.0249,0.995742212,0,0,0.952009618,0.10572929,0,33,0.555968463,0,32.2607325,2
P4368,2023,729757.2035,3805513.56,6.3012,68.683,2.025,1.8661,94.5187,35.5426,0.568,0.751715843,0,0,0.81891942,0.111391281,0.001890359,55,0.773172021,0,34.21273642,2
P4371,2023,732517.2035,3829663.56,12.6024,69.3132,3.125,1.4236,78.9256,35.7402,0.5639,0.25323698,0,0,0.799555004,0.028476926,0.194545435,492,4.374228477,2.393527856,37.13719486,4
P4378,2023,736657.2035,3835873.56,4.2008,12.6024,1.4286,1.1299,80,87.6843,0.1011,0.020793951,0,0,0.707662106,0.082340935,0.149653884,797,6.66304493,0.787743709,37.2275112,4
P4386,2023,697327.2035,3855193.56,2.1004,2.5205,1,1,0,97.9788,0.0137,0.001890359,0,0,0.68531853,0.117845064,0.021140046,197,1.325792789,0,41.58449764,2
P4388,2023,704917.2035,3833803.56,2.1004,95.1481,2.6341,2.6341,91.6145,35.7329,0.5087,0.793122435,0,0,0.92072469,0.132690394,0.003261741,43,0.560492754,0,33.07956533,2
P4389,2023,718717.2035,3826903.56,2.1004,1.8904,1,1,0,98.2058,0.0137,0.002928313,0,0,0.703850508,0.037417275,0.151423772,530,76.4017868,0.578637481,39.413621,5
P4404,2023,692497.2035,3843463.56,4.2008,18.9036,1.875,1.5859,70.8333,83.1733,0.1356,0.030245747,0,0,0.612419665,0.087004567,0.136915832,878,8.26940918,0.069931648,40.16702645,4
P4422,2023,694567.2035,3851743.56,10.502,19.5337,2.7143,1.125,29.4118,85.6017,0.1083,0.024372215,0,0,0.733204722,0.101837003,0.003780718,126,4.055513859,0,38.9686018,3
P4431,2023,725617.2035,3869683.56,6.3012,18.9036,1.7,1.2739,80.5556,79.5703,0.1788,0.041402353,0,0,0.858549774,0.065201743,0.061505458,218,21.59228897,0,38.9352946,4
P4434,2023,693187.2035,3820693.56,6.3012,13.8626,1.8571,1.1,64.7059,86.7492,0.1083,0.023722264,0,0,0.7470842,0.023640625,0.018903592,166,5.725599766,0,36.49175968,3
P4440,2023,697327.2035,3797923.56,10.502,50.4096,2.2381,1.3594,86.9347,44.5261,0.5112,0.213795315,0,0,0.693673611,0.090103538,0.113650887,147,0.690823674,0,39.70213557,3
P4443,2023,689737.2035,3815173.56,10.502,35.9168,2.5333,1.1712,75.7895,62.4631,0.3337,0.095230961,0,0,0.661090374,0.038989016,0.168131756,744,43.15499115,1.708531823,38.91905856,5
P4447,2023,733207.2035,3804823.56,6.3012,67.4228,1.9722,1.8556,94.1077,27.1027,0.6748,0.597958122,0,0,0.857807577,0.133050452,0,75,0.766692996,0,34.70039365,2
P4450,2023,699397.2035,3850363.56,16.8032,33.3963,3,1.2943,50,75.2962,0.1904,0.043966652,0,0,0.733761728,0.089929135,0.013232514,115,1.598436356,0,37.18886227,2
P4451,2023,740107.2035,3835873.56,4.2008,15.1229,1.7143,1.2,70.5882,86.4251,0.1083,0.023161379,0,0,0.628474355,0.032349683,0.345027735,397,14.02567101,0.221582499,40.83454684,4
P4466,2023,731137.2035,3827593.56,2.1004,13.8626,1.7143,1.7143,61.5385,88.0002,0.0937,0.017865638,0,0,0.626473784,0.06318355,0.337308597,806,5.220047474,0.919838715,42.68952962,4
P4472,2023,715267.2035,3814483.56,12.6024,72.4638,3.05,1.7739,76.4368,42.5901,0.4765,0.181372747,0,0,0.742103994,0.079028839,0,225,1.537849665,0,38.20814275,2
P4490,2023,736657.2035,3826213.56,4.2008,4.4108,1.5,1,50,94.7769,0.0445,0.006523483,0,0,0.667460084,0.07122312,0.363252328,484,2.883408785,15.02671195,41.39906856,4
P4491,2023,726997.2035,3803443.56,21.004,102.0794,4.2,1.7314,69.8113,27.4944,0.5873,0.280167424,0,0,0.850551486,0.052266875,0,74,0.653685749,0,37.16869933,2
P4501,2023,727687.2035,3869683.56,2.1004,2.5205,1,1,0,97.9788,0.0137,0.001890359,0,0,0.85961628,0.042386323,0.298002808,303,19.71214867,0,38.60241468,4
P4518,2023,709057.2035,3820693.56,2.1004,3.7807,1,1,100,96.5955,0.0249,0.003780718,0,0,0.650170922,0.039315263,0.372841169,1053,3.296384335,0.735939694,43.4622238,4
P4530,2023,731137.2035,3829663.56,10.502,33.3963,2.4545,1.1868,65.9574,73.2939,0.2125,0.056377347,0,0,0.685385406,0.027307202,0.366758726,1064,6.853448391,1.143772294,38.98432723,4
P4532,2023,706987.2035,3834493.56,6.3012,70.5734,2.2564,2.0232,93.1083,32.2641,0.6031,0.713848834,0,0,0.892618835,0.097723074,0,60,0.650805831,0,34.15155952,2
P4539,2023,699397.2035,3849673.56,10.502,23.3144,2.375,1.2857,45,83.4241,0.1222,0.026506936,0,0,0.74843061,0.07958995,0,130,1.458616138,0,36.86216058,2
P4558,2023,733207.2035,3823453.56,2.1004,2.5205,1,1,0,97.9788,0.0137,0.001890359,0,0,0.696213961,0.024351381,0.550211812,675,2.905427456,1.205704604,42.87159715,4
P4562,2023,675247.2035,3825523.56,6.3012,13.2325,2,1.1111,50,88.8311,0.0862,0.017013233,0,0,0.732953966,0.048670885,0,113,1.199071169,0,38.86517011,2
P4570,2023,662137.2035,3816553.56,4.2008,18.9036,1.8889,1.4474,72.4138,81.5547,0.1547,0.035224966,0,0,0.701163292,0.020995843,0.015122873,164,0.570888102,33.33333333,37.37729436,2
P4593,2023,678697.2035,3844843.56,2.1004,5.041,1.3333,1.3333,0,96.3452,0.0249,0.003780718,0,0,0.65481776,0.137340261,0.014937325,247,30.91204262,0,40.66484782,4
P4595,2023,666967.2035,3815863.56,2.1004,8.8217,1.087,1.087,99.5951,88.183,0.1083,0.972692056,0,0,0.881112874,0.075853096,0,31,0.62444967,0,28.77902712,2
P4599,2023,698017.2035,3838633.56,10.502,124.7637,3.8824,2.2124,81.9853,14.7288,0.6889,0.546397615,0,0,0.876125336,0.078625033,0.086437545,120,0.74010843,3.615192582,35.07210531,3
P4602,2023,735277.2035,3804133.56,4.2008,11.3422,1.5,1,70,89.9368,0.0784,0.01564185,0,0,0.819528162,0.045054423,0,195,1.993707418,0,40.80549751,2
P4603,2023,685597.2035,3822763.56,2.1004,0,1,1,100,0,0,1,0,0,0.880525589,0.082349449,0,3,0.950255454,0,28.71121199,2
P4604,2023,706297.2035,3846223.56,12.6024,73.724,2.8,1.4948,83.7545,32.0145,0.598,0.287682521,0,0,0.844365299,0.146162662,0.001890359,78,4.476777554,0,35.42184523,3
P4608,2023,735277.2035,3830353.56,16.8032,56.0807,3.1875,1.2516,66.3462,56.4071,0.3536,0.115146111,0,0,0.749751925,0.027216058,0.253134427,963,2.995443821,2.466895561,37.55915985,4
P4612,2023,731137.2035,3835873.56,10.502,44.7385,2.5556,1.5588,78.125,54.7848,0.4013,0.141765615,0,0,0.723172545,0.068022761,0.085066163,236,8.195218086,1.289410247,35.89859822,4
P4625,2023,698707.2035,3809653.56,4.2008,6.3012,1.25,1,50,95.0453,0.035,0.005671078,0,0,0.743140161,0.045806207,0.040633763,280,26.19728279,0,39.59468543,4
P4640,2023,737347.2035,3834493.56,8.4016,17.0132,2,1,58.8235,85.9811,0.1083,0.024115518,0,0,0.607434809,0.047658318,0.279129277,812,6.541505814,2.011753949,39.19447555,4
P4672,2023,736657.2035,3834493.56,6.3012,7.5614,1.5,1,0,94.8585,0.035,0.005671078,0,0,0.605887711,0.040329906,0.40883757,985,6.171030045,0.140125442,39.38453089,4
P4687,2023,743557.2035,3827593.56,8.4016,44.7385,2.6429,1.4008,68.0556,64.9123,0.2819,0.080808375,0,0,0.712446749,0.030306317,0.152374492,453,16.60878754,10.41011717,39.48913661,4
P4689,2023,691807.2035,3812413.56,2.1004,5.041,1,1,100,92.4596,0.0704,0.014663722,0,0,0.667098403,0.044505255,0.08105375,253,3.949721098,10.51974984,40.93472959,3
P4693,2023,735277.2035,3836563.56,6.3012,37.1771,2.4615,1.3893,71.6418,67.7042,0.2679,0.07322902,0,0,0.749829769,0.073215921,0.143005692,534,8.338463783,0,37.1389767,4
P4705,2023,672487.2035,3851743.56,2.1004,3.7807,1,1,100,96.5955,0.0249,0.003780718,0,0,0.679177463,0.115458106,0.004257788,102,1.291935682,0,41.02964774,2
P4720,2023,700087.2035,3851053.56,6.3012,7.5614,1.75,1,25,93.9538,0.0445,0.007519529,0,0,0.730446875,0.094492023,0.005152101,102,2.007526398,0,39.59937054,2
P4728,2023,693187.2035,3843463.56,8.4016,17.6434,2,1.1867,46.1538,87.1578,0.0937,0.018903592,0,0,0.613984108,0.079131716,0.337044817,923,9.650780678,23.19774685,41.51400474,4
P4731,2023,699397.2035,3855193.56,2.1004,2.5205,1,1,0,97.9788,0.0137,0.001890359,0,0,0.638001919,0.062021272,0.050436905,247,1.434308887,0,41.43161616,3
P4733,2023,715957.2035,3815863.56,6.3012,37.8072,2.125,1.6737,81.6327,61.4008,0.3418,0.109700658,0,0,0.733208358,0.086431818,0.022219908,208,2.826947451,0,39.10891897,3
P4736,2023,671797.2035,3854503.56,2.1004,2.5205,1,1,0,97.9788,0.0137,0.001890359,0,0,0.678310096,0.137959195,0.02268431,167,0.650805831,0,41.53063717,2
P4744,2023,700087.2035,3840013.56,6.3012,19.5337,2.1111,1.2929,67.7419,80.8713,0.1609,0.034467698,0,0,0.689640701,0.061481802,0.102783921,253,1.026564598,3.70835781,37.80816131,3
P4748,2023,673867.2035,3851053.56,6.3012,11.3422,1.8,1,42.8571,91.3993,0.0621,0.011342155,0,0,0.681726217,0.058350112,0.165098864,344,3.842533827,0,42.62812647,3
P4752,2023,733897.2035,3812413.56,2.1004,2.5205,1,1,0,97.9788,0.0137,0.001890359,0,0,0.739338577,0.040718217,0.332173402,441,3.266367435,1.771334446,44.30613856,4
P4754,2023,676627.2035,3819313.56,2.1004,23.3144,1.3111,1.3111,98.5248,74.3216,0.2283,0.935005344,0,0,0.94588542,0.055520163,0.011342155,40,0.780165017,0,31.62580424,3
P4758,2023,706987.2035,3835183.56,10.502,59.8614,2.3103,1.4195,90.2813,29.2373,0.6718,0.396372633,0,0,0.880282283,0.098618024,0.06805293,113,0.650805831,0,36.3456669,3
P4773,2023,733897.2035,3839323.56,25.2048,59.2313,3.7692,1.1477,47.8261,63.2506,0.2726,0.079061657,0,0,0.77938199,0.078051551,0.156757183,446,29.92083359,0,36.63939149,4
P4776,2023,734587.2035,3832423.56,4.2008,7.5614,1.6,1,57.1429,92.3597,0.0621,0.012254386,0,0,0.71329999,0.071608208,0.23501258,671,4.611858368,0.664884472,38.48740184,4
P4797,2023,735967.2035,3822763.56,4.2008,7.5614,1.3333,1,80,90.9898,0.0784,0.013046965,0,0,0.735862195,0.039161822,0.287893072,538,13.67195416,0.266142481,42.89208592,4
P4800,2023,718717.2035,3812413.56,8.4016,15.753,2.1667,1.2024,12.5,89.8825,0.0704,0.013751491,0,0,0.750386417,0.05849964,0.011342155,286,1.948005438,9.999999999,40.81704308,2
P4801,2023,756667.2035,3855883.56,2.1004,3.7807,1,1,100,95.7447,0.035,0.005671078,0,0,0.492491782,0.039274884,0.720149099,1563,84.1222229,0.45875394,41.89010649,6
P4807,2023,716653.3014,3808969.851,12.87,70.1416,2.5667,1.7718,88.6473,25.8132,0.6829,0.439956927,0,0,0.801036596,0.076326657,0.006129155,109,0.797195077,16.81779196,36.26868914,2
P4809,2023,691807.2035,3844843.56,2.1004,5.041,1.3333,1.3333,0,96.3452,0.0249,0.003780718,0,0,0.682551146,0.080716623,0.036351986,841,10.73832321,0,39.86673487,3
P4812,2023,714577.2035,3837253.56,6.3012,13.8626,1.8333,1.125,50,89.3517,0.0784,0.015122873,0,0,0.765679955,0.067919867,0.041060496,103,7.346084118,54.6821991,37.32713419,3
P4819,2023,711817.2035,3838633.56,4.2008,5.041,1.3333,1,0,96.3452,0.0249,0.003780718,0,0,0.587177038,0.060356194,0.090209834,248,1.847276449,6.718736432,41.49516259,3
P4828,2023,678697.2035,3818623.56,2.1004,0,1,1,100,0,0,1,0,0,0.901633918,0.100099301,0,5,3.270372152,0,29.17715927,3
P4839,2023,706297.2035,3813793.56,2.1004,8.1916,1.1667,1.1667,87.5,91.4678,0.0704,0.012755445,0,0,0.659429967,0.031910148,0.592310214,904,5.788676739,0,41.30821162,5
P4847,2023,729757.2035,3803443.56,2.1004,47.8891,1.8372,1.8372,95.9044,55.5689,0.3836,0.876603439,0,0,0.88161546,0.107362949,0,19,0.498462409,0,32.02701192,2
P4850,2023,693877.2035,3818623.56,6.3012,31.506,2.3333,1.696,69.2308,72.3366,0.2283,0.057377632,0,0,0.719040036,0.045077823,0.011342155,178,8.844566345,0,38.49390133,3
P4853,2023,710437.2035,3814483.56,4.2008,23.3144,2.1111,1.5667,67.7419,79.9687,0.1609,0.037807183,0,0,0.640708566,0.024542573,0.798841003,882,3.361515999,0.03439334,42.48031835,5
P4858,2023,733897.2035,3838633.56,16.8032,114.6818,3.9231,2.1496,75.641,21.9511,0.6265,0.314925629,0,0,0.748017848,0.059052833,0.204903391,841,28.35547829,0.375961426,36.33621943,5
P4869,2023,671107.2035,3812413.56,2.1004,31.506,2,2,80.597,69.0392,0.2679,0.074660228,0,0,0.704854846,0.034556257,0,136,2.975632429,0,38.21166398,3
P4875,2023,735967.2035,3826213.56,6.3012,56.7108,2.8235,2.1436,72.5664,54.6421,0.3726,0.1218773,0,0,0.670249403,0.097139265,0.10434509,500,2.38937664,1.562544171,37.20068734,3
P4878,2023,722857.2035,3807583.56,10.502,23.3144,2.375,1.0536,45,83.4241,0.1222,0.026506936,0,0,0.771402359,0.048078026,0.016279466,328,0.935467958,0,40.18078809,2
P4880,2023,675247.2035,3853813.56,2.1004,2.5205,1,1,0,97.9788,0.0137,0.001890359,0,0,0.710169733,0.116228328,0.003822626,263,4.47912693,0,40.15451275,3
P4900,2023,733207.2035,3822763.56,2.1004,5.041,1.25,1.25,75,94.5608,0.0445,0.008730365,0,0,0.7303738,0.038405299,0.280606631,665,3.009642363,5.001185652,43.19742196,4
P4921,2023,731137.2035,3820693.56,2.1004,5.041,1,1,100,95.3548,0.035,0.005671078,0,0,0.75857681,0.030650662,0.11501196,530,2.662195921,0.496255773,41.52066542,3
P4925,2023,709057.2035,3837253.56,10.502,24.5747,2.4444,1.3627,48,81.3956,0.1421,0.032094198,0,0,0.779892385,0.048260141,0,145,1.077820063,0,40.89947666,2
P4931,2023,710437.2035,3843463.56,2.1004,1.8904,1,1,0,98.2058,0.0137,0.001890359,0,0,0.737787426,0.036379258,0.094665838,205,2.30632019,0,40.79169122,3
P4933,2023,695947.2035,3853813.56,6.3012,15.753,2,1.2909,53.3333,86.9235,0.1011,0.022869859,0,0,0.719586432,0.145298483,0.063753235,162,1.427255154,0,38.52279144,3
P4946,2023,697327.2035,3811723.56,2.1004,2.5205,1,1,0,97.9788,0.0137,0.001890359,0,0,0.736025274,0.037628642,0.050149623,333,12.4240427,2.289948528,40.58446418,3
P4966,2023,698707.2035,3836563.56,2.1004,22.0542,1.3478,1.3478,98.364,81.8938,0.1421,0.969295102,0,0,0.927758098,0.110457073,0,39,0.513187826,0,32.8119392,2
P4983,2023,743557.2035,3802063.56,2.1004,6.3012,1,1,100,93.4251,0.0535,0.009451796,0,0,0.835634351,0.030734342,0.121638521,322,2.292136908,0,43.83331466,3
P4989,2023,734587.2035,3808963.56,2.1004,1.8904,1,1,0,98.2058,0.0137,0.001371382,0,0,0.77120465,0.039867933,0.032136106,238,6.093932629,2.666666667,48.82625997,3
P4992,2023,732517.2035,3806203.56,12.6024,49.7795,2.9333,1.3602,68.1319,60.1006,0.3255,0.103213831,0,0,0.828526914,0.069725793,0.002021333,147,1.164089918,0,37.87568039,2
P5001,2023,718027.2035,3831733.56,23.1044,74.9842,3.7222,1.5651,63.4328,47.8497,0.4116,0.142545528,0,0,0.722100496,0.071486312,0.011156606,101,4.786736012,0,35.98235796,3
P25,2023,720787.2035,3871753.56,0,0,0,0,0,0,0,0.000518977,0,0,0.72832936,0.004363581,0.239717184,72,0.677069247,0,50.50657732,3
P580,2023,718027.2035,3817243.56,0,0,0,0,0,0,0,0.000130974,0,0,0.691258967,0.070955521,0.190211735,522,20.32932854,0,41.52990475,3
P662,2023,728377.2035,3808273.56,0,0,0,0,0,0,0,0.000518977,0,0,0.69230032,0.039258014,0.470853909,1012,1.531353235,2.204124954,42.99041356,3
P853,2023,726997.2035,3816553.56,0,0,0,0,0,0,0,0.000954139,0,0,0.728917301,0.036393714,0.18746208,496,15.62942696,0,42.21352855,3
P977,2023,730447.2035,3826213.56,0,0,0,0,0,0,0,0.001431208,0,0,0.656273365,0.022634323,0.423025043,815,6.086855412,1.913389812,39.72669444,3
P1507,2023,693877.2035,3849673.56,0,0,0,0,0,0,0,0.000477069,0,0,0.717664242,0.058171358,0.009451796,251,2.475486517,0,37.62421693,2
P1520,2023,689737.2035,3811033.56,0,0,0,0,0,0,0,0.000518977,0,0,0.653538048,0.027071256,0.183138203,381,1.994568586,2.256837178,42.75150373,2
P2154,2023,673867.2035,3829663.56,0,0,0,0,0,0,0,0.000130974,0,0,0.764225066,0.052953091,0.08275856,156,1.082288861,0,40.1589881,2
P2243,2023,691117.2035,3813103.56,0,0,0,0,0,0,0,0.000477069,0,0,0.65895319,0.037729204,0.043655381,716,7.824985981,1.896301108,40.79148406,2
P2730,2023,736657.2035,3826903.56,0,0,0,0,0,0,0,0.001037954,0,0,0.656835377,0.035114726,0.539955589,667,2.27203846,3.358262048,41.66327366,3
P2785,2023,710437.2035,3804133.56,0,0,0,0,0,0,0,0.00090698,0,0,0.765497863,0.035738035,0.22991828,281,2.170863628,0.165800676,43.48502493,3
P3037,2023,710437.2035,3866923.56,0,0,0,0,0,0,0,0.001515023,0,0,0.742931724,0.07639744,0.017490302,141,1.128597617,0,42.4424881,2
P3145,2023,686977.2035,3802753.56,0,0,0,0,0,0,0,0.001037954,0,0,0.806697965,0.035381347,0.013452887,558,1.451382756,0,42.05343432,2
P3431,2023,671107.2035,3806893.56,0,0,0,0,0,0,0,0.000477069,0,0,0.709869921,0.021336471,0.021575208,194,0.96003449,10.79143726,42.42969811,2
P3954,2023,711817.2035,3846913.56,0,0,0,0,0,0,0,0.000518977,0,0,0.706646621,0.026672318,0.313344709,463,2.498852968,0.275507465,43.19723903,3
P4253,2023,700087.2035,3799993.56,0,0,0,0,0,0,0,0.000130974,0,0,0.637094855,0.034650623,0.467980658,880,4.544874191,0.245336794,42.92359523,3
P4589,2023,703537.2035,3840013.56,0,0,0,0,0,0,0,0.000518977,0,0,0.661834061,0.065056232,0.010405935,218,0.945975125,0,39.96973574,2
P4964,2023,720097.2035,3857263.56,0,0,0,0,0,0,0,0.001431208,0,0,0.681475103,0.06743117,0.124430277,436,17.28963852,0.450788141,41.60675585,3
P1482,2023,678030.5812,3822573.523,0,0,0,0,0,0,0,0.859981979,0,0,0.882705569,0.061792527,0,27,1.583302021,0,32.86582959,2
P2291,2023,718032.7978,3806908.97,0,0,0,0,0,0,0,0.287338282,0,0,0.820719957,0.071121798,0.005399151,100,0.733107984,0,35.36052316,2
P2699,2023,676667.8897,3821371.889,0,0,0,0,0,0,0,0.969366706,0,0,0.933138847,0.06662068,0,26,1.060171008,0,32.38287989,2
P3260,2023,675940.7607,3855726.657,0,0,0,0,0,0,0,0.017797008,0,0,0.650972128,0.107838173,0.044753697,89,0.946141541,0,44.6791747,2
P4771,2023,673168.132,3816462.084,0,0,0,0,0,0,0,0.993057712,0,0,0.955534697,0.066054565,0,2,0.650805831,0,31.18805816,2
P5009,2023,673867.2035,3852433.56,2.1004,2.5205,1,1,0,97.9788,0.0137,0.001890359,0,0,0.655057132,0.117219227,0.010823178,254,2.94587636,0,38.95791239,2
P5021,2023,717337.2035,3808963.56,14.7028,87.5866,3.44,1.9406,78.4452,28.7361,0.6031,0.289453229,0,0,0.802195132,0.093822801,0,127,0.817253888,0,37.05065751,2
P5024,2023,689047.2035,3844843.56,2.1004,2.5205,1,1,0,97.9788,0.0137,0.001890359,0,0,0.615851581,0.103524654,0.197999809,782,8.328993797,0.794108518,40.16627955,4
P5040,2023,738727.2035,3833803.56,2.1004,7.5614,1.2,1.2,85.7143,92.3389,0.0621,0.011342155,0,0,0.590573668,0.043719567,0.45337151,720,6.256654263,2.140749353,40.03976112,4
P5045,2023,724927.2035,3867613.56,2.1004,7.5614,1.2,1.2,80,93.0679,0.0535,0.009451796,0,0,0.776265681,0.070401019,0.145204477,515,8.540394783,0,39.82490058,4
P5049,2023,670417.2035,3813103.56,4.2008,10.0819,1.6667,1.25,60,90.2842,0.0784,0.013303662,0,0,0.693532705,0.035905386,0.003780718,182,2.063426971,0,37.96480914,2
P5056,2023,733207.2035,3805513.56,8.4016,21.4241,1.8,1.2879,76.4706,79.4045,0.173,0.042625856,0,0,0.841024995,0.090451731,0.031271034,160,0.986281872,0,39.58363582,3
P5061,2023,729757.2035,3833113.56,10.502,46.6289,2.4706,1.5349,78.6325,56.1571,0.38,0.123624018,0,0,0.680402875,0.08604052,0.120279474,269,8.673840523,0,35.66375859,4
P5068,2023,731137.2035,3868303.56,4.2008,8.8217,1.6667,1.25,60,90.6264,0.0784,0.015767573,0,0,0.788310051,0.068083956,0.534469573,567,19.62964439,0.3399503,42.86168568,5
P5071,2023,758737.2035,3826213.56,2.1004,2.5205,1,1,0,97.9788,0.0137,0.001890359,0,0,0.538542509,0.022313831,0.808526519,1223,84.35546112,0.296701799,42.02548945,5
P5078,2023,695257.2035,3834493.56,2.1004,0,1,1,100,0,0,1,0,0,0.916298509,0.078091687,0,24,0.462881148,0,29.61640679,2
P5088,2023,725617.2035,3835873.56,14.7028,45.9987,3.0769,1.7381,61.9718,65.0729,0.2773,0.079395085,0,0,0.786845684,0.099223698,0.023960555,352,4.662605286,6.201464807,35.50711677,3
P5092,2023,729757.2035,3838633.56,8.4016,45.3686,2.6667,1.6829,71.2644,61.7326,0.3171,0.097839526,0,0,0.753205895,0.037519865,0.33039036,617,21.67193794,0.713720244,38.76985437,5
P5094,2023,700087.2035,3848293.56,4.2008,19.5337,2.125,1.4271,62.5,83.0283,0.1356,0.028688816,0,0,0.749591708,0.141505209,0.026650577,154,3.234751225,0,36.87229859,3
P5101,2023,683527.2035,3810343.56,2.1004,27.7253,1.6923,1.6923,85.7143,70.7885,0.2584,0.071833648,0,0,0.624620438,0.065191092,0.144951445,919,2.421325684,0.611395923,42.05743697,4
P5105,2023,700777.2035,3835873.56,2.1004,59.8614,1.9091,1.9091,95.5357,56.0561,0.3497,0.890681274,0,0,0.946630061,0.076611,0,44,0.376595974,0,32.95315015,2
P5113,2023,714577.2035,3813103.56,8.4016,32.7662,2.3333,1.1529,71.4286,71.1857,0.2386,0.06522635,0,0,0.737968504,0.064506573,0.009451796,273,1.06855464,0,38.63788511,2
P5114,2023,718717.2035,3813103.56,2.1004,1.8904,1,1,0,98.2058,0.0137,0.00141329,0,0,0.722136557,0.044418813,0.166791007,461,4.62571764,0.949752821,42.8256304,3
P5116,2023,700777.2035,3854503.56,2.1004,2.5205,1,1,0,97.9788,0.0137,0.001890359,0,0,0.609786868,0.096778442,0.487475194,196,2.597556829,1.794823584,44.22344578,4
P5118,2023,731827.2035,3832423.56,8.4016,11.3422,1.8333,1,37.5,90.7313,0.0704,0.012708286,0,0,0.628284395,0.051323422,0.435326588,766,9.604067802,2.465649587,39.31330523,4
P5138,2023,733207.2035,3837253.56,16.8032,87.5866,4.1053,1.5761,59.8639,43.7399,0.4345,0.154907718,0,0,0.696451187,0.05306178,0.393255546,940,18.76228523,1.283904056,39.11284125,5
P5147,2023,709747.2035,3845533.56,10.502,152.489,4.25,2.7126,76.9912,10.66,0.6895,0.459621391,0,0,0.813292086,0.096086161,0.004257788,84,2.833703995,0,33.89590102,3
P5161,2023,674557.2035,3834493.56,2.1004,3.7807,1,1,100,96.5955,0.0249,0.003780718,0,0,0.73441118,0.085134561,0.001890359,210,2.692178726,0,42.57094062,3
P5172,2023,682147.2035,3804823.56,4.2008,11.3422,1.2857,1.15,84.6154,88.6412,0.0937,0.018903592,0,0,0.649995804,0.017699873,0.5496805,1625,2.075440407,0,40.60102386,5
P5181,2023,731137.2035,3867613.56,4.2008,29.6156,2.3636,1.6314,65.1163,75.0538,0.2016,0.04848672,0,0,0.733853579,0.136110415,0.406116963,787,19.04080391,0.283238146,41.87579046,5
P5188,2023,713887.2035,3816553.56,4.2008,13.2325,1.5714,1.2619,76.4706,86.914,0.1083,0.022207241,0,0,0.680531859,0.047213423,0.027938144,324,2.37866807,146.1266687,42.33226126,3
P5192,2023,756667.2035,3822763.56,6.3012,20.794,2.125,1.3537,55,83.9187,0.1222,0.025987959,0,0,0.670424879,0.026831246,0.33957515,849,64.43238068,0.744977596,43.60830429,5
P5204,2023,733897.2035,3804133.56,21.004,72.4638,3.4737,1.5106,70.0637,44.864,0.4501,0.159284633,0,0,0.86009717,0.090733702,0.021766008,190,0.999164402,0,36.88150642,3
P5214,2023,679387.2035,3833113.56,2.1004,5.041,1,1,100,93.8162,0.0535,0.008497657,0,0,0.688396871,0.139168381,0.042292427,361,1.356978536,0,39.83052187,3
P5219,2023,710437.2035,3812413.56,14.7028,66.1626,3.5,1.8971,62.2642,54.2365,0.3575,0.119856979,0,0,0.772760093,0.059518837,0.089847166,301,1.049729347,2.889536584,37.62076838,3
P5225,2023,685597.2035,3822073.56,2.1004,0,1,1,100,0,0,1,0,0,0.911082983,0.083170512,0,6,2.505418062,0,27.83444029,3
P5238,2023,694567.2035,3851053.56,21.004,61.1216,3.5333,1.446,60,57.2637,0.3337,0.104667196,0,0,0.744178653,0.094957575,0.003780718,144,3.175773382,0,36.79636618,3
P5244,2023,721477.2035,3835873.56,4.2008,7.5614,1.3333,1,80,90.9898,0.0784,0.013088873,0,0,0.67096734,0.075054704,0.13638182,272,19.33472061,0.867729367,38.7677047,4
P5246,2023,746317.2035,3828283.56,2.1004,5.041,1,1,100,95.3548,0.035,0.005671078,0,0,0.588029683,0.031439781,0.678552768,895,24.74293518,1.242771161,41.9997603,5
P5253,2023,725617.2035,3807583.56,6.3012,14.4928,2,1.2143,25,90.0484,0.0704,0.017132884,0,0,0.772662163,0.055854509,0,146,0.983309567,0,40.65406006,2
P5262,2023,744937.2035,3815863.56,2.1004,5.041,1,1,100,93.8162,0.0535,0.01048975,0,0,0.777950048,0.031588006,0.138533115,379,2.841831684,1.464471533,47.63470828,4
P5274,2023,731827.2035,3836563.56,21.004,127.2842,4.2222,2.8748,72.8972,19.3911,0.6334,0.324592215,0,0,0.776829481,0.063380545,0.050085559,331,11.62655067,0,35.69744787,4
P5275,2023,697327.2035,3845533.56,4.2008,10.0819,1.6,1.1667,57.1429,91.678,0.0621,0.011342155,0,0,0.712889612,0.066980644,0.003780718,221,9.103857994,0,38.16012856,3
P5276,2023,707677.2035,3843463.56,6.3012,20.1638,1.9,1.1959,71.875,80.2075,0.167,0.036756562,0,0,0.749304533,0.073189266,0.006625216,136,3.423594475,7.984862603,38.23811868,3
P5283,2023,718717.2035,3871753.56,6.3012,30.2457,2.5833,1.7349,66.0714,71.7342,0.2386,0.068596909,0,0,0.728667498,0.257983703,0.237218449,39,0.650805831,0,43.8599077,4
P5295,2023,688357.2035,3815173.56,4.2008,34.6566,1.84,1.7345,92.0755,42.8402,0.5873,0.285593652,0,0,0.688636839,0.057644506,0.490926723,1323,62.730793,0.213862808,40.94591789,6
P5298,2023,731137.2035,3833113.56,10.502,55.4505,3.3571,1.7691,58.75,61.3173,0.2999,0.08932395,0,0,0.663544357,0.056600731,0.252611019,476,9.171462059,2.720366038,36.83824068,4
P5300,2023,721477.2035,3868993.56,2.1004,21.4241,2.25,2.25,54.5455,83.1893,0.129,0.027401249,0,0,0.749169886,0.083188311,0.029810585,273,1.519617438,0,40.70662818,3
P5302,2023,738727.2035,3832423.56,2.1004,6.3012,1,1,100,92.7211,0.0621,0.011342155,0,0,0.645016491,0.032348554,0.310859987,718,7.011348248,3.786310574,39.84485469,4
P5314,2023,715957.2035,3821383.56,2.1004,2.5205,1,1,0,97.9788,0.0137,0.001890359,0,0,0.675089121,0.029218824,0.642668887,1348,12.79842949,0.163522459,41.60311192,4
P5315,2023,723547.2035,3810343.56,4.2008,8.8217,1.4,1.2,60,92.7514,0.0535,0.011139701,0,0,0.775185585,0.060234305,0.04536862,314,1.989504576,1.818181818,40.43540865,3
P5325,2023,716647.2035,3815863.56,2.1004,4.4108,1.25,1.25,75,94.7565,0.0445,0.006130229,0,0,0.722526371,0.091669728,0.038993017,279,6.057550907,0,39.79999968,3
P5341,2023,749077.2035,3823453.56,2.1004,3.7807,1,1,100,96.5955,0.0249,0.003780718,0,0,0.661018312,0.02184402,0.369138489,584,7.207334042,3.455739162,42.30869534,4
P5344,2023,691117.2035,3846913.56,2.1004,2.5205,1,1,0,97.9788,0.0137,0.001890359,0,0,0.709694028,0.110696797,0.16496707,712,6.171179295,0,38.5737491,3
P76,2023,677381.1496,3856415.431,0,0,0,0,0,0,0,0,0,0.89106872,0,0.000580652,0.053876965,54,0.687272489,-17.15431434,20.39905616,3
P1579,2023,731876.6933,3801410.89,2.5484,19.1131,1.2857,1.2857,98.5149,84.8063,0.1177,0.950567093,0.016976932,0,0,0.086297503,0,14,0.905093968,0,32.20043509,2
P2866,2023,690481.8395,3795205.853,10.4822,118.7107,3.5,2.5698,81.7961,15.1868,0.6922,0.371112389,0.150515947,0,0,0.106051064,0,35,0.453860372,0,34.51128952,2
P3088,2023,691128.641,3794484.128,2.1829,12.4427,1.1333,1.1333,99.3637,85.0776,0.1329,0.961990289,0.008936248,0,0,0.170505945,0,18,0.378148437,0,32.22878986,2
P957,2023,669046.1854,3851084.603,2.31,3.465,1,1,100,96.514,0.0269,0.003640354,0,0,0,0.078593953,0.031483632,173,1.082580447,39.10532123,45.15734117,3
P2407,2023,729067.2035,3803443.56,14.7028,67.4228,2.25,1.7419,93.1694,34.6043,0.5836,0.735696825,0,0,0,0.139262576,0,28,0.509271324,0,33.23562968,2
