LID,Year,lon,lat,PD,ED,LSI,AWMSI,AI,CONTAG,SHDI,FP,GP,WP,FVC,ECV,BP,POP,GDP,UEI,LST,Coupling_Coordination_Level,WS,Tair,SRAD,RH,PRE
P1,2023,709747.2035,3818623.56,10.502,21.4241,2.375,1.1333,50,83.2111,0.129,0.028140598,0,0,0.733281374,0.064520626,0.029435249,258,2.87364006,6.913688873,40.76475435,3,3.240858078,300.6381226,345.3334961,41.04041672,0
P2,2023,709747.2035,3854503.56,0,0,0,0,0,0,0,0,0,0,0.423637092,0.048576957,0.983172316,5209,75.25335693,0,43.85320064,4,3.478278399,302.8649292,328.7558594,37.45297241,0
P3,2023,670417.2035,3853123.56,0,0,0,0,0,0,0,0,0,0,0.685646296,0.111716092,0.027628705,225,0.75794071,4.161675322,40.00937599,2,3.385786057,302.0424805,327.8700562,44.19122314,0
P4,2023,733897.2035,3855883.56,0,0,0,0,0,0,0,0,0,0,0.498636693,0.069568984,0.965496466,4807,85.44381714,0,43.63532769,4,3.528907776,302.6382751,330.1992493,37.927742,0
P5,2023,729757.2035,3866233.56,10.502,31.506,2.3333,1.2313,72.4138,71.044,0.2436,0.025946051,0,0.040651681,0.773225546,0.060952711,0.568867136,881,17.93163681,0,38.41534043,5,3.567609787,302.6850891,327.7599487,38.22287369,0
P6,2023,672487.2035,3815863.56,2.1004,66.1626,2.2927,2.2927,93.2996,40.2895,0.5187,0.755402485,0.026011948,0,0.88441503,0.053593142,0,31,0.788134933,0,31.75720878,2,3.76022768,301.2388,372.0832214,43.40062714,0
P7,2023,764257.2035,3833803.56,0,0,0,0,0,0,0,0,0,0,0.547594965,0.027245705,0.39101466,327,8.05272007,11.59307238,46.24455328,3,3.421559095,301.9434814,334.374054,42.67114639,0
P8,2023,777367.2035,3824143.56,0,0,0,0,0,0,0,0,0,0,0.775938749,0.051273543,0.046376514,223,0.650805831,2.78639809,50.8528458,2,3.330096245,301.5811157,328.2533875,46.05696869,0
P9,2023,688357.2035,3804133.56,0,0,0,0,0,0,0,0,0,0,0.625195086,0.042627505,0.629897405,1175,3.825815439,2.325081838,42.94760697,3,3.559630394,301.8013916,371.1973267,36.64011765,0
P10,2023,741487.2035,3833113.56,4.2008,27.7253,2,1.537,74.4186,75.4855,0.2016,0,0,0.051039698,0.603845596,0.036761168,0.354164021,635,9.791787148,2.089930166,38.63749242,4,3.405689478,301.5739441,335.8055725,42.26660156,0
P11,2023,695947.2035,3804133.56,14.7028,149.3384,4.5333,3.0252,73.0964,12.6134,0.6733,0.109640832,0.295906576,0,0.745878518,0.07306903,0.013232514,66,3.186714172,0,38.45420379,3,3.45042491,301.1090088,357.7781372,36.25801468,0
P12,2023,707677.2035,3826903.56,0,0,0,0,0,0,0,0,0,0,0.722573757,0.021656368,0.122604802,543,10.97281265,0,43.83038105,3,3.26345253,300.5921021,345.2632446,40.65139771,0
P13,2023,742177.2035,3831043.56,6.3012,10.0819,1.6,1,40,92.4782,0.0535,0.009451796,0,0,0.616184652,0.061426016,0.188897527,496,10.83192158,0,39.38176885,4,3.39183259,301.5471802,335.830658,42.66122437,0
P14,2023,773917.2035,3828973.56,0,0,0,0,0,0,0,0,0,0,0.728857517,0.040745492,0.081392429,233,1.339935541,0.974264915,46.42634153,2,3.373258829,301.7675781,328.2528992,44.72303772,0
P15,2023,688357.2035,3808963.56,2.1004,6.3012,1,1,100,93.4251,0.0535,0.009451796,0,0,0.729412973,0.042645334,0.003780718,204,2.794951677,0,40.38783359,3,3.583693266,301.945343,372.9153442,37.32730865,0
P16,2023,682147.2035,3811723.56,6.3012,16.3831,2.5,1.3889,25,88.2565,0.0862,0,0.02004853,0,0.597686648,0.022180533,0.100041156,256,3.132260084,3.18728578,40.09503705,3,3.678092718,301.8118896,376.2727661,39.93098068,0
P17,2023,684217.2035,3841393.56,46.2088,146.8179,6,1.8549,46.0784,28.4748,0.5187,0.162504992,0.056043919,0,0.725181818,0.137855191,0.00656539,142,3.09973383,0,35.78659825,3,3.49496603,301.9208679,345.48349,41.98707581,0
P18,2023,769087.2035,3831043.56,0,0,0,0,0,0,0,0,0,0,0.666456282,0.030755489,0.044849643,248,2.36140132,7.191068407,48.11839534,2,3.401712656,301.8739929,331.644104,43.66903305,0
P19,2023,671107.2035,3802753.56,8.4016,73.0939,3.0435,2.3726,79.2952,36.4275,0.5468,0.200460054,0.030704898,0.002194547,0.64043951,0.045721631,0.040717578,72,0.857599676,0,37.5830861,3,3.672957659,301.6090393,354.8621826,40.88042831,0
P20,2023,770467.2035,3833113.56,0,0,0,0,0,0,0,0,0,0,0.709864497,0.036879351,0.067337902,145,1.376708388,0,48.75159441,2,3.417212725,301.9591675,334.6590271,43.29668045,0
P21,2023,702847.2035,3864163.56,6.3012,50.4096,2.4762,1.5674,84.264,44.6844,0.5087,0,0,0.217965049,0.563885868,0.064556488,0.477758798,56,3.240413427,2.638945938,35.65350267,5,3.50482893,302.7871704,326.7910767,38.59864426,0
P22,2023,700777.2035,3837253.56,6.3012,23.9445,1.2889,1.1141,98.6006,70.2045,0.2773,0.919062484,0.003780718,0,0.902913094,0.077025933,0,53,0.652562618,0,32.75728857,2,3.410411596,300.0991821,347.9320068,39.37483597,0
P23,2023,711127.2035,3846223.56,8.4016,23.9445,2.2222,1.2214,64.5161,79.8267,0.1609,0.015122873,0,0.023722264,0.740408182,0.07052144,0.049209164,185,2.764460325,0.213175183,38.11538096,3,3.438327789,302.4960327,331.144043,37.73113632,0
P24,2023,751837.2035,3818623.56,0,0,0,0,0,0,0,0,0,0,0.659928024,0.036016309,0.15879017,349,10.66910458,2.927472858,45.49632722,3,3.318529844,302.0363464,328.3602295,43.62334442,0
P25,2023,720787.2035,3871753.56,0,0,0,0,0,0,0,0.000518977,0,0,0.72832936,0.004363581,0.239717184,72,0.677069247,0,50.50657732,3,3.552659512,302.3703003,329.388916,38.83422089,0
P26,2023,662137.2035,3805513.56,0,0,0,0,0,0,0,0,0,0,0.726856947,0.039812875,0.053119844,174,1.559901237,0,40.6590035,2,3.721915483,300.587677,357.51828,44.67617798,0
P27,2023,681457.2035,3812413.56,23.1044,39.0674,3.4,1.0747,40,74.3193,0.1904,0,0.047730797,0,0.494688243,0.015785135,0.255717465,289,5.938424587,3.51953419,41.64265018,4,3.692223072,301.7511292,377.2239075,40.34268951,0
P28,2023,761497.2035,3813103.56,0,0,0,0,0,0,0,0,0,0,0.561687112,0.029158257,0.464294064,446,6.867035866,11.9115553,45.51808735,3,3.288313627,301.9649658,319.8744202,43.67127991,0
P29,2023,775987.2035,3870373.56,2.1004,22.0542,1.1556,1.1556,99.2639,75.0027,0.2231,0,0,0.93770245,0.417639464,0.051024739,0.058183403,28,0.812536359,-15.29520501,24.03475681,3,3.598887682,303.3950806,326.9487305,33.48663712,0
P30,2023,682147.2035,3842773.56,0,0,0,0,0,0,0,0,0,0,0.594983518,0.045247136,0.54264483,1490,9.108764648,0.354535609,44.48476227,3,3.474893093,302.3502808,344.3991394,42.36989975,0
P31,2023,759427.2035,3851053.56,0,0,0,0,0,0,0,0,0,0,0.581132114,0.048016886,0.799216532,3265,84.7263031,1.058063976,43.85979204,4,3.531221628,302.5744629,343.7591858,38.0970993,0
P33,2023,718717.2035,3840703.56,0,0,0,0,0,0,0,0,0,0,0.710685849,0.046827665,0.196494607,329,10.55330563,3.61820458,44.08328732,3,3.419193506,302.0475464,333.3422241,39.17425537,0
P34,2023,744937.2035,3848983.56,0,0,0,0,0,0,0,0,0,0,0.332619131,0.066071403,1,16871,91.89673615,0,47.41989609,4,3.504666328,302.2901001,339.1697083,38.72177124,0
P35,2023,702157.2035,3852433.56,2.1004,6.3012,1.25,1.25,50,95.0453,0.035,0,0.005671078,0,0.648504436,0.054571301,0.767715637,981,4.082902431,0,44.66412723,5,3.463571072,302.4147034,329.7296753,38.23623276,0
P36,2023,720787.2035,3837943.56,0,0,0,0,0,0,0,0,0,0,0.654626846,0.051732031,0.163646512,533,10.77686787,3.653201203,41.35702838,3,3.408109665,301.8304138,333.7830505,40.07600021,0
P37,2023,763567.2035,3820693.56,0,0,0,0,0,0,0,0,0,0,0.696161985,0.026163695,0.398639673,788,6.639253616,0.335562429,46.22406317,3,3.331140995,301.7609558,326.1356506,44.26617813,0
P38,2023,733897.2035,3808963.56,0,0,0,0,0,0,0,0,0,0,0.771542013,0.037146378,0.110011929,409,2.931414843,1.879829614,44.17510294,2,3.265424728,301.5820923,339.8792725,44.28594589,0
P39,2023,666277.2035,3809653.56,0,0,0,0,0,0,0,0,0,0,0.632175505,0.011174159,0.571122521,1382,1.661258936,3.692720695,44.65852861,3,3.755882502,300.797821,360.7998657,43.99521255,0
P40,2023,741487.2035,3866923.56,2.1004,59.8614,1.8462,1.8462,95.2924,34.0406,0.6113,0,0,0.700575998,0.587005258,0.049609069,0.088202181,98,49.13511276,42.87178161,23.98415757,5,3.597835302,302.6568909,324.2345886,37.95856094,0
P41,2023,723547.2035,3822763.56,0,0,0,0,0,0,0,0,0,0,0.645806909,0.040775544,0.303531258,597,11.3297224,1.32830318,43.57959388,3,3.311887741,300.8327942,343.2030945,43.4546814,0
P42,2023,737347.2035,3848983.56,0,0,0,0,0,0,0,0,0,0,0.392329991,0.050998224,1,20946,92.43508148,0,46.58265787,4,3.496467113,302.3682861,334.3612061,38.6227417,0
P43,2023,719407.2035,3842083.56,0,0,0,0,0,0,0,0,0,0,0.768883646,0.06759539,0.028600762,281,5.803520679,2.281288486,37.25593806,2,3.429395199,302.190094,333.0919189,38.7989502,0
P44,2023,722167.2035,3812413.56,2.1004,1.8904,1,1,0,98.2058,0.0137,0,0,0.001371382,0.623171449,0.057466092,0.624304891,1129,3.988409042,0.401834021,42.13972061,4,3.267206907,301.2636414,345.3838501,43.80752563,0
P45,2023,686977.2035,3833113.56,6.3012,13.2325,2.1667,1.1667,41.6667,88.8672,0.0862,0,0.015891463,0,0.702304363,0.063268926,0.209474283,912,4.410022736,0.182129631,39.43345899,4,3.567281246,300.4443665,349.0665588,41.60959625,0
P47,2023,768397.2035,3827593.56,0,0,0,0,0,0,0,0,0,0,0.710640728,0.040863716,0.033645878,248,10.04397011,2.531858787,49.48138237,2,3.374983788,301.740448,327.2189026,44.39914703,0
P48,2023,687667.2035,3811723.56,0,0,0,0,0,0,0,0,0,0,0.666365206,0.0305095,0.09195891,736,3.505365372,1.673949601,42.82908258,2,3.607691765,302.0413513,374.5056458,37.92121124,0
P49,2023,680077.2035,3829663.56,10.502,39.0674,3.0909,1.7333,53.0612,71.7243,0.2178,0,0.060343614,0,0.699954271,0.068809456,0.008974726,183,1.033482552,0,38.16310659,2,3.643321037,301.4665527,361.1752014,43.41937637,0
P50,2023,760807.2035,3825523.56,0,0,0,0,0,0,0,0,0,0,0.438793063,0.025514939,0.869398932,2458,84.77150726,1.685555407,47.04289612,4,3.360271692,301.6908264,331.1922607,43.86455154,0
P51,2023,693877.2035,3807583.56,0,0,0,0,0,0,0,0,0,0,0.677585244,0.027781743,0.558415055,892,7.822917938,0.205197261,45.1873721,3,3.484450579,301.3030396,362.3796997,36.47369003,0
P52,2023,776677.2035,3853123.56,0,0,0,0,0,0,0,0,0,0,0.513210833,0.045678268,0.865449726,741,53.03948212,1.79943469,44.04840273,4,3.520172119,302.8244629,329.6139526,37.57328796,0
P53,2023,782887.2035,3855193.56,0,0,0,0,0,0,0,0,0,0,0.520564973,0.059655755,0.382698361,400,43.83351517,1.92737477,44.79986895,3,3.479066133,302.865387,326.7673035,37.26689529,0
P54,2023,744247.2035,3815863.56,0,0,0,0,0,0,0,0,0,0,0.778014481,0.028678882,0.198302164,365,2.5395298,1.000982517,48.09818393,3,3.300640583,302.0611877,322.4911499,44.14680862,0
P55,2023,675937.2035,3831043.56,16.8032,35.2867,2.8667,1.2755,69.2308,63.2231,0.3255,0.087797605,0.017198781,0,0.700593054,0.105421473,0,34,1.155980349,0,36.26173161,2,3.632767677,302.1496277,363.0679932,44.12755966,0
P56,2023,717337.2035,3820003.56,0,0,0,0,0,0,0,0,0,0,0.660827339,0.048073418,0.294295071,692,14.2494688,3.645142566,42.83968135,3,3.275248051,300.6734619,345.3860779,43.15966415,0
P57,2023,729757.2035,3815863.56,2.1004,5.041,1.2,1.2,80,93.8135,0.0535,0.007417796,0,0,0.725364208,0.053386856,0.209344322,538,4.365590572,0.367839275,44.34730244,4,3.291695595,301.681366,340.2275391,44.14809799,0
P58,2023,726997.2035,3828283.56,2.1004,5.041,1.3333,1.3333,0,96.3452,0.0249,0.003780718,0,0,0.714747667,0.060732822,0.004729606,319,12.57083416,0,38.52069467,3,3.355288029,301.0759583,338.4093018,42.71329117,0
P59,2023,684907.2035,3810343.56,0,0,0,0,0,0,0,0,0,0,0.660471559,0.049180079,0.140804881,332,2.15780139,0.55183236,42.03889543,2,3.634034157,301.9348755,374.3977051,38.66999054,0
P60,2023,747697.2035,3822763.56,0,0,0,0,0,0,0,0,0,0,0.680846095,0.028896872,0.343637089,587,5.596225262,1.188743172,40.64309237,3,3.340888023,301.7851563,332.9402466,43.59246826,0
P61,2023,742177.2035,3824833.56,4.2008,18.9036,2.1429,1.5,52.9412,85.5603,0.1083,0,0.02268431,0,0.506832361,0.024625738,0.268338758,1093,16.43761826,11.48899919,43.78336304,4,3.350612164,301.5432129,334.0615845,43.63272095,0
P62,2023,782197.2035,3820693.56,0,0,0,0,0,0,0,0,0,0,0.778047085,0.056206652,0.208580983,366,0.619946122,0,46.30474207,3,3.286933422,301.4070129,327.5151062,47.26564789,0
P63,2023,691807.2035,3840703.56,6.3012,97.0384,2.6944,1.8027,89.9671,21.2484,0.6693,0.537891529,0.063753235,0,0.757589817,0.087359295,0.027836411,142,1.23707974,0,35.38138267,3,3.478979349,300.7098999,345.7368164,40.21652985,0
P64,2023,763567.2035,3822763.56,2.1004,3.7807,1,1,100,95.7447,0.035,0.004633124,0,0,0.640273869,0.045876277,0.205208592,443,10.55349445,0.185950777,43.95003124,4,3.343714952,301.730957,327.5831299,44.2114563,0
P65,2023,707677.2035,3866923.56,0,0,0,0,0,0,0,0,0,0,0.720997274,0.066249613,0.034485616,77,0.80747664,1.15989831,41.72904492,2,3.517204285,302.6608582,329.3363953,38.60857391,0
P66,2023,732517.2035,3811723.56,0,0,0,0,0,0,0,0,0,0,0.752808094,0.038535274,0.108931248,469,2.626508713,0.917246102,45.29817122,2,3.277169228,301.6763306,339.2053223,44.28381348,0
P67,2023,662827.2035,3810343.56,0,0,0,0,0,0,0,0,0,0,0.734786034,0.013750419,0,182,1.373684764,0,40.58742311,2,3.772661686,300.5776062,358.2572327,45.29033279,0
P68,2023,701467.2035,3815863.56,12.6024,28.3554,2.875,1.2489,31.8182,81.9271,0.129,0.028832457,0.000477069,0,0.742557883,0.043284868,0.040591855,211,2.187916517,3.24796746,36.61438692,3,3.329739809,300.6954041,352.5334778,37.82352066,0
P69,2023,722857.2035,3823453.56,0,0,0,0,0,0,0,0,0,0,0.665824652,0.035184442,0.447718351,1164,14.92170906,0.479829077,44.89375891,3,3.312050343,300.7397461,343.3970642,43.3733139,0
P70,2023,686977.2035,3853813.56,2.1004,23.9445,1.3636,1.3636,96.3303,50.3279,0.5354,0,0,0.231424827,0.584797084,0.046481153,0.256501615,598,41.93602753,9.161050408,37.80052298,5,3.479452848,302.6160583,335.1630249,40.94725418,0
P71,2023,775297.2035,3824833.56,0,0,0,0,0,0,0,0,0,0,0.750957072,0.039222438,0.015534866,130,0.650805831,0,51.54026965,2,3.340874434,301.6278076,327.6923218,45.65628052,0
P72,2023,757357.2035,3858643.56,0,0,0,0,0,0,0,0,0,0,0.563996732,0.043184607,0.685358282,1100,68.63881683,17.9463142,42.44884717,4,3.57420063,302.7735596,333.7037659,36.6971817,0
P73,2023,667095.3974,3800920.435,0,0,0,0,0,0,0,0.692113816,0.071923118,0,0,0.032256882,0,0,0,0,33.34377824,1,3.659018993,301.3092041,355.1195679,42.02296448,0
P74,2023,674557.2035,3812413.56,6.3012,16.3831,2,1.3077,55.5556,85.5409,0.1153,0.013780732,0.011443889,0,0.592630208,0.032906158,0.007561437,112,1.860729694,0,40.50254934,2,3.748447895,301.2406921,373.1663513,42.31962204,0
P75,2023,779437.2035,3853813.56,0,0,0,0,0,0,0,0,0,0,0.697339416,0.042539924,0.019988705,176,42.00403214,0,38.97422782,3,3.507628679,302.8545227,327.854126,37.44070435,0
P77,2023,715267.2035,3860023.56,0,0,0,0,0,0,0,0,0,0,0.706376195,0.036620042,0.291210449,476,11.88840199,0.397218602,45.1062513,3,3.513756514,303.0191345,332.7528992,36.95898056,0
P78,2023,729757.2035,3837253.56,10.502,66.1626,3.2778,2.1982,67.9688,50.3171,0.4013,0.1376138,0,0,0.729152024,0.033997411,0.066568492,581,11.31965828,1.204284881,36.70728722,4,3.422847986,301.7592468,332.6617126,40.83779144,0
P79,2023,784267.2035,3842083.56,4.2008,6.3012,1.25,1,50,95.0453,0.035,0,0,0.005671078,0.652556121,0.054463216,0.043478261,269,1.469485044,-1.6,41.50930671,3,3.39708066,302.3362732,332.8348389,41.26707077,0
P80,2023,726307.2035,3871063.56,18.9036,112.1613,3.3333,1.7626,84.507,16.4499,0.6931,0.105087285,0,0.394133333,0.745025456,0.107088462,0.321891358,101,12.85295582,1.446186139,30.82507636,5,3.569942236,302.5084534,327.3047791,38.7698288,0
P81,2023,729067.2035,3804133.56,14.7028,136.1059,3.8857,2.3194,81.4679,13.0269,0.6885,0.543040211,0,0,0.85630697,0.120288126,0,50,0.513116241,0,34.96355815,2,3.248617887,301.0040894,345.7037048,44.21929169,0
P82,2023,731137.2035,3851053.56,0,0,0,0,0,0,0,0,0,0,0.403918415,0.049318704,0.965973535,3160,83.83861542,0.108120708,44.44116632,4,3.499370813,302.5888977,331.848877,38.00190735,0
P83,2023,762187.2035,3808273.56,0,0,0,0,0,0,0,0,0,0,0.61907202,0.037525895,0.29599381,422,1.50998199,4.512252456,47.50363228,3,3.263556719,302.0743713,323.269104,42.80235672,0
P84,2023,695257.2035,3807583.56,0,0,0,0,0,0,0,0,0,0,0.607607722,0.021135048,0.547851993,1397,20.87912369,0.018963847,47.83373585,3,3.461474419,301.1536255,359.8710022,36.31277847,0
P85,2023,711127.2035,3845533.56,16.8032,52.9301,3.0714,1.3244,59.7222,63.3772,0.2819,0.077504726,0,0.002742764,0.748255312,0.087675461,0.043609235,159,2.295300484,8.229972539,36.73491647,3,3.433418036,302.4017334,331.8871155,37.89244461,0
P86,2023,690427.2035,3822763.56,2.1004,35.2867,1.5349,1.5349,97.3533,57.2166,0.4013,0.848932301,0.007561437,0,0.844455123,0.08539209,0,98,0.753628016,0,34.87425218,2,3.561855555,300.5089111,363.4963989,39.68765259,0
P88,2023,769777.2035,3832423.56,0,0,0,0,0,0,0,0,0,0,0.692909837,0.033677829,0.116778954,463,1.905928493,1.867042899,48.92285658,2,3.412565947,301.9306335,333.6637268,43.40300751,0
P89,2023,750457.2035,3826213.56,0,0,0,0,0,0,0,0,0,0,0.7863819,0.028301353,0.112944481,283,7.206790447,1.435038576,48.97697688,3,3.361651659,301.7200623,338.9728699,43.31641769,0
P90,2023,706987.2035,3835873.56,6.3012,92.6276,2.7778,1.9846,89.1892,21.596,0.6755,0.593703753,0,0,0.862328112,0.165238415,0.007561437,75,0.645314097,20,35.1938067,2,3.349989891,300.7050476,350.4528809,39.78991699,0
P91,2023,758047.2035,3836563.56,0,0,0,0,0,0,0,0,0,0,0.607328951,0.036992914,0.851323231,1094,46.72336578,0.303205109,43.44826613,4,3.438987494,302.0004578,333.9362488,41.72359467,0
P92,2023,711127.2035,3820003.56,2.1004,2.5205,1,1,0,97.9788,0.0137,0.001890359,0,0,0.691934109,0.031575174,0.111919194,467,3.593917131,2.028086755,40.66247611,3,3.249859571,300.5935364,345.5084839,41.57247925,0
P93,2023,729067.2035,3825523.56,0,0,0,0,0,0,0,0,0,0,0.682684064,0.038666664,0.261949427,816,8.933003426,0,40.62151315,3,3.34040451,301.0275879,338.8798828,43.36329651,0
P94,2023,755977.2035,3842773.56,0,0,0,0,0,0,0,0,0,0,0.426031709,0.042412623,0.973349423,1419,46.03094864,0.661919851,44.02122068,3,3.477006912,302.2212524,339.6228027,40.01073456,0
P95,2023,775987.2035,3832423.56,0,0,0,0,0,0,0,0,0,0,0.605274796,0.066045653,0.175785484,187,0.822333038,8.616641161,44.40872469,2,3.390424728,301.9022522,330.546051,44.01932907,0
P96,2023,700087.2035,3815863.56,0,0,0,0,0,0,0,0,0,0,0.713100553,0.022122493,0.153572173,645,3.43977809,1.311652945,40.40774288,3,3.35984683,300.7077637,354.2830505,37.31033707,0
P97,2023,740107.2035,3810343.56,0,0,0,0,0,0,0,0,0,0,0.812932014,0.037268617,0.195507183,534,29.26633835,1.016019584,48.80062024,3,3.273552179,301.9653015,331.5562134,44.02561569,0
P98,2023,739417.2035,3808963.56,0,0,0,0,0,0,0,0,0,0,0.758411825,0.038514593,0.230531527,716,36.02422714,0.855057658,49.50506869,3,3.267006636,301.90271,334.0072632,43.98861694,0
P99,2023,784957.2035,3862093.56,0,0,0,0,0,0,0,0,0,0,0.673507631,0.044370732,0.11508763,284,3.212795019,6.839407909,40.00168666,2,3.487802267,303.0372925,324.9241028,35.89979935,0
P100,2023,715957.2035,3848293.56,0,0,0,0,0,0,0,0,0,0,0.736963332,0.033518536,0.239916413,447,14.08091259,0.158836324,42.62112409,3,3.460616827,302.7414856,332.1368713,37.05652237,0
P101,2023,682837.2035,3846913.56,0,0,0,0,0,0,0,0,0,0,0.535444975,0.086656749,0.575335031,2001,73.98511505,0.769389081,41.9736136,4,3.427550554,302.6772156,340.5997314,41.90855789,0
P102,2023,740797.2035,3840703.56,0,0,0,0,0,0,0,0,0,0,0.473674953,0.041114342,0.91884553,2595,87.53139496,0.791537321,43.36221913,4,3.4530828,301.8378906,336.0653076,40.66437149,0
P103,2023,709057.2035,3852433.56,2.1004,7.5614,1.1667,1.1667,87.5,91.6517,0.0704,0,0,0.012278375,0.552016497,0.026205883,0.803914733,2236,68.49982452,0.094502128,42.97164242,6,3.466872454,302.7843018,328.322876,37.5779953,0
P104,2023,751147.2035,3808963.56,0,0,0,0,0,0,0,0,0,0,0.473551661,0.041276726,1,3736,58.94268799,0,47.03969829,4,3.271013021,302.2779236,329.7015381,42.8947525,0
P105,2023,720097.2035,3868303.56,0,0,0,0,0,0,0,0,0,0,0.73695606,0.078152444,0.036954778,118,1.384769678,0,42.51092766,2,3.55343771,302.441925,327.9463501,38.36117935,0
P106,2023,732517.2035,3833803.56,8.4016,22.0542,2.0909,1.2653,73.3333,76.387,0.2071,0.047645637,0,0,0.631001532,0.043893521,0.411437219,1210,7.968041897,0.763175672,39.30320131,4,3.404206038,301.5818481,333.3580017,41.75265121,0
P107,2023,725617.2035,3806203.56,2.1004,38.4373,1.9524,1.9524,89.8477,47.8672,0.5087,0.21691101,0,0,0.729832649,0.079019503,0.181897794,836,0.959269285,0.867453785,40.17552673,4,3.25735116,300.9540405,347.0408936,44.18974686,0
P108,2023,739417.2035,3857953.56,0,0,0,0,0,0,0,0,0,0,0.465578079,0.053215928,0.969491973,2187,91.85137939,0.327079842,45.52222833,4,3.549923658,302.6022034,329.7730408,37.91561127,0
P109,2023,689047.2035,3842773.56,18.9036,64.9023,3.1667,1.516,70.8955,49.6568,0.4116,0.142951449,0.001890359,0,0.649330199,0.092371274,0.068488092,295,4.408821106,0.152709648,37.63671004,3,3.480010033,301.4633789,345.414032,40.74559021,0
P110,2023,677317.2035,3835873.56,0,0,0,0,0,0,0,0,0,0,0.696705699,0.041631438,0.446616526,1833,6.102302074,0.366571314,46.69443049,3,3.569850206,302.7268677,358.5815735,43.91604614,0
P111,2023,711127.2035,3806893.56,6.3012,112.7914,3.1667,2.2923,86.8243,17.8841,0.6755,0.573496021,0.022540669,0,0.72825098,0.067329489,0.013232514,56,1.641312838,0,35.56818792,3,3.269648552,300.846283,347.5024109,40.96708679,0
P112,2023,766327.2035,3851053.56,0,0,0,0,0,0,0,0,0,0,0.477007538,0.042774653,0.742947477,436,67.34203339,4.735588214,42.20002605,4,3.537649393,302.6674805,339.3613892,38.05869293,0
P113,2023,722857.2035,3849673.56,0,0,0,0,0,0,0,0,0,0,0.538709044,0.026796522,0.82791749,1643,51.33036041,1.595946992,44.48675185,4,3.479403734,302.7782593,332.8327942,37.18054581,0
P114,2023,765637.2035,3817243.56,0,0,0,0,0,0,0,0,0,0,0.660948396,0.029791806,0.211321721,346,5.918466091,11.71662747,45.89741006,3,3.309458494,301.7620544,326.7510681,44.63389206,0
P115,2023,686287.2035,3850363.56,0,0,0,0,0,0,0,0,0,0,0.605280161,0.102225336,0.421818639,1229,64.67137146,0.203069201,40.56973751,4,3.460919857,302.5762939,339.6256409,41.14136887,0
P116,2023,682147.2035,3799993.56,8.4016,22.6843,1.8182,1.1646,79.0698,76.71,0.2016,0.042064971,0.008413842,0,0.746179879,0.039510601,0.273552517,372,0.885344684,0,40.29032162,4,3.584889174,301.7797852,364.6739807,37.7646904,0
P117,2023,683527.2035,3808963.56,0,0,0,0,0,0,0,0,0,0,0.671747148,0.041637845,0.056483319,819,2.401159763,2.232169797,41.86742333,2,3.641361713,301.9295654,373.4804077,38.86543274,0
P118,2023,688357.2035,3806893.56,0,0,0,0,0,0,0,0,0,0,0.680460632,0.04246465,0.19649562,707,8.075104713,0.392363881,44.05144675,3,3.573459864,301.8842468,372.1809082,37.03509521,0
P119,2023,760117.2035,3806203.56,0,0,0,0,0,0,0,0,0,0,0.840060651,0.035867693,0.024627899,254,2.657617331,21.48746104,49.93117282,2,3.254465103,302.1816101,325.8930969,42.32923126,0
P120,2023,771157.2035,3859333.56,0,0,0,0,0,0,0,0,0,0,0.745022535,0.049225017,0.002928313,331,3.856960297,0,44.43402053,2,3.576009274,303.0430298,333.0421143,35.91563797,0
P121,2023,674102.297,3846369.136,0,0,0,0,0,0,0,0,0,0,0,0.039716419,0.018249811,0,0,0,43.55819885,1,3.362565756,302.352356,338.946228,43.08750153,0
P122,2023,722167.2035,3857263.56,0,0,0,0,0,0,0,0,0,0,0.729416847,0.059296474,0.32727833,438,14.19722843,0.116191091,39.87805758,3,3.517262459,303.0352783,335.0634155,36.82353973,0
P124,2023,706297.2035,3818623.56,2.1004,2.5205,1,1,0,97.9788,0.0137,0.001890359,0,0,0.717496812,0.044614749,0.036102373,208,2.061050653,0,43.03157646,3,3.227906466,300.6404114,345.5315247,39.86379623,0
P125,2023,782887.2035,3828973.56,0,0,0,0,0,0,0,0,0,0,0.766944766,0.041235533,0.04006864,139,0.54646337,5.052117336,46.64549224,2,3.329122305,301.6766968,329.0098267,45.6698494,0
P126,2023,765637.2035,3851743.56,0,0,0,0,0,0,0,0,0,0,0.507542789,0.046056168,0.709230783,599,76.34902954,2.851712186,43.56319977,4,3.540772438,302.6828308,339.2736206,37.90618896,0
P127,2023,680077.2035,3848983.56,0,0,0,0,0,0,0,0,0,0,0.392930567,0.041095105,0.986308335,5013,72.51759338,0,46.10167817,4,3.426820755,302.6982117,335.1960449,42.69239807,0
P128,2023,729757.2035,3857953.56,2.1004,1.8904,1,1,100,97.221,0.0249,0,0,0.003219834,0.636677206,0.05691635,0.239858419,1087,82.10627747,0,42.64673896,5,3.533318043,302.8258057,331.5702209,37.42507935,0
P129,2023,735967.2035,3837943.56,8.4016,40.9578,2.625,1.5227,75,59.6115,0.3536,0.016447097,0,0.088607577,0.733274996,0.074560245,0.219722077,448,18.04177856,0.814634448,36.53808969,4,3.433917522,301.7197876,333.2567139,41.06301498,0
P130,2023,720787.2035,3813103.56,16.8032,69.9433,3.8,1.7755,51.7241,57.3896,0.3171,0.094648932,0.001890359,0,0.723661482,0.062104759,0.203896022,784,8.701534271,0.916359467,39.0227589,4,3.265002251,301.2175903,344.6912537,43.63825607,0
P131,2023,720787.2035,3869683.56,8.4016,28.9855,2.4,1.5,63.1579,76.6585,0.1846,0.04254204,0.004734857,0,0.732428551,0.113632974,0.021684025,198,1.018948674,0,40.98931994,3,3.55995822,302.3701172,326.8025208,38.59381866,0
P132,2023,670417.2035,3815863.56,2.1004,61.1216,2,2,95.122,56.9058,0.3378,0.792605863,0.097209326,0,0.839790106,0.077279111,0,41,0.777928412,0,31.06253283,2,3.769446373,301.1990967,370.6696167,43.82854462,0
P133,2023,722167.2035,3872443.56,2.1004,18.2735,1.4737,1.4737,94.1935,58.96,0.447,0,0,0.163743567,0.623908341,0.050807646,0.286507191,58,0.654432535,-2.149681099,39.01744792,4,3.553272486,302.4078674,330.1018982,38.92915344,0
P134,2023,710437.2035,3838633.56,6.3012,13.8626,1.8333,1.3,50,89.3517,0.0784,0.015122873,0,0,0.600024045,0.049162681,0.241709277,326,1.565456629,1.378164216,42.58992146,4,3.382125854,301.3946838,340.5986938,39.46585083,0
P135,2023,698017.2035,3800683.56,27.3052,74.9842,4.0588,1.7317,57.7236,49.7647,0.3908,0.050138789,0.077027657,0,0.703839898,0.073640534,0.011156606,275,2.481568098,10.25156124,39.0000045,3,3.421829224,300.9715576,353.9291687,36.63663864,0
P136,2023,693877.2035,3802753.56,10.502,73.724,2.9091,1.5794,80.7339,37.2942,0.5354,0.215016792,0.010447842,0,0.78514713,0.058962796,0.147449028,230,1.228982449,0.799994284,36.84972227,4,3.478194952,301.293396,361.0541992,36.30838013,0
P137,2023,711127.2035,3833113.56,23.1044,107.7505,3.7037,1.3951,78.0781,21.7806,0.6412,0.343640792,0,0,0.781382859,0.049281498,0.009451796,121,0.956656635,13.33333333,35.22753093,2,3.337435007,300.9151306,343.6539917,40.54047775,0
P138,2023,728377.2035,3848983.56,0,0,0,0,0,0,0,0,0,0,0.493046463,0.04047209,0.835018956,2112,71.66840363,0.829620589,44.16339146,4,3.484398603,302.6175537,332.3501587,37.78726959,0
P139,2023,765637.2035,3820693.56,0,0,0,0,0,0,0,0,0,0,0.580929995,0.031954104,0.369318493,414,2.907874346,2.408678363,44.18197811,3,3.330737591,301.7338257,327.4931335,44.5203476,0
P140,2023,733207.2035,3810343.56,4.2008,6.9313,1.4,1.2,60,93.271,0.0535,0.011008727,0,0,0.74789238,0.042414848,0.018533507,377,2.501563311,9.928087301,42.88381485,3,3.271543741,301.6259766,339.4872742,44.28572083,0
P141,2023,761497.2035,3846913.56,4.2008,39.6975,3.2,2.9495,35.2941,75.842,0.173,0,0,0.043144833,0.642462194,0.039620351,0.215532591,407,56.37543106,2.465794521,41.90224239,5,3.50829196,302.4535828,344.7906189,39.09554672,0
P142,2023,719407.2035,3855883.56,0,0,0,0,0,0,0,0,0,0,0.667755246,0.04627242,0.359235152,868,58.43456268,0,45.45782828,4,3.504472256,303.0075378,334.0273743,36.85317993,0
P143,2023,664897.2035,3806203.56,2.1004,51.0397,1.7778,1.7778,93.4985,34.5185,0.6348,0,0,0.326870577,0.697782636,0.009019466,0.052959297,127,1.031622529,-0.689287515,35.68200274,3,3.723272562,300.8208313,357.8504944,43.79914856,0
P144,2023,728377.2035,3860023.56,0,0,0,0,0,0,0,0,0,0,0.705839336,0.049787568,0.348565436,522,65.48318481,2.862249688,43.090214,4,3.540576935,302.869812,331.848877,37.36886215,0
P145,2023,710437.2035,3842083.56,0,0,0,0,0,0,0,0,0,0,0.74240756,0.040213053,0.008932819,205,2.672950983,14.67641525,43.02056141,2,3.407034159,301.8914795,336.1239319,38.70861053,0
P146,2023,747007.2035,3859333.56,0,0,0,0,0,0,0,0,0,0,0.553330421,0.043800558,0.595073303,1325,82.38461304,3.196208305,43.14630635,4,3.569458485,302.6574707,333.1588745,37.2591095,0
P147,2023,688357.2035,3840013.56,6.3012,86.9565,2.5641,2.4245,91.516,29.4513,0.5963,0.597489529,0.10920567,0,0.812276006,0.052864025,0.003780718,28,0.749656141,0,33.62270934,2,3.505200386,301.0403137,344.5632629,41.09560776,0
P148,2023,715267.2035,3811723.56,16.8032,75.6144,3.1111,1.7191,82.9851,27.867,0.6425,0.337049055,0,0,0.801408589,0.096702824,0.007561437,92,0.824024975,60,36.072504,2,3.256494522,300.7962036,343.2434082,42.75124359,0
P149,2023,684907.2035,3824833.56,10.502,95.7782,3.5,2.658,80.663,22.4467,0.6582,0.189209811,0.190313994,0,0.747803509,0.030881435,0.009451796,91,0.472335398,0,35.8126752,2,3.646287441,300.4218445,363.6425781,41.93837357,0
P150,2023,745627.2035,3847603.56,0,0,0,0,0,0,0,0,0,0,0.376110464,0.062699058,1,11915,91.30545044,0,47.14793976,4,3.49711442,302.2457275,339.9283752,38.92308426,0
P151,2023,713887.2035,3831733.56,14.7028,103.3396,3.4074,2.1041,80.3625,22.6689,0.64,0.337557723,0.005671078,0,0.756558239,0.052335314,0.007561437,83,3.577051878,0,35.06199695,3,3.334964752,300.9353333,341.7084351,41.20504761,0
P152,2023,693187.2035,3855193.56,0,0,0,0,0,0,0,0,0,0,0.642397046,0.244239185,0.186985343,350,7.436956882,0.842857212,40.96605107,3,3.483421326,302.5075073,330.8951416,39.41564178,0
P32,2023,736342.5551,3869366.671,0,0,0,0,0,0,0,0,0,0.766773759,0,0.004643568,0,0,0,0,23.14159648,1,,,,,
P46,2023,670679.2776,3856403.118,0,0,0,0,0,0,0,0,0,0.923459863,0,0,0.039357398,0,0.650805831,100,20.00352181,3,,,,,
P76,2023,677381.1496,3856415.431,0,0,0,0,0,0,0,0,0,0.89106872,0,0.000580652,0.053876965,54,0.687272489,-17.15431434,20.39905616,3,,,,,
P123,2023,717343.7174,3873091.668,0,0,0,0,0,0,0,0,0,0.063878575,0.420311987,0.055370613,0.805478845,55,0.650805831,5.302712134,35.58202901,3,,,,,
P153,2023,785647.2035,3870373.56,18.9036,62.3819,3.1667,1.4339,69.5312,51.0256,0.4013,0,0.006625216,0.124875748,0.175933197,0.0307684,0.685253323,20,2.495290756,55.45345345,32.62476947,5,3.516131639,303.1936646,320.5878906,34.48880386,0
P154,2023,768393.2934,3815866.808,0,0,0,0,0,0,0,0,0,0,0.700293362,0.039003717,0.537803626,307,0.775145173,3.690074749,45.16509538,3,3.299747944,301.6925354,331.6878662,45.06403351,0
P155,2023,763567.2035,3805513.56,0,0,0,0,0,0,0,0,0,0,0.736346483,0.042088097,0.069053215,132,0.974206805,4.513173575,48.57094656,2,3.248678923,302.1089783,325.0680237,42.47819519,0
P156,2023,737347.2035,3828973.56,2.1004,77.5047,2.6154,2.6154,86,29.602,0.6176,0.31350203,0,0,0.784854531,0.039823552,0.056728693,258,2.970541954,2.431032208,36.22060292,3,3.375463247,301.4953918,335.2531433,42.88409042,0
P157,2023,673177.2035,3827593.56,0,0,0,0,0,0,0,0,0,0,0.730484545,0.041262216,0.087136819,554,1.583502054,0.907124565,44.56448197,2,3.682533026,302.1070557,367.9399109,44.51905823,0
P158,2023,719407.2035,3828283.56,4.2008,6.9313,1.2,1,80,93.2476,0.0535,0,0.009409888,0,0.694552481,0.04670852,0.066621722,483,43.70037842,0,40.65074945,4,3.327724218,300.7427673,342.7123718,42.43865585,0
P159,2023,775297.2035,3840703.56,0,0,0,0,0,0,0,0,0,0,0.628947735,0.047685358,0.624967703,458,6.05317831,0.307117842,43.13335634,3,3.450901985,302.2783203,333.5637207,41.48387146,0
P160,2023,676809.3412,3843403.064,0,0,0,0,0,0,0,0,0,0.099200806,0,0.096187481,0.406792934,705,30.78718567,0.783171744,38.91218018,3,3.439496994,302.6761169,343.123291,43.27682114,0
P161,2023,738037.2035,3831733.56,8.4016,33.3963,2.0714,1.2034,80.7692,66.2969,0.2954,0.087868753,0,0,0.662348032,0.025319114,0.143483581,512,5.969236851,1.89159324,40.23412209,4,3.394456387,301.5492249,334.9293213,42.38647461,0
P162,2023,782197.2035,3860713.56,2.1004,6.9313,1.1667,1.1667,90,91.1931,0.0784,0,0,0.013565942,0.649488389,0.037334251,0.168112824,269,5.160722256,0,39.74728197,4,3.510589361,303.0586853,328.4280701,35.90607071,0
P163,2023,729757.2035,3810343.56,2.1004,1.8904,1,1,0,98.2058,0.0137,0.001371382,0,0,0.73805511,0.055074937,0.316334681,604,3.518802166,1.050443124,44.00787273,4,3.269767046,301.4760132,342.4932861,44.24005508,0
P164,2023,761497.2035,3823453.56,0,0,0,0,0,0,0,0,0,0,0.545225143,0.019709787,0.890979879,639,46.4927063,2.107108648,46.80408569,4,3.348008633,301.7286072,328.20224,43.959095,0
P165,2023,660757.2035,3808273.56,0,0,0,0,0,0,0,0,0,0,0.72662729,0.014541602,0.13092977,342,0.988861978,0.905498433,40.58004409,2,3.755514145,300.4638672,356.8320618,45.63792419,0
P166,2023,742867.2035,3808273.56,0,0,0,0,0,0,0,0,0,0,0.847251117,0.026426049,0.371285058,375,5.438858986,1.923625396,46.38925725,3,3.264910936,302.1103821,331.3737488,43.73076248,0
P167,2023,722857.2035,3835873.56,25.2048,52.2999,3.75,1.3226,34,69.2045,0.2231,0.053722636,0.00141329,0,0.691661835,0.095303729,0,185,10.40637684,0,37.45566794,3,3.401041985,301.688385,334.5088806,40.74525833,0
P168,2023,780423.2759,3821684.855,0,0,0,0,0,0,0,0,0,0,0,0.018477101,0,0,0,0,50.18318394,1,3.304037094,301.4668884,327.9806213,46.86375427,0
P169,2023,678697.2035,3813793.56,8.4016,93.8878,3.0625,2.1166,85.5263,20.1084,0.6901,0.457069233,0,0,0.79915899,0.040476834,0.003780718,144,1.6585567,0,35.07738894,3,3.735407114,301.5037231,379.0031433,41.69807053,0
P170,2023,758737.2035,3811723.56,0,0,0,0,0,0,0,0,0,0,0.567126334,0.031706904,0.227987846,327,29.1997757,0.954781654,46.99828819,3,3.282084703,302.0753174,322.6897583,43.34007263,0
P171,2023,762187.2035,3802753.56,0,0,0,0,0,0,0,0,0,0,0.730799437,0.047865338,0.377739225,323,6.777599812,0.299981343,50.19536996,3,3.234368563,302.197937,327.6488342,41.63061523,0
P172,2023,738037.2035,3824143.56,4.2008,10.0819,1.6,1.15,40,92.4782,0.0535,0,0,0.009451796,0.691964865,0.033042898,0.148688617,916,13.84139633,0.793060424,40.45611088,4,3.345251799,301.5270081,334.6885681,43.612854,0
P173,2023,697327.2035,3835873.56,2.1004,3.7807,1.0652,1.0652,99.7024,96.5955,0.0249,0.996219282,0,0,0.922180831,0.062581398,0,5,0.394787431,0,30.95395619,2,3.444864988,299.4556885,346.5587463,39.33580017,0
P174,2023,711817.2035,3857263.56,0,0,0,0,0,0,0,0,0,0,0.637462378,0.068006439,0.150486538,844,43.57958603,1.630271338,42.16669745,3,3.495675087,303.0131226,330.5456543,37.12427139,0
P175,2023,686287.2035,3810343.56,0,0,0,0,0,0,0,0,0,0,0.662808776,0.016500051,0.005671078,132,1.938134074,40,38.62181931,2,3.617175579,301.9692383,374.1487732,38.19423294,0
P176,2023,773917.2035,3845533.56,0,0,0,0,0,0,0,0,0,0,0.495978862,0.050960611,0.931452082,1268,54.58923721,0.163686833,43.50700445,4,3.489026308,302.4931946,333.4269714,39.79238892,0
P177,2023,697327.2035,3828973.56,10.502,88.2168,3,2.5095,87.6106,21.775,0.6841,0.529152688,0.040466133,0,0.813696265,0.073593975,0,43,0.689718485,0,33.59092935,2,3.430127621,299.9711304,354.1611023,38.54547501,0
P179,2023,770467.2035,3864163.56,6.3012,6.9313,1.5,1,0,95.0435,0.035,0,0,0.005152101,0.729147553,0.065849594,0.393045289,136,1.301215529,0.29279582,42.7505852,4,3.600576878,303.1781006,332.8215027,34.88706207,0
P180,2023,729067.2035,3826213.56,0,0,0,0,0,0,0,0,0,0,0.618893027,0.021976093,0.447379913,1233,8.157691002,1.068262062,43.31956318,3,3.34502387,301.0566101,338.5447388,43.2297287,0
P181,2023,738727.2035,3851743.56,0,0,0,0,0,0,0,0,0,0,0.404458225,0.067424004,0.985813347,7158,92.81092834,0,44.24667433,4,3.51359868,302.4199829,333.4884033,38.45682144,0
P182,2023,690427.2035,3802753.56,2.1004,19.5337,1.7778,1.7778,74.0741,81.9288,0.1485,0.033507488,0.000477069,0,0.699996531,0.060710589,0.018593333,164,2.609019041,1.081839389,40.32845366,3,3.52462244,301.5838623,367.0830383,36.3879509,0
P183,2023,716647.2035,3825523.56,8.4016,17.6434,2.5,1.2963,25,87.9674,0.0862,0,0.015975279,0,0.544703543,0.072182403,0.219497798,1469,87.51287079,1.089776368,40.5878957,5,3.291649342,300.3205566,347.8505249,43.01153946,0
P184,2023,709057.2035,3828283.56,0,0,0,0,0,0,0,0,0,0,0.724361956,0.024029695,0.047258979,395,6.817493439,2.727272728,41.11253141,2,3.283023119,300.6138611,345.7281799,40.84326935,0
P185,2023,670417.2035,3834493.56,0,0,0,0,0,0,0,0,0,0,0.735429943,0.025838289,0.073593033,636,3.519185066,1.188149768,44.54437758,2,3.563027859,302.6578064,361.7930298,44.60387802,0
P186,2023,701467.2035,3857263.56,0,0,0,0,0,0,0,0,0,0,0.683808625,0.084985482,0.306482215,715,4.380374432,0,39.60876632,3,3.486650467,302.8034668,324.870636,38.25641632,0
P187,2023,693877.2035,3835183.56,4.2008,54.1903,1.8864,1.7645,95.657,57.4603,0.3458,0.827009497,0.05836944,0,0.876147985,0.087928852,0.010966819,50,0.653233647,0,32.13815677,3,3.482285023,299.7134705,346.2212524,39.96328735,0
P188,2023,747007.2035,3846913.56,0,0,0,0,0,0,0,0,0,0,0.384365201,0.050589956,1,6960,89.8421936,0,46.35246014,4,3.494266272,302.2391968,340.4475403,39.00756454,0
P189,2023,686977.2035,3825523.56,2.1004,85.6963,2.275,2.275,93.0137,30.5791,0.5854,0.481786724,0.248025054,0,0.783613682,0.076094876,0,50,0.650805831,0,34.83935749,2,3.618148327,300.291687,361.895752,41.32866287,0
P190,2023,767017.2035,3847603.56,2.1004,31.506,1.6667,1.6667,92.5926,50.7126,0.4983,0,0,0.203955848,0.566721261,0.054677592,0.532621609,568,55.68848419,0.12323342,38.40487013,6,3.518110752,302.540802,340.4627686,38.96439743,0
P191,2023,774607.2035,3869683.56,0,0,0,0,0,0,0,0,0,0,0.687018871,0.04937739,0.274867444,25,0.682555556,0.421333882,42.65401518,3,3.603161097,303.3627625,328.6272583,33.66553497,0
P192,2023,744247.2035,3845533.56,0,0,0,0,0,0,0,0,0,0,0.413704067,0.045098619,1,3956,86.78838348,0,44.95407006,4,3.483770847,302.1159058,338.3670654,39.51236725,0
P193,2023,779437.2035,3828973.56,0,0,0,0,0,0,0,0,0,0,0.709364474,0.035502873,0.013691665,122,0.650805831,14.14130165,48.16393062,2,3.353698969,301.7095337,328.9159546,45.43146133,0
P194,2023,693187.2035,3844843.56,6.3012,15.1229,2,1.2083,40,89.0984,0.0784,0.013232514,0.001890359,0,0.610508382,0.103771353,0.06850683,444,9.359607697,0,40.22107395,3,3.455394983,301.2009277,347.1587219,39.60705566,0
P195,2023,701467.2035,3826903.56,14.7028,119.0926,4.44,2.0993,67.7903,24.6909,0.5891,0.033984557,0.234736952,0,0.75518024,0.093394227,0.009451796,108,1.085416436,0,38.29718491,2,3.346971035,300.3634338,351.2115173,39.21393204,0
P196,2023,789097.2035,3866923.56,0,0,0,0,0,0,0,0,0,0,0.801996827,0.030547593,0,27,9.571155548,0,44.09003309,2,3.466788769,302.9761353,319.3493042,35.70219803,0
P197,2023,758047.2035,3851743.56,0,0,0,0,0,0,0,0,0,0,0.575405002,0.080677919,0.43021962,1000,85.45231628,0,39.61119786,4,3.5339849,302.5756226,342.6411438,37.94632339,0
P198,2023,750457.2035,3818623.56,0,0,0,0,0,0,0,0,0,0,0.639612019,0.032510883,0.062280119,258,9.367360115,2.956379278,43.50224682,2,3.318118095,302.0148926,327.9623718,43.68822098,0
P199,2023,708367.2035,3819313.56,0,0,0,0,0,0,0,0,0,0,0.712367415,0.05500736,0.051331218,268,2.650016785,0,40.86273286,2,3.23675704,300.6282349,345.3285217,40.61554337,0
P200,2023,682837.2035,3853813.56,0,0,0,0,0,0,0,0,0,0,0.696437538,0.150841861,0.01219456,194,30.14020157,0,39.60277461,3,3.465672016,302.5593872,332.0211792,42.19903564,0
P201,2023,683527.2035,3820693.56,2.1004,0,1,1,100,0,0,1,0,0,0.935949087,0.07457468,0,8,18.82769394,0,29.18127943,4,3.666889429,300.9837341,368.9246216,41.44235229,0
P202,2023,694567.2035,3806203.56,0,0,0,0,0,0,0,0,0,0,0.64142555,0.043816858,0.541128268,1198,4.245651722,0.070112251,44.36652598,3,3.471879482,301.230896,360.7622986,36.36661148,0
P203,2023,770467.2035,3831043.56,0,0,0,0,0,0,0,0,0,0,0.692092597,0.03248201,0.234968647,267,1.645262361,4.663251703,47.64785542,3,3.401391983,301.8806458,331.3537903,43.79334641,0
P204,2023,678697.7063,3824882.986,0,0,0,0,0,0,0,0.351662711,0.183986269,0,0,0.058824991,0.015445379,23,1.22741437,0,35.51236772,2,3.715854645,300.8777771,365.5571899,43.83706665,0
P206,2023,693877.2035,3824833.56,2.1004,93.2577,2.6512,2.6512,91.9042,47.5103,0.3872,0.348468954,0.520881474,0,0.854817927,0.106803044,0,16,0.746730924,0,35.1739097,2,3.492012978,300.2527466,360.6192932,39.02198029,0
P207,2023,680077.2035,3815863.56,2.1004,138.6263,3.725,3.725,85.1093,22.5714,0.5836,0.493843714,0.23201837,0,0.887940407,0.127232385,0,23,7.230312824,0,33.48731674,3,3.715608597,301.4306335,376.0796814,41.61606216,0
P208,2023,789097.2035,3861403.56,6.3012,22.6843,2.5,1.4667,45.4545,82.9627,0.129,0,0,0.026452361,0.667580426,0.035800665,0.339310512,505,3.115227461,0.140523944,42.8684442,4,3.442438364,302.9075317,320.5727844,36.49287796,0
P209,2023,680077.2035,3811033.56,6.3012,37.8072,2.05,1.359,87.5,51.2355,0.4679,0,0.177987115,0,0.574643254,0.022906821,0.029435249,162,1.790282369,2.947407906,42.58667384,3,3.698937654,301.7648315,376.1471252,40.51607132,0
P210,2023,760807.2035,3822763.56,0,0,0,0,0,0,0,0,0,0,0.661491811,0.022281457,0.081435156,596,27.3670578,0,49.31584015,3,3.34381032,301.7532959,327.7979126,43.92511749,0
P211,2023,703537.2035,3826903.56,27.3052,45.3686,3.5833,1.1935,38,70.2965,0.2231,0,0.05328039,0,0.701195121,0.092642446,0,209,2.108742476,0,42.7404075,2,3.307185888,300.4781189,348.4896851,39.67625809,0
P212,2023,772537.2035,3858643.56,8.4016,9.4518,1.8,1,20,92.7494,0.0535,0,0,0.009367981,0.651801109,0.037844437,0.161619595,200,4.657853603,2.798679989,41.99441851,3,3.566180944,303.0221558,332.8641052,36.09720993,0
P213,2023,668347.2035,3806893.56,0,0,0,0,0,0,0,0,0,0,0.695715487,0.011865889,0.228310965,712,0.812022805,1.045510184,43.3607686,3,3.722521544,301.0839844,359.0114441,42.6974411,0
P214,2023,746317.2035,3822073.56,2.1004,3.7807,1,1,100,96.5955,0.0249,0,0,0.003780718,0.700432658,0.040592547,0.225805146,269,3.946892023,0.1688463,42.93233353,4,3.336480618,301.7838135,331.4785767,43.68505478,0
P215,2023,769777.2035,3856573.56,0,0,0,0,0,0,0,0,0,0,0.741672873,0.039634869,0.154914314,233,27.35457993,0.612583304,45.99404826,3,3.568497658,302.9286194,334.2765808,36.61968613,0
P216,2023,777367.2035,3851053.56,0,0,0,0,0,0,0,0,0,0,0.575755179,0.044940571,0.493554792,546,42.12944031,0.47042131,40.05791008,3,3.507023096,302.7465515,328.058136,38.13087463,0
P217,2023,723547.2035,3840703.56,0,0,0,0,0,0,0,0,0,0,0.54559046,0.030754699,0.613904353,909,10.24216175,0.458266286,44.36863833,3,3.431612015,302.1298828,333.2869263,39.38118744,0
P218,2023,769087.2035,3845533.56,0,0,0,0,0,0,0,0,0,0,0.519577742,0.050086141,0.688660051,795,50.20347595,0.474970721,42.64720705,3,3.506144762,302.4707031,339.3796692,39.64759445,0
P219,2023,766327.2035,3860713.56,0,0,0,0,0,0,0,0,0,0,0.707670391,0.064786524,0.278774458,462,7.220261574,0,41.8159426,3,3.589324713,303.0098267,332.1513672,35.82089233,0
P220,2023,770467.2035,3861403.56,4.2008,8.1916,1.4,1,71.4286,92.1663,0.0621,0,0,0.011342155,0.729660332,0.038915682,0.14582702,147,3.49770236,0.532321968,41.75081059,3,3.588675976,303.1044922,332.9058533,35.4519577,0
P221,2023,703537.2035,3817933.56,2.1004,17.6434,1.75,1.75,70,84.6187,0.1222,0.026465028,0,0,0.699869096,0.018458713,0.059453539,337,1.806218863,1.358191758,39.96257299,3,3.286586523,300.6395569,349.5228271,38.84403229,0
P222,2023,784957.2035,3832423.56,0,0,0,0,0,0,0,0,0,0,0.689422131,0.045480464,0.121783995,170,0.594413161,2.246150692,44.54218585,2,3.334522724,301.8440552,332.0710449,44.63294983,0
P223,2023,693187.2035,3802753.56,6.3012,26.465,2.0714,1.7009,80.2632,68.3972,0.291,0.058591645,0.03317406,0,0.79835403,0.06822611,0.004084906,135,1.358142376,0,38.19046084,2,3.487454176,301.3512878,362.2593994,36.32352066,0
P224,2023,715957.2035,3813103.56,6.3012,29.6156,2.2727,1.6838,65.8537,75.5348,0.196,0.04771813,0,0,0.720940351,0.080347983,0.01379865,448,1.449907184,13.95515694,38.90758464,3,3.254715204,300.8752441,342.7181396,43.01234055,0
P225,2023,758786.7669,3802800.01,0,0,0,0,0,0,0,0,0,0,0,0.038145356,0.132830066,525,5.094446659,3.253668488,48.79391619,2,3.237373352,302.2693787,330.3942261,41.58839417,0
P226,2023,737347.2035,3846913.56,0,0,0,0,0,0,0,0,0,0,0.413870871,0.044136326,1,8159,88.76810455,0,43.93898342,4,3.484958172,302.2695618,334.7319641,38.97638321,0
P227,2023,786337.2035,3852433.56,0,0,0,0,0,0,0,0,0,0,0.585849345,0.041556414,0.237052984,382,5.465514183,0.49019196,39.46711699,3,3.432368994,302.7450867,325.2596741,38.04447174,0
P228,2023,747007.2035,3800683.56,0,0,0,0,0,0,0,0,0,0,0.788726687,0.047061093,0.187651868,333,1.956871748,2.115403362,45.6479911,3,3.228448868,302.2598877,339.2055359,42.26267624,0
P229,2023,729067.2035,3854503.56,0,0,0,0,0,0,0,0,0,0,0.51614064,0.046134771,0.862593906,2828,76.34286499,1.100155235,45.92796121,4,3.514261723,302.7533569,332.1747131,37.55445099,0
P230,2023,731827.2035,3853813.56,0,0,0,0,0,0,0,0,0,0,0.47653079,0.049053205,0.960719701,3655,83.43018341,0.158660675,45.12124761,4,3.514820576,302.6403198,331.1159973,37.90756226,0
P231,2023,735967.2035,3860023.56,0,0,0,0,0,0,0,0,0,0,0.642567277,0.043137603,0.66954273,1034,81.81604004,0.056627049,41.64301697,4,3.55401969,302.6922302,328.6722717,37.79144669,0
P232,2023,671797.2035,3832423.56,0,0,0,0,0,0,0,0,0,0,0.635169923,0.052054702,0.369879672,787,2.359792471,0,40.79442881,3,3.602543831,302.5335388,363.6749878,44.53735733,0
P233,2023,724927.2035,3820003.56,0,0,0,0,0,0,0,0,0,0,0.696766138,0.038663804,0.215352246,1015,7.659286499,0.177114444,43.81793657,3,3.303640366,301.1455688,343.6010742,43.73491287,0
P234,2023,710437.2035,3848983.56,0,0,0,0,0,0,0,0,0,0,0.677535117,0.024168218,0.360892803,380,4.801237583,0.789760725,44.219905,3,3.452973127,302.7010498,329.4285278,37.48955536,0
P235,2023,768397.2035,3842773.56,0,0,0,0,0,0,0,0,0,0,0.547990024,0.044208829,0.638428198,795,27.27856636,6.755650233,45.56797615,3,3.487033844,302.3421631,340.2587891,40.49771118,0
P236,2023,741487.2035,3844843.56,0,0,0,0,0,0,0,0,0,0,0.396498352,0.047365688,1,8611,92.069664,0,45.13594808,4,3.477375746,302.0571594,336.8913879,39.7276001,0
P237,2023,745627.2035,3831043.56,2.1004,7.5614,1.2,1.2,85.7143,92.3389,0.0621,0.011342155,0,0,0.53809756,0.038581246,0.923014251,2494,40.87734604,0.385898967,44.10622488,5,3.393326283,301.6456299,336.2342224,42.58601379,0
P238,2023,749077.2035,3832423.56,2.1004,3.7807,1,1,100,96.5955,0.0249,0.003780718,0,0,0.498672336,0.041520813,0.935386944,1636,36.32643509,0.486371753,42.8296904,5,3.404383659,301.786438,336.1347656,42.2172966,0
P239,2023,721477.2035,3858643.56,0,0,0,0,0,0,0,0,0,0,0.721453428,0.031171999,0.450819594,889,10.09796047,1.535102615,41.56003777,3,3.522867918,303.0874939,335.2847595,36.7567749,0
P240,2023,787717.2035,3861403.56,4.2008,16.3831,1.8571,1.35,53.8462,87.4136,0.0937,0,0,0.018903592,0.793126464,0.031223338,0.129085557,195,2.023096561,0,42.4977331,3,3.456403255,302.9691467,322.5057373,36.28261185,0
P241,2023,736657.2035,3837253.56,8.4016,80.0252,3.5789,2.7556,67.5497,44.3555,0.4408,0.158295182,0,0,0.754109323,0.087321754,0.166637876,865,12.89717484,0,36.16329921,4,3.430583477,301.6698914,333.5632019,41.2664032,0
P242,2023,758737.2035,3841393.56,0,0,0,0,0,0,0,0,0,0,0.53778106,0.042047668,0.902034751,770,27.34204674,11.4164541,44.31944682,3,3.470845699,302.1931458,338.4605713,40.52252579,0
P243,2023,780817.2035,3860023.56,25.2048,37.8072,3.2,1,31.25,76.8036,0.167,0,0,0.039262381,0.618932664,0.030894948,0.564723417,79,4.98866415,1.326657836,36.68397311,4,3.521945,303.0628662,329.9032593,35.94028854,0
P244,2023,689047.2035,3849673.56,0,0,0,0,0,0,0,0,0,0,0.693768203,0.202646001,0.095536161,642,10.55118561,3.458491001,39.46969426,3,3.461294889,302.3516235,341.8341064,40.45277405,0
P245,2023,741487.2035,3808963.56,0,0,0,0,0,0,0,0,0,0,0.683422089,0.037630341,0.753738569,717,9.583572388,0.675238905,48.20928476,3,3.267625809,302.0263062,331.8100586,43.86730194,0
P246,2023,744247.2035,3855883.56,0,0,0,0,0,0,0,0,0,0,0.47821039,0.068927087,0.999481023,10215,94.6698761,0.037898494,46.16160033,4,3.545153141,302.5122681,333.3826904,37.98055267,0
P247,2023,731827.2035,3815863.56,0,0,0,0,0,0,0,0,0,0,0.710938752,0.040672591,0.23924214,619,2.149166822,2.094988666,43.90177136,3,3.295244217,301.758606,338.0010376,44.18692398,0
P248,2023,771157.2035,3839323.56,0,0,0,0,0,0,0,0,0,0,0.605662346,0.060863493,0.466330422,361,2.562671423,4.124579393,44.60472116,3,3.460065603,302.2067566,340.3225098,41.72055435,0
P249,2023,744247.2035,3803443.56,0,0,0,0,0,0,0,0,0,0,0.795872748,0.033505585,0.089686619,343,2.037799835,3.590300113,42.16281388,2,3.243127346,302.1919556,337.6269531,43.15742874,0
P250,2023,764947.2035,3823453.56,0,0,0,0,0,0,0,0,0,0,0.637230396,0.029828645,0.134466127,122,15.66715813,3.65858235,46.51885069,3,3.347827673,301.7157288,327.9850769,44.34947586,0
P251,2023,710437.2035,3832423.56,10.502,131.695,4.0938,2.615,78.2895,13.5323,0.6901,0.430053003,0.029333516,0,0.773519158,0.069805376,0,114,1.286248446,0,34.43164241,2,3.328369617,300.8362122,344.6820374,40.55302048,0
P252,2023,784957.2035,3840013.56,0,0,0,0,0,0,0,0,0,0,0.610531569,0.049651053,0.169269905,271,1.212736249,1.436372646,43.37835359,2,3.378935337,302.2413635,335.802948,42.0103569,0
P253,2023,711817.2035,3818623.56,0,0,0,0,0,0,0,0,0,0,0.712288857,0.062595422,0.02268431,373,8.673736572,4,42.49624743,2,3.249209404,300.6382446,345.2214355,41.74846649,0
P254,2023,702157.2035,3806893.56,4.2008,10.712,1.625,1.18,77.2727,85.9219,0.129,0,0.035846689,0,0.661119819,0.050524194,0.1218773,347,6.062737942,0,38.40832323,4,3.34501195,301.0084229,352.9883423,37.75589752,0
P255,2023,727687.2035,3851743.56,0,0,0,0,0,0,0,0,0,0,0.689812064,0.061430624,0.306570601,808,70.07831573,0,39.86251658,4,3.497766018,302.7199097,332.6066589,37.55143356,0
P256,2023,714577.2035,3831733.56,21.004,109.0107,4.3043,1.7093,66.5198,30.0979,0.5468,0.228737698,0.001890359,0,0.769771755,0.058286121,0.03317406,54,3.909776688,78.89373751,36.13451779,3,3.337606668,300.9619751,341.0973511,41.31644058,0
P257,2023,733897.2035,3837943.56,10.502,32.7662,2.6364,1.45,56.0976,74.8952,0.196,0.051744223,0,0,0.717822611,0.046975983,0.218155656,812,24.34228134,0.67127721,36.88434219,4,3.432434559,301.7368164,332.1743469,40.95344162,0
P258,2023,680767.2035,3856573.56,0,0,0,0,0,0,0,0,0,0,0.760084629,0.053999036,0.214684377,159,1.179220557,0,41.08432693,3,3.475297928,302.4437561,327.3334351,42.99988174,0
P259,2023,751837.2035,3809653.56,0,0,0,0,0,0,0,0,0,0,0.483230233,0.035745937,0.992438563,3005,72.58049011,0,45.6553857,4,3.274310827,302.2765198,328.9552612,42.92447662,0
P260,2023,740797.2035,3803443.56,0,0,0,0,0,0,0,0,0,0,0.82632345,0.03372344,0.250603033,355,1.812827945,0.666363712,46.43283646,3,3.24177146,301.9269714,339.5020447,43.57158661,0
P261,2023,684907.2035,3802063.56,2.1004,5.041,1.1429,1.1429,94.1176,89.5173,0.1083,0.025232036,0,0,0.769019425,0.036486678,0.028832457,187,0.780201256,0,40.58269629,3,3.579785109,301.9391785,368.3204956,37.20406723,0
P262,2023,676627.2035,3811033.56,0,0,0,0,0,0,0,0,0,0,0.52121532,0.017984098,0.079201108,227,1.143493414,2.555941605,43.99779593,2,3.725110292,301.5214539,373.7054749,41.4802742,0
P263,2023,748387.2035,3834493.56,0,0,0,0,0,0,0,0,0,0,0.523674011,0.035261475,0.732242451,1702,74.02674866,0.851802225,41.66376955,4,3.418480158,301.7978821,335.4723816,41.86244202,0
P264,2023,679387.7019,3824880.402,0,0,0,0,0,0,0,0.244775372,0.235638957,0,0,0.070777732,0,21,1.091968417,0,34.88181935,2,3.708179712,300.8258057,365.335144,43.62648773,0
P265,2023,756667.2035,3852433.56,0,0,0,0,0,0,0,0,0,0,0.541655242,0.048001746,0.824408541,2424,90.52207184,0.459050029,42.64608107,4,3.536845446,302.5765991,341.7058411,37.80738831,0
P267,2023,723547.2035,3820693.56,0,0,0,0,0,0,0,0,0,0,0.703211129,0.067522965,0.200247098,529,9.148907661,3.045772034,39.6133435,3,3.302122593,301.0033569,343.8305664,43.59477997,0
P268,2023,726307.2035,3857263.56,0,0,0,0,0,0,0,0,0,0,0.566666186,0.053264666,0.404130941,520,38.51591492,31.91561329,45.90290085,3,3.524499416,302.9312744,333.8332214,37.10371017,0
P269,2023,733207.2035,3845533.56,0,0,0,0,0,0,0,0,0,0,0.449703068,0.050028421,0.635863861,1167,65.36820221,0.739285231,43.58211876,3,3.473115921,302.2741699,332.2664795,39.0493927,0
P270,2023,715957.2035,3837253.56,0,0,0,0,0,0,0,0,0,0,0.751641989,0.062148752,0.003261741,375,10.95612526,14.50922356,41.01750048,2,3.389405966,301.6403503,334.0535583,40.05471039,0
P271,2023,671123.0167,3827606.738,0,0,0,0,0,0,0,0,0,0,0,0.026801429,0.063744931,404,2.46059823,2.927972047,40.85798673,1,3.682909966,302.388916,369.4779968,44.77459335,0
P272,2023,721477.2035,3855883.56,0,0,0,0,0,0,0,0,0,0,0.729575813,0.044535817,0.438629224,648,47.66327667,3.316002041,40.97568978,4,3.50873208,302.9935913,334.4907837,36.87755966,0
P273,2023,722857.2035,3866923.56,0,0,0,0,0,0,0,0,0,0,0.781603813,0.0550782,0.050026746,278,3.45168972,0,42.04032139,2,3.555387735,302.5977478,328.8203125,38.12747574,0
P274,2023,766327.2035,3858643.56,6.3012,11.9723,1.6667,1.1429,50,90.5169,0.0704,0,0,0.015308422,0.691574156,0.041424549,0.033363847,181,11.69599724,0,41.2964582,3,3.578678131,302.9430847,333.1007385,36.26830673,0
P275,2023,780127.2035,3862783.56,4.2008,3.7807,1.3333,1,0,96.7501,0.0249,0,0,0.003607837,0.561249077,0.031933265,0.570358657,430,16.01876259,0.756065842,40.50454643,4,3.539991379,303.1545105,329.0411987,35.28318405,0
P276,2023,699397.2035,3839323.56,16.8032,102.7095,3.6923,1.7041,75.8621,25.4212,0.6097,0.296941353,0,0,0.789987564,0.077195014,0.026506936,110,0.944651961,0,35.65609741,3,3.427836657,300.2426147,346.31073,39.15216827,0
P277,2023,751837.2035,3824833.56,2.1004,10.0819,1.6,1.6,57.1429,91.678,0.0621,0.011342155,0,0,0.759104311,0.024690941,0.077796247,372,6.763359547,0.498079723,45.37232714,3,3.354244947,301.8126526,337.5406494,43.33562851,0
P278,2023,724237.2035,3844153.56,4.2008,6.3012,1.5,1,50,94.2219,0.0445,0.007561437,0,0,0.774113536,0.038038498,0.142934018,341,13.93504906,0,38.03514754,4,3.452122927,302.4177551,332.765625,38.39019394,0
P279,2023,714577.2035,3825523.56,2.1004,2.5205,1,1,0,97.9788,0.0137,0,0.001890359,0,0.55811888,0.052727387,0.329586946,1413,80.92970276,25.71624586,40.91772386,5,3.281807899,300.300354,348.3926086,42.73693085,0
P280,2023,691117.2035,3828973.56,6.3012,102.7095,3.025,2.039,89.2287,29.5185,0.5639,0.637440056,0.113778968,0,0.851183653,0.081000616,0.02268431,54,0.824284494,0,35.24646596,3,3.533214331,300.1363525,355.140564,40.22533035,0
P281,2023,706987.2035,3864853.56,23.1044,51.6698,3.8333,1.219,41.3793,67.2761,0.2436,0.033275793,0,0.036393894,0.701315701,0.184107187,0.126051272,220,2.478005886,0,33.80347885,3,3.509652138,302.7435303,328.5633545,38.43122101,0
P282,2023,733897.2035,3829663.56,12.6024,73.724,3.0435,1.4626,79.1111,36.4888,0.5445,0.236920858,0,0,0.77907908,0.035119655,0.2202108,531,3.351379633,3.534529869,37.65924632,4,3.378506184,301.4948425,334.6708069,42.64228058,0
P283,2023,762187.2035,3836563.56,0,0,0,0,0,0,0,0,0,0,0.62783289,0.025821729,0.084213757,154,7.964203835,1.919857481,48.05035089,2,3.441560745,302.0270691,334.8353882,41.96894836,0
P284,2023,694567.2035,3803443.56,21.004,89.477,3.7826,1.5849,72.2944,32.8849,0.5512,0.229791164,0.014645804,0,0.770092487,0.07610635,0.010405935,117,1.328990221,16.6982627,35.39146074,3,3.469562054,301.2348633,360.0325012,36.30900955,0
P285,2023,763567.2035,3832423.56,0,0,0,0,0,0,0,0,0,0,0.611745536,0.031205742,0.283193039,464,36.53024292,1.430521867,49.06326986,3,3.410938263,301.8887024,333.3554077,42.9061203,0
P286,2023,738037.2035,3857263.56,6.3012,27.7253,2.3,1.5624,59.375,78.482,0.167,0,0,0.040604522,0.517252982,0.046499747,0.767151574,1372,91.84856415,0.445656889,41.06385333,6,3.543553352,302.6041565,330.0900879,37.94116592,0
P287,2023,730447.2035,3851053.56,0,0,0,0,0,0,0,0,0,0,0.439570934,0.063794961,0.679290237,2438,84.58372498,1.163004138,43.22380813,4,3.498332739,302.6110229,331.9870911,37.91919327,0
P288,2023,742177.2035,3802753.56,0,0,0,0,0,0,0,0,0,0,0.813962877,0.025462036,0.270928392,373,2.182831526,0.685214804,45.39887155,3,3.23834157,302.0617676,339.2584839,43.36045456,0
P289,2023,782887.2035,3842773.56,4.2008,16.3831,1.625,1.2925,75,84.9287,0.1222,0,0,0.026465028,0.633816421,0.045974171,0.094577784,126,1.50086236,0.212871951,40.64801868,3,3.41361475,302.3716125,330.788147,41.002388,0
P290,2023,735967.2035,3817933.56,0,0,0,0,0,0,0,0,0,0,0.67748338,0.046436416,0.143704966,494,4.908055305,4.125679165,40.13559306,3,3.310542822,301.7879944,333.4089355,44.06140518,0
P291,2023,754597.2035,3855193.56,0,0,0,0,0,0,0,0,0,0.000518977,0.574638844,0.036781989,0.609070988,1573,83.01823425,3.748885078,41.87609956,4,3.551767349,302.6292725,338.8707275,37.34015656,0
P292,2023,747007.2035,3817243.56,0,0,0,0,0,0,0,0,0,0,0.746938407,0.033710445,0.162650465,474,14.28775311,4.770705096,42.82283831,3,3.30923152,302.0248413,325.0552368,43.92673874,0
P293,2023,704227.2035,3806203.56,6.3012,13.8626,2.1667,1.1944,41.6667,88.7141,0.0862,0,0.018570163,0,0.667294264,0.046203258,0.01988172,184,4.672085285,0,39.56629543,3,3.31371069,301.07547,351.9939575,38.46251678,0
P294,2023,769777.2035,3846913.56,2.1004,32.7662,1.5,1.5,94.2529,52.0823,0.4765,0,0,0.183364839,0.664793253,0.038098055,0.356940216,348,62.24584961,0.214108263,38.42290377,6,3.516098976,302.5388794,338.396637,39.22109985,0
P295,2023,722857.2035,3832423.56,6.3012,21.4241,2.125,1.5016,59.0909,83.172,0.129,0.028355388,0,0,0.699327707,0.052396357,0.051498849,246,3.381516457,0,38.17781335,3,3.374665499,301.3184814,337.2609558,41.57607651,0
P296,2023,729067.2035,3864163.56,0,0,0,0,0,0,0,0,0,0,0.712554216,0.042701659,0.13909925,406,20.21891594,0,44.24917579,3,3.557999134,302.7365112,329.0812683,37.94393921,0
P297,2023,745627.2035,3831733.56,0,0,0,0,0,0,0,0,0,0,0.488822073,0.031464049,0.987202648,3494,47.54417419,0,45.02497526,4,3.398101091,301.6560364,336.1654663,42.46158218,0
P298,2023,749077.2035,3837253.56,0,0,0,0,0,0,0,0,0,0,0.603794992,0.029994365,0.231936194,386,64.81291962,7.468416752,41.69966157,3,3.438022852,301.8716125,334.3405762,41.33008957,0
P299,2023,789097.2035,3860023.56,10.502,13.2325,2.2,1,14.2857,91.1249,0.0621,0,0,0.011342155,0.583585143,0.036881763,0.320610387,147,2.728683949,8.883391359,39.47183008,4,3.436460495,302.8842468,321.1537781,36.71606445,0
P300,2023,740797.2035,3866233.56,4.2008,6.3012,1.25,1,50,95.0453,0.035,0,0,0.005671078,0.712795258,0.039191465,0.086998429,150,60.94241333,0,37.99633939,5,3.592915058,302.6563416,324.8326721,37.97722626,0
P301,2023,740107.2035,3824143.56,0,0,0,0,0,0,0,0,0,0,0.608439744,0.033571851,0.330139402,983,8.887727737,5.995767243,45.58198937,3,3.345997095,301.5536499,333.9823608,43.6448555,0
P302,2023,725617.2035,3826213.56,0,0,0,0,0,0,0,0,0,0,0.635310292,0.034256496,0.196782083,740,13.69781113,1.664971835,42.05137856,3,3.337319374,300.7988892,340.4456482,43.1581955,0
P303,2023,691117.2035,3839323.56,18.9036,115.3119,3.4848,2.7907,83.4343,15.9057,0.6931,0.406681892,0.082281491,0,0.832889855,0.053991233,0.002928313,113,0.651073337,0,34.28835673,2,3.4909482,300.5606079,345.2028198,40.47505569,0
P304,2023,673177.2035,3856573.56,0,0,0,0,0,0,0,0,0,0,0.739325762,0.04077214,0.445371247,61,0.650805831,0,42.71950406,3,3.438652515,302.1834106,323.0263672,44.44599533,0
P178,2023,668339.8442,3853769.103,0,0,0,0,0,0,0,0,0.002172949,0.185038729,0.46555981,0.016473583,0.563422798,52,0.650805831,8.437451722,26.33269926,3,,,,,
P266,2023,668452.4106,3830781.232,0,0,0,0,0,0,0,0,0,0,0.724413812,0.054479909,0,0,2.193760633,0,39.21517455,2,,,,,
P305,2023,776677.2035,3871063.56,0,0,0,0,0,0,0,0,0,0.000518977,0.655533433,0.056309746,0.631374711,20,0.666418612,0.466841691,46.56330742,3,3.598089695,303.4217529,325.8228455,33.32009888,0
P306,2023,752527.2035,3860713.56,6.3012,42.8481,2.4375,1.7915,76.5306,60.1971,0.3418,0,0,0.109186932,0.531841218,0.039814994,0.449935542,925,68.02168274,0.206187243,39.83315267,5,3.583539009,302.7480164,335.484375,36.61729431,0
P307,2023,758737.2035,3847603.56,0,0,0,0,0,0,0,0,0,0,0.511475921,0.06014888,0.996219282,2014,63.63919067,0.047641478,42.46388744,4,3.509887695,302.4489136,345.776001,38.81881332,0
P308,2023,749767.2035,3831043.56,0,0,0,0,0,0,0,0,0,0,0.52275753,0.03015425,0.584350025,686,26.68135834,1.676032663,44.75523027,3,3.395064116,301.7855225,336.7149353,42.44755173,0
P309,2023,730448.3673,3803448.766,2.1409,6.4226,1.1739,1.1739,99.1853,93.3112,0.0543,0.986065548,0.001921423,0,0.901723981,0.135705646,0,13,0.541158438,0,30.83952208,2,3.244474173,301.0540771,345.3493347,44.22929001,0
P310,2023,730447.2035,3808963.56,2.1004,2.5205,1,1,100,97.0042,0.0249,0.004734857,0,0,0.747123659,0.06178814,0.053596913,353,1.565683842,1.892469346,39.75176737,3,3.264964342,301.414917,342.5919495,44.24476242,0
P311,2023,704917.2035,3848293.56,10.502,34.6566,2.6364,1.3365,56.0976,74.512,0.196,0.048111384,0,0,0.685485303,0.110320593,0.031660049,687,9.670920372,0.333307069,38.72073232,3,3.4407866,302.4895325,328.1855469,38.07606125,0
P312,2023,706297.2035,3810343.56,12.6024,39.0674,2.9167,1.2908,57.4074,70.3154,0.2335,0.062470919,0,0,0.763125181,0.045304344,0.007561437,239,3.803932428,6.666666667,38.41040079,3,3.24921751,300.8744507,348.8920593,39.32662964,0
P313,2023,768984.5908,3816678.106,0,0,0,0,0,0,0,0,0,0,0,0.036989256,0.123026691,0,0,63.1810058,48.24228164,1,3.303809404,301.6737976,332.5994568,45.13019943,0
P314,2023,765637.2035,3831043.56,0,0,0,0,0,0,0,0,0,0,0.616892517,0.032585382,0.567105393,481,12.99256897,2.967146323,46.10374575,3,3.40098834,301.8521423,332.2470398,43.36896515,0
P315,2023,711127.2035,3840013.56,0,0,0,0,0,0,0,0,0,0,0.749124587,0.044668442,0.063407139,139,2.021812916,1.268135255,43.94880171,2,3.394052267,301.6413269,338.0155945,39.17096329,0
P316,2023,709747.2035,3831043.56,16.8032,131.0649,3.6774,2.1292,80.285,14.3233,0.6825,0.26907994,0.155630162,0,0.775937438,0.082432018,0.003780718,171,3.016382694,0,35.83066338,3,3.312539577,300.7374268,345.5267334,40.63781357,0
P317,2023,695888.2204,3794640.887,0,0,0,0,0,0,0,0.962664426,0.011978321,0,0,0.052897014,0,0,0,0,32.43546411,1,3.435724258,300.886261,354.2745667,37.16437149,0
P318,2023,692497.2035,3836563.56,2.1004,29.6156,1.4444,1.4444,97.8378,67.9642,0.2865,0.886685435,0.032613175,0,0.883561373,0.098526075,0,18,0.68459183,0,32.23780018,2,3.493274689,299.923645,344.9307861,40.32579422,0
P319,2023,705607.2035,3811033.56,4.2008,6.3012,1.5,1.2222,0,95.2315,0.035,0.003261741,0.002367429,0,0.693172395,0.035828605,0,190,4.260860443,0,41.46450281,3,3.257804394,300.8361816,349.179718,39.0923233,0
P320,2023,673867.2035,3804823.56,0,0,0,0,0,0,0,0,0,0,0.630557537,0.014787066,0.721699139,1122,1.111002564,1.094972371,43.32164454,3,3.68089366,301.7201233,361.5440369,40.62123489,0
P321,2023,778747.2035,3848293.56,0,0,0,0,0,0,0,0,0,0,0.522954583,0.034231877,0.153392695,893,36.29916382,0.900266382,38.79933296,3,3.485912323,302.638031,325.7290955,38.97055817,0
P322,2023,780127.2035,3835183.56,0,0,0,0,0,0,0,0,0,0,0.5966838,0.051263348,0.260778141,331,0.650805831,2.802681956,44.96616339,3,3.389827013,302.0168457,329.5385437,43.5426178,0
P323,2023,753907.2035,3827593.56,0,0,0,0,0,0,0,0,0,0,0.697089672,0.027643448,0.094862709,166,6.130487442,1.732262655,44.67313459,2,3.372392416,301.7767944,337.6384277,43.14440155,0
P324,2023,726997.2035,3845533.56,0,0,0,0,0,0,0,0,0,0,0.708995223,0.0403307,0.425954749,840,57.09993744,0.832061888,39.41773592,4,3.463791132,302.4500427,332.4830627,38.31237411,0
P325,2023,718027.2035,3844153.56,2.1004,2.5205,1,1,0,97.9788,0.0137,0,0,0.001890359,0.705506444,0.05106947,0.154533395,318,3.579045534,0,37.7653609,3,3.439129353,302.375946,332.7146912,38.13880157,0
P326,2023,776677.2035,3851053.56,4.2008,16.3831,1.5455,1.1154,85.3659,78.8889,0.196,0,0,0.051869946,0.568772852,0.042959238,0.419992151,420,46.08052444,1.686132599,38.5628545,5,3.510077477,302.7434387,328.8416138,38.121418,0
P327,2023,704917.2035,3866233.56,2.1004,21.4241,1.3571,1.3571,97.2527,41.9156,0.6592,0,0,0.353829054,0.348275214,0.087538038,0.27754855,0,1.146313906,-8.526282205,32.38104485,4,3.50919795,302.7635803,328.8314209,38.7177887,0
P328,2023,684217.2035,3815173.56,0,0,0,0,0,0,0,0,0,0,0.457138538,0.019726207,0.582896955,1412,56.34344864,0.396248327,43.76414625,3,3.662551165,301.6742249,375.120697,39.90805054,0
P329,2023,698017.2035,3845533.56,0,0,0,0,0,0,0,0,0,0,0.669781864,0.0582873,0.015599943,409,9.194890976,145.047394,39.8582031,2,3.443160295,301.0103455,345.5429382,38.66939545,0
P330,2023,779437.2035,3846913.56,0,0,0,0,0,0,0,0,0,0,0.534603059,0.06565206,0.670890943,544,11.95048809,0.474253366,41.8995434,3,3.471545458,302.5733337,326.0182495,39.47566605,0
P331,2023,691117.2035,3842773.56,6.3012,6.3012,1.5,1,0,95.2315,0.035,0.006190054,0,0,0.613189638,0.060176625,0.302273751,717,6.122308254,2.938777485,40.57702135,4,3.47154808,301.163208,346.0321655,40.24536514,0
P332,2023,727687.2035,3819313.56,0,0,0,0,0,0,0,0,0,0.000477069,0.697362423,0.021489869,0.279152446,685,2.466152668,0,44.62955814,3,3.305619955,301.354248,341.4332886,43.83607101,0
P333,2023,755977.2035,3858643.56,0,0,0,0,0,0,0,0,0,0,0.540563524,0.035975226,0.90128408,1743,80.13943481,0.169212154,41.81853123,4,3.573417902,302.7529602,334.4844971,36.73583221,0
P334,2023,683527.2035,3829663.56,10.502,26.465,2.625,1.2556,40.9091,82.2008,0.129,0.007561437,0.02127102,0,0.520406485,0.052026254,0.281199114,350,0.958456933,3.745467014,39.69692676,4,3.616924763,300.91922,358.0249023,42.45112228,0
P335,2023,687667.2035,3821383.56,2.1004,0,1,1,100,0,0,1,0,0,0.914242446,0.086502858,0,5,3.672206879,0,27.94640479,3,3.616265774,300.795105,366.7329102,40.21445847,0
P336,2023,691807.2035,3821383.56,6.3012,71.8336,2.5185,1.6216,87.1473,29.6223,0.6321,0.327043984,0.005671078,0,0.783003509,0.037190326,0.052930057,223,3.826870918,17.33333333,37.07590627,3,3.533967257,300.6509399,363.3831482,38.92803955,0
P337,2023,711817.2035,3848983.56,0,0,0,0,0,0,0,0,0,0,0.706839442,0.03839919,0.283639523,542,6.475619316,0.509221581,44.18234564,3,3.455806732,302.7229614,330.2941284,37.33695602,0
P338,2023,736657.2035,3862783.56,0,0,0,0,0,0,0,0,0,0,0.563605547,0.037984059,0.576326507,669,80.24642181,3.151009994,42.31971455,4,3.567700148,302.6802368,327.4284973,37.95799637,0
P339,2023,733207.2035,3862783.56,0,0,0,0,0,0,0,0,0,0,0.612138748,0.046091162,0.87938204,1161,63.53993225,4.489240226,45.5454341,4,3.56022954,302.7136841,327.9268799,38.00881958,0
P340,2023,715267.2035,3853813.56,0,0,0,0,0,0,0,0,0,0,0.666255772,0.054494173,0.447966131,963,60.12162781,0.358799381,41.77295955,4,3.485942125,302.9559326,332.8112183,36.86973572,0
P341,2023,732517.2035,3869683.56,0,0,0,0,0,0,0,0,0,0,0.749063015,0.057752136,0.294360148,137,8.586811066,0,42.09318315,3,3.587866783,302.6743469,325.8956299,38.64134979,0
P342,2023,760807.2035,3843463.56,0,0,0,0,0,0,0,0,0,0,0.41305235,0.033161184,0.813748755,895,54.82761765,4.669487256,45.71426594,3,3.485761642,302.3003845,341.2542725,40.05226517,0
P343,2023,785647.2035,3854503.56,0,0,0,0,0,0,0,0,0,0,0.55229789,0.054713267,0.306716268,377,41.85045242,7.2692731,43.60126702,3,3.448172092,302.8124695,325.348114,37.56534195,0
P344,2023,775297.2035,3844843.56,0,0,0,0,0,0,0,0,0,0,0.479498982,0.062496019,0.960404191,1748,51.02301407,0.118799221,45.61843001,4,3.478340149,302.4666748,331.8062134,40.07273483,0
P345,2023,776677.2035,3825523.56,0,0,0,0,0,0,0,0,0,0,0.709411442,0.057145001,0.399137506,271,0.650805831,0,47.58201464,3,3.340598583,301.618927,327.8411255,45.80015182,0
P346,2023,701467.2035,3809653.56,0,0,0,0,0,0,0,0,0,0,0.652105749,0.01831762,0.648989916,1526,22.86860466,0.8508482,43.18625172,3,3.345797539,300.9021301,353.1399231,37.52180862,0
P347,2023,750457.2035,3855193.56,6.3012,24.5747,1.5,1.1384,95,49.9172,0.5377,0,0,0.225588524,0.450922221,0.043215836,0.735191002,1249,90.19683838,0.313384626,39.73415543,6,3.548377991,302.5698853,339.0627441,37.4501915,0
P348,2023,781507.2035,3871063.56,0,0,0,0,0,0,0,0,0,0,0.736462414,0.04997352,0.276689061,10,0.816252828,0,42.84393236,3,3.558872223,303.3359375,322.4803162,33.7592659,0
P349,2023,700087.2035,3844153.56,0,0,0,0,0,0,0,0,0,0,0.623676598,0.071330157,0.140339659,957,9.88501358,0.553712313,42.32042603,3,3.434018612,301.1239014,342.6161194,38.70027542,0
P350,2023,760117.2035,3840703.56,0,0,0,0,0,0,0,0,0,0,0.448166132,0.041811099,0.988622008,1406,25.43293381,0.412342145,47.06218882,3,3.467692137,302.1773987,337.8137207,40.78537369,0
P351,2023,676076.1622,3818606.252,0,0,0,0,0,0,0,0.960861107,0.030312122,0,0,0.038919036,0,12,0.678313136,0,31.16525357,2,3.738788366,301.3340149,372.620636,43.17457962,0
P352,2023,705607.2035,3859333.56,0,0,0,0,0,0,0,0,0,0,0.657296538,0.031135572,0.529500663,605,38.26594162,0.036104249,43.20888942,3,3.491559029,302.8496704,325.1911316,38.01575851,0
P353,2023,720097.2035,3833113.56,0,0,0,0,0,0,0,0,0,0,0.578234136,0.054557404,0.545881044,138,10.171134,0.121776137,40.94768387,3,3.369926214,301.3037109,337.4388428,41.29018021,0
P354,2023,759427.2035,3833113.56,0,0,0,0,0,0,0,0,0,0,0.558632851,0.035607717,0.418710848,275,60.34049225,1.750206657,42.44527096,3,3.41451025,301.8969116,333.7504272,42.47086716,0
P355,2023,761497.2035,3819313.56,0,0,0,0,0,0,0,0,0,0,0.671092451,0.020036476,0.052930057,274,13.32621098,0,46.84580379,3,3.323283911,301.8171997,323.1157532,44.03921127,0
P356,2023,770467.2035,3841393.56,0,0,0,0,0,0,0,0,0,0,0.463612288,0.031609271,0.539783721,364,12.02990341,8.305976078,43.54748576,3,3.476840258,302.2970276,340.2951965,41.01696396,0
P357,2023,782197.2035,3833113.56,0,0,0,0,0,0,0,0,0,0,0.619195163,0.043398261,0.005152101,202,0.466139734,7.25461178,44.2083112,2,3.36011529,301.8990784,330.7865295,44.27861786,0
P358,2023,680077.2035,3840013.56,0,0,0,0,0,0,0,0,0,0,0.691129446,0.043986449,0.115414988,1304,6.65179491,0.766084017,46.18332601,3,3.510030985,302.4804382,348.7147522,43.07664871,0
P359,2023,750457.2035,3844153.56,0,0,0,0,0,0,0,0,0,0,0.547472179,0.039199814,0.996219282,2536,86.08004761,0.066544404,44.81817171,4,3.480549335,302.1980286,339.939209,39.50695419,0
P360,2023,684217.2035,3824143.56,4.2008,73.0939,2.3947,2.3383,92.1131,29.2202,0.6334,0.541471138,0.129701016,0,0.757567823,0.05002769,0.001890359,71,0.537168324,0,33.69198706,2,3.656030893,300.5245361,364.676239,42.02497482,0
P361,2023,736657.2035,3806203.56,0,0,0,0,0,0,0,0,0,0,0.849218428,0.033820368,0.126654064,320,7.531085968,1.612903226,45.25159199,3,3.253269196,301.6354675,339.5695496,44.07662964,0
P362,2023,700087.2035,3835873.56,2.1004,51.6698,1.7955,1.7955,96.1369,59.3601,0.3296,0.89549335,0,0,0.952888012,0.11322078,0,14,0.402234972,0,32.32465517,2,3.413746595,299.8266907,348.5296631,39.45098877,0
P363,2023,698707.2035,3813103.56,4.2008,38.4373,1.5556,1.3677,95.4128,37.8833,0.6374,0.082137849,0.003780718,0.252156299,0.629487753,0.063443431,0.445023565,800,7.904875755,1.003935929,40.24667462,5,3.390853167,300.8234863,355.8345337,36.44527435,0
P364,2023,743557.2035,3857953.56,0,0,0,0,0,0,0,0,0,0,0.428893983,0.05592088,0.975425331,3431,89.13911438,0.569017916,45.67195784,4,3.556624889,302.5742798,331.221283,37.8177681,0
P365,2023,713887.2035,3814483.56,8.4016,45.9987,2.8,1.7677,70.9677,60.5226,0.3296,0.073759844,0.029541221,0,0.699090958,0.070048578,0.008515575,340,1.626669288,0,41.30832855,3,3.24590373,300.8402405,343.2520447,42.36935806,0
P366,2023,732517.2035,3862783.56,0,0,0,0,0,0,0,0,0,0,0.62189877,0.073593232,0.483241101,913,57.02708054,0.522196808,42.68197811,4,3.558829069,302.7218933,328.1251221,37.99760056,0
P367,2023,780817.2035,3826213.56,0,0,0,0,0,0,0,0,0,0,0.775141597,0.051899432,0.369774798,317,0.545293212,0.407772378,48.1661362,3,3.32695508,301.5774536,328.5374451,46.25640488,0
P368,2023,722167.2035,3853813.56,0,0,0,0,0,0,0,0,0,0,0.579000473,0.035919139,0.666261238,1366,81.58358002,0.584023122,42.93943593,4,3.499489069,302.9194031,334.0194397,36.9787941,0
P369,2023,708367.2035,3806893.56,2.1004,45.3686,2,2,88.764,48.168,0.4821,0.17318029,0.018903592,0,0.672330558,0.107759229,0.062381853,180,7.519755363,3.571428571,40.10286178,4,3.269530773,300.9913635,349.2763977,39.95293427,0
P370,2023,776677.2035,3867613.56,2.1004,2.5205,1,1,0,97.9788,0.0137,0,0,0.001890359,0.686419606,0.037665715,0.024878857,170,1.770596623,0,44.58853011,2,3.584345818,303.3199158,328.0300293,34.07551193,0
P371,2023,671107.2035,3799993.56,6.3012,62.3819,2.52,2.0235,86.7596,33.8777,0.6065,0.26965691,0.020793951,0,0.712418318,0.051961166,0.001890359,77,0.921665311,0,36.29199646,2,3.641370773,301.6948547,355.1317139,40.4894104,0
P372,2023,775987.2035,3826213.56,0,0,0,0,0,0,0,0,0,0,0.83498913,0.042432973,0.001890359,148,0.745356619,0,50.74193315,2,3.347014666,301.6413879,327.3989563,45.62804031,0
P373,2023,702157.2035,3833803.56,2.1004,45.9987,1.7273,1.7273,96.5066,62.3271,0.3086,0.907461467,0,0,0.952741027,0.067940878,0,46,0.502853036,0,32.08716022,2,3.376907825,300.1693115,349.9702148,39.50779724,0
P374,2023,697327.2035,3797233.56,16.8032,51.6698,3.0588,1.2384,71.0744,54.3858,0.3872,0.127746593,0.001890359,0.005211926,0.755240321,0.075805709,0.023161379,131,0.650805831,-1.854711394,39.27685264,3,3.427677393,300.891571,353.2995911,36.89875412,0
P375,2023,665587.2035,3808273.56,0,0,0,0,0,0,0,0,0,0,0.699170887,0.00872842,0.164730612,426,1.328325987,0.962203521,45.55454426,2,3.743345737,300.8062439,359.3247375,43.9572525,0
P376,2023,680077.2035,3828283.56,14.7028,80.0252,3.4286,2.543,71.8232,40.1911,0.4876,0.097927579,0.087808927,0,0.59592855,0.079748175,0.021879064,185,0.828772724,4.177971261,36.92117483,3,3.659587622,301.2703857,362.3126221,43.41789627,0
P377,2023,735967.2035,3811723.56,0,0,0,0,0,0,0,0,0,0,0.760983527,0.072322508,0.110577052,292,7.125514984,0.258930209,45.7593078,3,3.278940201,301.8139038,335.2352905,44.24458694,0
P378,2023,763567.2035,3806893.56,0,0,0,0,0,0,0,0,0,0,0.66456908,0.066783099,0.323110429,284,0.744803429,0.35730148,46.68101966,3,3.255709648,302.0717773,324.6087646,42.74552917,0
P379,2023,784954.1909,3829668.82,0,0,0,0,0,0,0,0,0,0,0.728992343,0.039699227,0.011520615,163,0.439834327,0,44.2476748,2,3.318227053,301.6942139,329.6042175,45.5751152,0
P380,2023,685597.2035,3848983.56,0,0,0,0,0,0,0,0,0,0,0.539616644,0.065073266,0.175098877,838,61.99921417,3.236568224,41.15463972,3,3.451315641,302.5803528,340.8964233,41.30659866,0
P381,2023,765637.2035,3853123.56,0,0,0,0,0,0,0,0,0,0,0.573231757,0.048940484,0.339639701,351,83.30744934,4.008835418,43.68429271,4,3.54830265,302.7318115,337.9890442,37.58786774,0
P382,2023,763567.2035,3851743.56,6.3012,38.4373,2.3571,1.3985,75,65.4743,0.291,0,0,0.083634954,0.51521045,0.07418999,0.566042389,557,72.11662292,2.589763199,40.1827561,6,3.538937092,302.6539917,340.7494507,37.9353981,0
P383,2023,724927.2035,3821383.56,0,0,0,0,0,0,0,0,0,0,0.682458758,0.051654529,0.502155528,1361,7.989767551,0.075574287,42.2426549,3,3.310417652,301.0291138,343.0163574,43.6270752,0
P384,2023,693187.2035,3825523.56,2.1004,108.3806,3.1,3.1,88.8298,28.6152,0.5639,0.721873172,0.030305573,0,0.865653098,0.059081781,0,47,0.724202335,0,32.25297722,2,3.504743814,300.2173157,359.8919067,39.31256485,0
P385,2023,750457.2035,3847603.56,0,0,0,0,0,0,0,0,0,0,0.443785995,0.043847009,0.965037315,2251,89.61560822,0,45.85855979,4,3.501480818,302.3337708,343.1080017,38.61791611,0
P386,2023,684217.2035,3817933.56,6.3012,52.9301,2.04,1.4459,90.8127,36.5187,0.6031,0.282568663,0.008038506,0,0.665730238,0.063890034,0,318,49.43212891,0,38.83759728,5,3.660492182,301.3244629,371.9011841,40.55702209,0
P387,2023,731137.2035,3842773.56,2.1004,2.5205,1,1,0,97.9788,0.0137,0.001890359,0,0,0.531386971,0.055721164,0.583154177,2113,49.37371445,0.244482432,41.30024341,5,3.454982281,302.1335754,332.3457336,39.51288986,0
P388,2023,697327.2035,3824833.56,23.1044,69.9433,3.7222,1.3044,65.9722,47.251,0.4281,0.12905733,0.026840364,0,0.758969963,0.057094282,0.143278281,196,1.592920184,0.267400375,37.41892852,3,3.422270298,300.2862854,358.8263245,38.04547882,0
P389,2023,757357.2035,3813103.56,0,0,0,0,0,0,0,0,0,0,0.603422642,0.03076047,0.179846069,305,47.56540298,1.085917259,42.40531411,3,3.288998127,302.0779419,322.4484558,43.55727768,0
P390,2023,709747.2035,3851053.56,0,0,0,0,0,0,0,0,0,0,0.586103201,0.033571984,0.889523668,1980,33.45568848,0.523379789,44.89467715,4,3.461579323,302.7553711,328.8993835,37.523983,0
P391,2023,667657.2035,3816553.56,2.1004,0,1,1,100,0,0,1,0,0,0.960848629,0.078338995,0,13,0.502376676,0,27.65272017,2,3.774652719,301.223114,367.7268066,44.62745667,0
P393,2023,719407.2035,3864853.56,0,0,0,0,0,0,0,0,0,0,0.706954598,0.040499664,0.627746304,950,3.785300255,0.259428914,44.18069268,3,3.53982687,302.6677246,330.4510498,37.77851486,0
P394,2023,769087.2035,3837253.56,0,0,0,0,0,0,0,0,0,0,0.651517153,0.042570903,0.912336059,516,2.502843142,0.050070717,45.35555655,3,3.449789286,302.1083069,340.7954407,42.21673203,0
P395,2023,744937.2035,3804133.56,0,0,0,0,0,0,0,0,0,0,0.796840727,0.028855975,0.255149984,324,2.652757645,2.177481929,47.85224819,3,3.247021914,302.2059326,336.6573792,43.1262207,0
P397,2023,697327.2035,3836563.56,2.1004,23.9445,1.3261,1.3261,98.46,80.3973,0.1547,0.96576583,0,0,0.917247117,0.085658834,0,7,0.477802873,0,31.42455639,2,3.445089817,299.5278625,346.4611206,39.31587219,0
P398,2023,694567.2035,3812413.56,0,0,0,0,0,0,0,0,0,0,0.66977638,0.037329717,0.161211648,339,6.761389732,2.431121879,40.84801802,3,3.476300001,301.2159729,362.3861694,36.47311783,0
P400,2023,744247.2035,3864853.56,2.1004,18.9036,1.1935,1.1935,98.6395,40.8005,0.6873,0,0,0.435619501,0.539282739,0.025711096,0.098390921,396,76.32800293,0,34.80802557,6,3.593387842,302.6803284,328.0480042,37.53438187,0
P401,2023,724237.2035,3846223.56,0,0,0,0,0,0,0,0,0,0,0.718535841,0.034226865,0.266798685,492,23.99729156,3.448614957,39.47534359,3,3.463395596,302.5843201,332.467804,37.777668,0
P402,2023,740107.2035,3841393.56,0,0,0,0,0,0,0,0,0,0,0.478490621,0.036493875,0.902047419,2614,83.93236542,0.483006136,42.55728305,4,3.456444502,301.8864441,335.7634583,40.46191025,0
P403,2023,785647.2035,3843463.56,0,0,0,0,0,0,0,0,0,0,0.623095393,0.04789763,0.101165331,446,1.749654174,11.86219876,42.7938747,2,3.392553329,302.3938599,332.7211304,40.79828262,0
P404,2023,778057.2035,3868303.56,0,0,0,0,0,0,0,0,0,0,0.675900221,0.051483879,0.384842524,333,1.419993401,0.607343712,42.34636845,3,3.580156326,303.3515015,326.5074463,33.90027237,0
P405,2023,777367.2035,3868993.56,0,0,0,0,0,0,0,0,0,0,0.743385315,0.05582615,0.433356652,295,1.074163556,0.087624883,42.91876498,3,3.586352825,303.3664551,326.5666199,33.76033401,0
P406,2023,735967.2035,3867613.56,0,0,0,0,0,0,0,0,0,0,0.769479752,0.046685746,0.347594392,381,21.38228226,0,40.58333214,3,3.587599277,302.6791382,325.488678,38.26815796,0
P407,2023,713887.2035,3821383.56,0,0,0,0,0,0,0,0,0,0,0.538185537,0.026302702,0.773412584,1353,9.253088951,0.238608835,45.37453912,3,3.265346527,300.5031128,346.3585815,42.51374817,0
P408,2023,782197.2035,3862093.56,0,0,0,0,0,0,0,0,0,0,0.676442266,0.039967366,0.109010632,153,9.793400764,0,41.2323943,3,3.516115904,303.0932617,327.568512,35.63127518,0
P409,2023,690427.2035,3808273.56,0,0,0,0,0,0,0,0,0,0,0.679876089,0.031394165,0.330150236,701,3.998822927,3.657310667,43.47903154,3,3.544569016,301.6914368,368.8800049,36.95191574,0
P410,2023,675247.2035,3798613.56,8.4016,15.753,2,1.1,63.6364,84.5157,0.129,0.019362743,0.008861671,0,0.699498713,0.043282416,0.030704898,289,0.930719614,0,39.09418855,3,3.609269381,301.6683044,358.6829834,39.25744629,0
P411,2023,771847.2035,3835183.56,0,0,0,0,0,0,0,0,0,0,0.665390372,0.036516268,0.13659849,228,0.93482393,13.46763795,43.45311335,2,3.427241564,302.0357361,336.4384766,42.90754318,0
P412,2023,761497.2035,3841393.56,0,0,0,0,0,0,0,0,0,0,0.414463192,0.041082547,0.897891364,846,17.69613266,2.808273463,44.95008882,3,3.473133802,302.2191162,338.8696899,40.65696716,0
P413,2023,762187.2035,3855193.56,0,0,0,0,0,0,0,0,0,0,0.578874052,0.04080971,0.54438052,507,82.18235779,0.565893304,39.37060933,4,3.557257652,302.7453613,337.0127563,37.23375702,0
P414,2023,700777.2035,3810343.56,4.2008,27.7253,2,1.79,76.5957,74.5678,0.2125,0,0.054820416,0,0.614307106,0.022219933,0.579629668,785,23.7954731,0.71259492,42.10222056,5,3.356462955,300.8790283,353.6758118,37.26573563,0
P415,2023,736657.2035,3860713.56,0,0,0,0,0,0,0,0,0,0,0.567839026,0.050129277,0.810841206,1375,81.45795441,1.82342698,43.75539146,4,3.558467627,302.6821289,328.3383179,37.83828354,0
P416,2023,744937.2035,3863473.56,0,0,0,0,0,0,0,0,0,0,0.521117151,0.037890435,0.544694637,1071,84.99416351,3.198275559,43.21348967,4,3.587693453,302.6776733,329.4396057,37.44297409,0
P417,2023,677317.2035,3838633.56,0,0,0,0,0,0,0,0,0,0,0.72153157,0.064927777,0.199280292,658,9.114087105,0,45.00560929,3,3.524653196,302.7271423,352.85672,43.67195129,0
P418,2023,774607.2035,3836563.56,0,0,0,0,0,0,0,0,0,0,0.547823787,0.033646346,0.432759443,404,1.112766862,9.07026074,45.52426286,3,3.425690413,302.0911255,334.6425781,42.75292206,0
P419,2023,700087.2035,3823453.56,33.6064,153.1191,5.24,2.1432,62.5442,18.9663,0.6031,0.071082977,0.225054475,0,0.786330402,0.048954126,0,66,1.423894763,0,37.74026853,2,3.364234447,300.4406128,354.1112061,38.5388031,0
P420,2023,684217.2035,3853813.56,0,0,0,0,0,0,0,0,0,0,0.632059157,0.112438295,0.541574704,1597,30.80731964,0.554258268,44.21827678,3,3.470249176,302.5788269,333.0637512,41.78096008,0
P421,2023,700087.2035,3819313.56,0,0,0,0,0,0,0,0,0,0,0.72893405,0.027569655,0.001890359,1238,1.877507091,0,43.97784107,2,3.361804724,300.5847168,354.2205505,37.8725853,0
P422,2023,755287.2035,3818623.56,0,0,0,0,0,0,0,0,0,0,0.646748424,0.024832024,0.32020162,769,37.11737442,5.843255768,42.15396182,3,3.318842411,301.9754333,326.4359436,43.7494545,0
P423,2023,742177.2035,3865543.56,4.2008,3.7807,1.3333,1,0,96.7501,0.0249,0,0,0.003261741,0.604281425,0.060588435,0.151401615,735,70.73169708,0.512219939,38.21280899,5,3.592741489,302.6514587,325.3573303,37.87251663,0
P424,2023,736657.2035,3866923.56,0,0,0,0,0,0,0,0,0,0,0.752286017,0.045053246,0.121256589,433,46.90966415,0,42.0136777,3,3.586206436,302.6773682,325.5858765,38.19172287,0
P425,2023,743557.2035,3849673.56,2.1004,6.3012,1.25,1.25,75,94.1854,0.0445,0,0,0.007561437,0.42597428,0.069012874,0.950391511,22824,95.33621979,0,45.45457709,6,3.507435322,302.290802,337.5661926,38.74456406,0
P426,2023,729067.2035,3811723.56,0,0,0,0,0,0,0,0,0,0,0.764551818,0.052441381,0.037807183,273,4.309926987,0,41.82355631,2,3.274075508,301.5435486,342.5048523,44.23365784,0
P427,2023,727687.2035,3846223.56,0,0,0,0,0,0,0,0,0,0,0.666367829,0.033920105,0.36399351,841,57.52412415,0.121313055,38.85383972,4,3.46858716,302.4830017,332.4118652,38.20432663,0
P428,2023,725617.2035,3859333.56,0,0,0,0,0,0,0,0,0,0,0.733371019,0.045628177,0.311980936,769,19.19553185,0.245341704,41.05869436,3,3.533541918,302.9831543,334.2204895,37.02236176,0
P429,2023,713197.2035,3846913.56,0,0,0,0,0,0,0,0,0,0,0.708034039,0.063092153,0.185129476,232,2.203366518,7.898088182,39.80027272,3,3.447542191,302.6219788,331.3742065,37.37620163,0
P430,2023,716647.2035,3824143.56,0,0,0,0,0,0,0,0,0,0,0.416409612,0.029804869,0.963850468,3299,76.24890137,0.039302236,44.6341401,4,3.286178589,300.3761902,347.5078125,43.06628418,0
P431,2023,682147.2035,3820003.56,18.9036,51.0397,3.3125,1.3271,63,58.0607,0.3458,0.109383315,0.003780718,0,0.710006714,0.044489915,0,100,21.41904259,0,35.40768144,4,3.684425354,301.0813293,370.2268066,41.75768661,0
P432,2023,704227.2035,3865543.56,4.2008,34.6566,1.5111,1.3988,97.5764,71.6565,0.2283,0,0,0.940808741,0.527162492,0.073055533,0.02036404,7,1.875747323,-18.95153342,22.90674342,3,3.507694721,302.7696533,328.1149292,38.6712532,0
P433,2023,702847.2035,3828973.56,10.502,74.3541,2.2632,1.7464,92.8571,28.9121,0.6334,0.476348354,0.202125803,0,0.854163289,0.099564276,0,41,0.729131579,0,33.832723,2,3.334471464,300.3807678,349.5683594,39.53976059,0
P434,2023,716647.2035,3839323.56,0,0,0,0,0,0,0,0,0,0,0.654185712,0.030803227,0.400619099,682,13.71274662,0.683168427,43.98988922,3,3.404944897,301.8713074,333.6308594,39.48668671,0
P435,2023,787717.2035,3842083.56,0,0,0,0,0,0,0,0,0,0,0.627807379,0.057693907,0.262274952,525,0.694128811,0.940313612,42.91615391,3,3.36618495,302.3260803,336.6499329,41.31689453,0
P436,2023,700777.2035,3841393.56,0,0,0,0,0,0,0,0,0,0,0.675101399,0.050589905,0.387121947,955,4.066092014,0.098141442,40.86474177,3,3.422709942,300.7787476,344.1813354,38.95782089,0
P437,2023,714577.2035,3847603.56,4.2008,17.6434,1.75,1.1619,72.7273,84.0436,0.129,0.009451796,0,0.018903592,0.689920306,0.055813116,0.310967791,596,6.14209938,1.609511009,40.34463414,4,3.454874516,302.7124634,331.8536682,37.07639313,0
P438,2023,677317.2035,3831733.56,6.3012,39.0674,1.85,1.4697,90.4494,49.8243,0.4821,0.190099205,0.001890359,0,0.748785973,0.08852218,0,79,1.526610255,0,37.37606067,2,3.625908852,302.1446533,361.8632507,43.97025299,0
P439,2023,709747.2035,3821383.56,0,0,0,0,0,0,0,0,0,0,0.613138437,0.026295228,0.539846772,1189,5.171024799,0.050935743,43.33176363,3,3.247262716,300.5719604,345.4544678,41.19218445,0
P440,2023,715267.2035,3813103.56,4.2008,20.794,1.7273,1.331,82.9787,76.326,0.2125,0.055297485,0,0,0.72509563,0.063819578,0.20064459,649,1.189193845,2.970379894,41.14374547,4,3.252879381,300.8483582,342.7948914,42.82702637,0
P442,2023,726997.2035,3814483.56,0,0,0,0,0,0,0,0,0,0,0.626729906,0.029458853,0.607822103,1509,7.038300514,0.775349338,44.16603807,3,3.280045748,301.6786194,343.6401062,44.20391464,0
P443,2023,684907.2035,3856573.56,0,0,0,0,0,0,0,0,0,0,0.780937433,0.052667385,0.402175504,63,4.413940907,0,41.21486567,3,3.486334801,302.5873413,329.7946167,41.62085342,0
P444,2023,692497.2035,3803443.56,14.7028,30.2457,2.7778,1.0982,44.8276,79.1261,0.1547,0.029768677,0.005194008,0,0.75315398,0.067191092,0.152968368,280,2.719762564,0.702964728,41.0257037,3,3.498302698,301.415802,363.6693115,36.38265991,0
P445,2023,773227.2035,3819313.56,0,0,0,0,0,0,0,0,0,0,0.766334713,0.036566637,0.204646169,375,0.748682022,0.669142955,48.97311182,3,3.313292503,301.5894775,331.2434692,45.73264694,0
P446,2023,739417.2035,3817243.56,0,0,0,0,0,0,0,0,0,0,0.706853926,0.024721785,0.41191357,806,1.478829861,2.23487717,45.33808233,3,3.307437897,301.8932495,328.8301086,44.1164856,0
P447,2023,725617.2035,3804823.56,14.7028,81.9156,3.2727,1.667,77.2727,35.4791,0.5377,0.227511789,0,0,0.78472966,0.106884288,0.026465028,171,0.650805831,3.333333333,36.72150627,3,3.254047155,300.8385925,347.3269958,44.19165802,0
P448,2023,680077.2035,3851743.56,0,0,0,0,0,0,0,0,0,0,0.649425089,0.140370417,0.215831148,517,37.54237747,1.109316922,40.73189073,3,3.443846703,302.5948792,332.2042236,42.89088821,0
P449,2023,706297.2035,3809653.56,18.9036,49.1493,3.5,1.5412,46.4286,68.0825,0.2386,0.024735216,0.037807183,0,0.667238712,0.065382195,0,228,3.767749071,0,37.51312065,3,3.254299402,300.9152527,349.2337646,39.30057144,0
P450,2023,668347.2035,3809653.56,0,0,0,0,0,0,0,0,0,0,0.707930207,0.008261816,0.045922421,277,1.042232513,0.61564544,41.73139351,2,3.750303507,300.9250793,362.3547668,43.29105759,0
P452,2023,724237.2035,3852433.56,0,0,0,0,0,0,0,0,0,0,0.717818141,0.051563012,0.580816321,440,67.51603699,0.131039344,39.38421521,4,3.496155024,302.8543091,333.7309875,37.11330795,0
P453,2023,732517.2035,3831043.56,6.3012,101.4493,3.5185,2.807,78.4127,23.9244,0.6293,0.301339888,0,0.034026465,0.753350556,0.04996325,0.08899476,444,4.510072231,0.434044467,36.12720107,4,3.38552022,301.4893494,334.5352478,42.31354904,0
P454,2023,704227.2035,3855193.56,0,0,0,0,0,0,0,0,0,0,0.684625208,0.068160747,0.192797897,458,19.80417061,0,42.59067021,3,3.474471331,302.7239075,325.8423767,38.06665802,0
P455,2023,669727.2035,3833803.56,0,0,0,0,0,0,0,0,0,0,0.748958468,0.034840606,0.054043397,402,2.333993435,1.50438394,42.4613239,2,3.57260251,302.6555481,362.8218384,44.69630051,0
P456,2023,672487.2035,3853813.56,0,0,0,0,0,0,0,0,0,0,0.658762038,0.143126903,0.005671078,111,1.045530796,0,41.15494721,2,3.408337831,302.1685791,327.1147156,44.12353134,0
P457,2023,712507.2035,3811033.56,6.3012,68.0529,2.0976,1.5033,94.2234,38.6157,0.5331,0.777243638,0,0,0.920054853,0.086021035,0,32,0.655346751,0,32.72947857,2,3.252729416,300.7943115,345.0162964,41.68026352,0
P458,2023,683527.2035,3804823.56,0,0,0,0,0,0,0,0,0,0,0.694173276,0.02014472,0.53817356,971,1.585829139,0.375919165,43.18788554,3,3.612510681,302.0246582,369.914917,38.01523209,0
P459,2023,716647.2035,3832423.56,21.004,144.9275,5,2.3678,64.4128,20.0811,0.6015,0.207295822,0.08336559,0,0.73111093,0.105579055,0.042886791,75,3.745800734,0,35.55865392,3,3.351489067,301.1138,339.1786194,41.31084061,0
P460,2023,744247.2035,3861403.56,0,0,0,0,0,0,0,0,0,0,0.484692276,0.047221378,0.979725026,2194,84.24384308,0,46.60402271,4,3.57611084,302.6479492,329.7359314,37.56410217,0
P461,2023,764256.3896,3807582.745,0,0,0,0,0,0,0,0,0,0,0.687711596,0.046710983,0.231297776,255,0.723111212,0,46.67313522,3,3.258803368,302.0333252,324.7405396,42.98540497,0
P462,2023,724237.2035,3832423.56,0,0,0,0,0,0,0,0,0,0,0.712302506,0.043347399,0.078500772,358,3.317303896,0.493499276,40.66344205,2,3.379850388,301.3641968,336.8175354,41.63496399,0
P463,2023,733207.2035,3829663.56,14.7028,73.724,3.35,1.6551,72.0238,43.072,0.4679,0.170632371,0,0,0.800576091,0.030452244,0.076299142,398,4.130442619,2.512578173,36.61889262,3,3.377541065,301.4740601,334.8213196,42.61885071,0
P464,2023,771157.2035,3838633.56,0,0,0,0,0,0,0,0,0,0,0.616223097,0.051231175,0.618462433,354,1.75414288,5.566338552,44.17113664,3,3.455490828,302.1760559,340.666626,41.94395447,0
P465,2023,769087.2035,3832423.56,0,0,0,0,0,0,0,0,0,0,0.68076247,0.024303263,0.125838315,370,3.157115698,17.43116924,46.57100708,2,3.412389278,301.9260254,333.6470032,43.34725571,0
P466,2023,769777.2035,3844153.56,0,0,0,0,0,0,0,0,0,0,0.464824587,0.049672523,0.830404045,686,36.95196152,0.383961122,43.92171012,3,3.497386456,302.4162292,339.6831665,40.10445404,0
P467,2023,755287.2035,3844843.56,0,0,0,0,0,0,0,0,0,0,0.429761231,0.056798994,0.937182986,1537,57.72737503,0.162677741,44.48368573,4,3.489213943,302.2951355,341.7854004,39.42645645,0
P468,2023,723547.2035,3828973.56,8.4016,17.6434,2.1111,1.0686,60,82.9302,0.1421,0.030102106,0,0,0.71136868,0.022973644,0.059639088,451,6.252158642,0.65468425,38.69544138,3,3.351166487,300.9735718,339.6638489,42.43476105,0
P469,2023,763567.2035,3835873.56,0,0,0,0,0,0,0,0,0,0,0.570450485,0.031626775,0.323484945,135,3.636940241,7.688524649,47.33563619,3,3.436947823,302.0132751,335.4285583,42.1926918,0
P470,2023,696637.2035,3853123.56,8.4016,15.753,2.1667,1,41.6667,88.2634,0.0862,0.016536163,0,0,0.722037494,0.128038365,0.011819224,338,1.335606337,0,38.70930467,2,3.472497225,302.0776367,334.3503723,38.62753677,0
P471,2023,747697.2035,3806203.56,4.2008,5.6711,1.5,1,50,94.4029,0.0445,0.005671078,0,0.00141329,0.724357069,0.030315607,0.285830892,601,8.296647072,0.201034254,45.60709155,4,3.257431507,302.2514954,333.288269,42.95116043,0
P472,2023,755287.2035,3862093.56,4.2008,5.6711,1.25,1,50,95.2273,0.035,0,0,0.005152101,0.513058782,0.030975451,0.574512879,1077,40.78222275,10.50721776,43.18077483,5,3.592248678,302.816864,333.6395569,36.3674469,0
P473,2023,684907.2035,3809653.56,0,0,0,0,0,0,0,0,0,0,0.661270082,0.023384656,0.136876283,500,2.167669773,0.208660647,46.00642531,2,3.629621029,301.938446,373.9063416,38.54251862,0
P474,2023,706297.2035,3811723.56,8.4016,52.9301,2.4211,1.5507,81.3793,50.4781,0.4313,0.00141329,0.157747978,0,0.66593492,0.054895617,0.165824201,678,3.084795475,0.230624641,41.08237681,4,3.239010572,300.7926025,348.2034607,39.3792038,0
P475,2023,720097.2035,3853123.56,0,0,0,0,0,0,0,0,0,0,0.525675833,0.040353978,0.897856541,1899,82.3638916,0.485315345,45.95655716,4,3.491963387,302.9060059,333.491272,36.97352982,0
P477,2023,677317.2035,3799303.56,14.7028,99.5589,3.3333,2.5371,80.1262,24.1511,0.6307,0.22692407,0.089699286,0,0.774715841,0.033048909,0.03832616,208,0.720043004,0.252090271,36.68169751,3,3.609183311,301.7398376,360.5460815,38.78546524,0
P478,2023,689737.2035,3833803.56,4.2008,11.9723,1.5,1.0278,90,76.2279,0.2486,0.04124739,0.023828236,0,0.699871361,0.054745071,0.111489283,319,3.639753819,0.344959439,41.07483239,3,3.534183025,300.1280823,347.346344,40.91753006,0
P479,2023,753217.2035,3820003.56,2.1004,12.6024,1.6667,1.6667,60,89.6316,0.0784,0,0.015122873,0,0.643847048,0.029452548,0.352494522,295,19.56029701,4.58447717,44.1192905,4,3.326686144,301.9741821,329.8304138,43.59137726,0
P480,2023,784957.2035,3852433.56,0,0,0,0,0,0,0,0,0,0,0.59267664,0.039704279,0.054111652,289,6.586409569,1.502343817,43.26683417,2,3.446137667,302.7562561,325.5946045,37.99758148,0
P481,2023,771157.2035,3861403.56,33.6064,56.0807,4.2727,1.0583,26.5306,69.2786,0.2178,0,0,0.058833842,0.647386909,0.032405875,0.075382672,112,4.043515682,2.737740472,36.75954248,3,3.585431814,303.1082153,332.7763672,35.44935226,0
P482,2023,678007.2035,3844843.56,2.1004,7.5614,1.25,1.25,91.6667,86.4847,0.1356,0,0,0.026303469,0.624619603,0.152197983,0.116337196,248,28.36498261,12.16402079,39.67008589,4,3.43076539,302.8066101,339.5974121,43.1076889,0
P483,2023,695257.2035,3826903.56,10.502,76.2445,2.3659,1.9277,92.6797,35.6138,0.549,0.718233405,0.036393894,0,0.866467476,0.079639276,0.007907532,50,0.82530272,436.9568933,34.10116733,3,3.464412451,300.1300049,357.3991699,38.76990128,0
P484,2023,740797.2035,3815863.56,0,0,0,0,0,0,0,0,0,0,0.758944809,0.039192682,0.159279907,426,1.239446163,2.47372054,45.04506304,2,3.299998283,301.9945068,325.7591858,44.20956421,0
P485,2023,788456.5724,3845484.867,0,0,0,0,0,0,0,0,0,0,0.603891671,0.048053211,0.057284682,219,0.862543225,0,44.59061655,2,3.378305197,302.4768982,332.0316467,40.09591675,0
P486,2023,699397.2035,3824143.56,2.1004,33.3963,1.2727,1.2727,98.6425,59.8913,0.3726,0.820026863,0.051558675,0,0.809746921,0.089173996,0,44,1.191862106,0,34.40358176,2,3.379010677,300.3928833,355.2537231,38.46424484,0
P487,2023,763567.2035,3819313.56,0,0,0,0,0,0,0,0,0,0,0.648342013,0.029873526,0.133435257,143,4.947358608,6.744785972,47.80989914,2,3.322765112,301.7814026,325.136322,44.3021965,0
P488,2023,682837.2035,3816553.56,8.4016,20.794,1.4,1.097,95.5556,55.2369,0.4848,0,0.005671078,0.172539303,0.57125324,0.024024788,0.152009991,1229,50.69367599,4.151880245,39.0146395,5,3.679236412,301.4579468,374.0834045,40.74135971,0
P489,2023,738727.2035,3827593.56,0,0,0,0,0,0,0,0,0,0,0.67687273,0.032170203,0.079628125,330,3.442453146,0.097930923,37.68496145,2,3.366720438,301.4781189,335.5253906,43.18284607,0
P490,2023,728377.2035,3818623.56,0,0,0,0,0,0,0,0,0,0,0.720226467,0.029060944,0.31815813,672,2.754451036,0.240520991,42.56176464,3,3.303426743,301.4388733,340.9908752,43.90282059,0
P491,2023,721477.2035,3832423.56,2.1004,4.4108,1,1,100,95.5469,0.035,0.005671078,0,0,0.669596612,0.049736843,0,214,4.997618675,0,40.110162,3,3.36949563,301.2728882,337.6977539,41.5171051,0
P492,2023,695257.2035,3809653.56,0,0,0,0,0,0,0,0,0,0,0.643323779,0.054142932,0.328927747,699,15.48776722,0.470580546,42.70007203,3,3.462023735,301.1416931,360.3919067,36.32120132,0
P493,2023,787717.2035,3837253.56,0,0,0,0,0,0,0,0,0,0,0.700455189,0.061336505,0.254965973,294,0.650805831,1.824322707,42.50698599,3,3.339856863,302.098053,340.328064,43.03105164,0
P494,2023,682837.2035,3854503.56,0,0,0,0,0,0,0,0,0,0,0.713841736,0.120292112,0.012857178,135,18.2251091,0,39.69900063,3,3.469459772,302.5483704,331.1573181,42.22694778,0
P495,2023,734587.2035,3835873.56,6.3012,19.5337,1.6364,1.0721,82.9268,78.0016,0.196,0.048279015,0,0,0.746648669,0.039655375,0.134507022,447,7.252238274,0.285086223,36.6621373,4,3.420361757,301.6370544,332.7820129,41.44635773,0
P496,2023,680077.2035,3832423.56,2.1004,5.6711,1.5,1.5,50,94.4029,0.0445,0.002367429,0.006148147,0,0.701214373,0.062798432,0.022063599,442,1.101138353,0,40.48223364,3,3.610952377,301.8549805,358.8723755,43.42349625,0
P497,2023,744937.2035,3799303.56,0,0,0,0,0,0,0,0,0,0,0.755896747,0.03424726,0.13437788,379,2.35606885,1.109097797,47.30499441,2,3.219632864,302.2249451,341.1791077,42.51469421,0
P498,2023,788403.4492,3840706.851,4.2571,25.5428,2.2,1.6837,62.5,78.7988,0.1687,0,0,0.040723594,0.603140414,0.061965777,0.187998324,298,0.650805831,4.276463785,41.04464221,4,3.352621317,302.2636108,339.5232849,41.81079102,0
P499,2023,713887.2035,3837943.56,2.1004,1.8904,1,1,0,98.2058,0.0137,0.001890359,0,0,0.688964248,0.053695289,0.30101865,254,5.287498474,25.69277374,42.01738014,4,3.387728453,301.5891113,335.9025879,39.76284027,0
P500,2023,724237.2035,3830353.56,2.1004,1.8904,1,1,0,98.2058,0.0137,0.001431208,0.00141329,0,0.684981465,0.062277465,0.000518977,195,3.829202414,0,38.75261309,2,3.364434719,301.1453247,338.2853394,42.13119125,0
P501,2023,717337.2035,3868993.56,0,0,0,0,0,0,0,0,0,0,0.710933983,0.048078953,0.124763705,252,0.863263667,0,41.18931092,2,3.548935652,302.3121643,327.857605,38.47871017,0
P502,2023,760117.2035,3835873.56,0,0,0,0,0,0,0,0,0,0,0.596358955,0.038611394,0.497455162,564,30.79676628,2.527914165,46.54754558,3,3.435321808,301.9891663,333.8519897,41.98087692,0
P503,2023,777367.2035,3861403.56,0,0,0,0,0,0,0,0,0,0,0.721081495,0.046752314,0.024139507,69,9.561660767,0,39.267791,2,3.556282997,303.1409607,331.7297058,35.42944336,0
P504,2023,691807.2035,3828283.56,8.4016,97.6686,2.8974,2.5581,89.6792,27.341,0.598,0.674864487,0.043895504,0,0.873406768,0.064778881,0,38,0.650638044,0,34.3160315,2,3.523780107,300.1338806,356.118042,39.96739578,0
P505,2023,779437.2035,3853123.56,0,0,0,0,0,0,0,0,0,0,0.652307987,0.039421259,0.096349017,229,24.77692604,6.847758276,41.14516243,3,3.504440546,302.8283997,327.4537964,37.62189484,0
P506,2023,676627.2035,3808963.56,0,0,0,0,0,0,0,0,0,0,0.684315264,0.012963378,0.209031218,283,0.920133054,0.654646228,42.78063919,3,3.706346273,301.6725769,370.8630981,40.94652176,0
P507,2023,739417.2035,3814483.56,0,0,0,0,0,0,0,0,0,0,0.778679371,0.04757529,0.13610586,398,1.907492399,2.5,43.40880084,2,3.29244256,302.0090637,327.4135132,44.27009201,0
P508,2023,707677.2035,3806203.56,2.1004,3.7807,1,1,100,96.5955,0.0249,0,0.003780718,0,0.672769785,0.044718336,0.165404552,676,8.117856979,1.892687004,43.82570713,4,3.274007559,301.0612793,350.0559082,39.67079544,0
P509,2023,704917.2035,3813103.56,14.7028,36.5469,2.5833,1.2937,63.4615,71.2596,0.2283,0.044414481,0.015122873,0,0.710863113,0.058840653,0.030608415,373,5.272176266,0,39.56285335,3,3.258091211,300.72995,349.0064697,38.89061356,0
P510,2023,671107.2035,3807583.56,0,0,0,0,0,0,0,0,0.000477069,0,0.719178736,0.03212263,0.007752237,211,1.095355034,0,40.63437357,2,3.719791412,301.2753601,361.99646,41.99956512,0
P511,2023,744247.2035,3822763.56,0,0,0,0,0,0,0,0,0,0,0.628584623,0.02298028,0.288323031,718,4.853694916,8.859780748,43.32312733,3,3.339672089,301.6990356,331.6468506,43.72562027,0
P512,2023,737347.2035,3830353.56,0,0,0,0,0,0,0,0,0,0,0.680941701,0.030634823,0.501659195,797,3.816958666,0.863037415,41.25403397,3,3.384780645,301.5218506,335.0061951,42.62236786,0
P513,2023,680767.2035,3811723.56,10.502,75.6144,3.5,2.1571,67.8571,46.8353,0.4216,0,0.119354908,0.030722816,0.529198825,0.019191946,0.17271353,137,2.302098513,0.055397026,42.34984123,4,3.695761681,301.7523193,376.7327881,40.43591309,0
P515,2023,738037.2035,3827593.56,0,0,0,0,0,0,0,0,0,0,0.673134744,0.027820971,0.113057536,328,2.785214186,1.184417342,37.62184244,2,3.366434813,301.4734497,335.5160522,43.16448212,0
P516,2023,731137.2035,3820003.56,2.1004,3.7807,1,1,100,96.5955,0.0249,0.003780718,0,0,0.764550507,0.039208715,0.003494449,253,2.547368288,23.56924359,40.31227132,3,3.315940142,301.5013733,338.2507324,43.83971786,0
P517,2023,744937.2035,3866923.56,12.6024,27.0951,2.1538,1.3557,78.2609,69.7181,0.2726,0,0.001890359,0.080321816,0.289747179,0.041205148,0.827404777,18,32.17008972,2.407002193,25.36782035,5,3.605242968,302.7127075,327.8743286,37.39267731,0
P518,2023,781051.8082,3820871.96,0,0,0,0,0,0,0,0,0,0,0,0.03996346,0.184166265,0,0,24.08403039,47.79559039,1,3.295689583,301.4358215,327.7524414,47.05976486,0
P519,2023,741487.2035,3849673.56,0,0,0,0,0,0,0,0,0,0,0.433334857,0.05097279,0.991932253,21304,90.81445313,0,45.85282785,4,3.505237103,302.2893372,336.1485291,38.79583359,0
P520,2023,757357.2035,3837253.56,0,0,0,0,0,0,0,0,0,0,0.63768518,0.029680128,0.472873656,488,42.08361053,1.481539983,43.39619662,3,3.443524599,302.0162659,333.857605,41.55108643,0
P521,2023,701467.2035,3838633.56,16.8032,83.1758,2.625,1.5502,88.6463,22.2971,0.6904,0.463001439,0,0,0.802268744,0.070101866,0.059537355,58,0.865124047,0,34.90463297,3,3.408311129,300.4216919,346.7348022,39.24904251,0
P522,2023,695257.2035,3827593.56,8.4016,84.436,2.8286,1.9216,88.2569,22.1932,0.6885,0.48797442,0.050389746,0,0.847628057,0.074244682,0.003929611,70,0.742777526,0,34.69698543,2,3.46452117,300.0855103,356.4915161,38.83960342,0
P523,2023,724237.2035,3806893.56,4.2008,24.5747,1.9091,1.4615,75.6098,76.6974,0.196,0.051534685,0,0,0.77782017,0.074653551,0.054820416,241,0.936166167,9,40.63053262,3,3.260142326,300.9466248,347.0849609,44.05730438,0
P524,2023,738037.2035,3811723.56,0,0,0,0,0,0,0,0,0,0,0.717965603,0.054464933,0.036000639,352,17.20172691,16.29131085,44.22361181,3,3.279412031,301.8993835,332.5241699,44.17506027,0
P525,2023,729067.2035,3838633.56,4.2008,7.5614,1.5,1,50,93.8686,0.0445,0.008515575,0,0,0.727152824,0.042186495,0.229828881,899,19.13954735,0.903034515,38.84248655,4,3.429326296,301.8753357,332.7346497,40.41563416,0
P526,2023,751147.2035,3803443.56,0,0,0,0,0,0,0,0,0,0,0.745421827,0.037871107,0.412338422,675,2.936750412,0.418723063,45.07441957,3,3.245876551,302.3652954,335.565033,42.02861404,0
P527,2023,686977.2035,3856573.56,6.3012,40.3277,1.3429,1.227,97.8533,33.5497,0.6856,0.001890359,0,0.556086357,0.456898481,0.096586866,0.207610319,231,5.921046257,-6.144723276,26.40072268,4,3.491909266,302.6572571,331.0409546,40.93409729,0
P528,2023,726307.2035,3820693.56,4.2008,10.712,1.8,1.125,42.8571,91.5599,0.0621,0.012899086,0,0,0.705159485,0.049784327,0.154676024,626,5.253566742,3.106308474,44.35893154,4,3.309831142,301.1715698,342.1749878,43.70379257,0
P529,2023,744937.2035,3814483.56,0,0,0,0,0,0,0,0,0,0,0.755497813,0.043147172,0.098585959,272,5.184041023,1.220703812,48.60021823,2,3.29356885,302.1190796,322.1131287,44.11862564,0
P530,2023,697327.2035,3842773.56,0,0,0,0,0,0,0,0,0,0,0.59972477,0.042178663,0.23914831,1301,10.13549614,0.61055304,40.02365297,3,3.444693327,300.4748535,346.8611755,38.89570999,0
P531,2023,733207.2035,3817243.56,2.1004,47.8891,1.8077,1.8077,93,36.7165,0.6176,0,0,0.307305712,0.715034723,0.036853425,0.191940241,381,4.560293198,-5.810674149,35.35757025,4,3.305061817,301.7453003,336.4845886,44.10029984,0
P532,2023,742177.2035,3866923.56,10.502,135.4757,4.5938,3.6962,75.8403,12.7522,0.6924,0,0,0.478845743,0.521571219,0.044184262,0.518309759,30,49.06176376,5.560512165,22.26099429,6,3.599393129,302.6618958,324.5654297,37.88020325,0
P534,2023,712507.2035,3819313.56,0,0,0,0,0,0,0,0,0,0,0.681385696,0.040428596,0.43750611,432,10.08042145,0.716073558,42.24566489,3,3.253819227,300.6105042,345.3979797,42.00703812,0
P535,2023,724237.2035,3855193.56,0,0,0,0,0,0,0,0,0,0,0.708578706,0.043451866,0.29463832,610,46.32604599,0,40.71676515,3,3.510563612,302.9412231,334.5643311,36.9841423,0
P536,2023,668347.2035,3813103.56,0,0,0,0,0,0,0,0,0,0,0.686223686,0.016719087,0.052930057,206,0.911984384,0.740740741,39.11328667,2,3.784978867,300.7234497,366.6081238,44.03560257,0
P537,2023,688357.2035,3837253.56,2.1004,5.041,1.087,1.087,99.6032,96.3452,0.0249,0.995700305,0,0,0.833110034,0.06107964,0,10,0.914979279,0,31.79690523,2,3.527888775,300.5152283,343.9194336,41.2788353,0
P539,2023,747007.2035,3819313.56,0,0,0,0,0,0,0,0,0,0,0.627243161,0.03061823,0.386581338,772,7.030022144,6.05168295,45.40408908,3,3.321009398,301.9281311,327.9117432,43.8110466,0
P540,2023,714577.2035,3833803.56,8.4016,158.1601,4.5588,3.3139,77.5926,9.9375,0.6895,0.43260598,0.113397561,0,0.778784871,0.101546842,0.003303649,49,2.067002058,0,34.85471146,3,3.356152773,301.1876221,338.5712585,40.83483124,0
P541,2023,700087.2035,3835183.56,2.1004,23.9445,1.3696,1.3696,98.2438,78.7913,0.173,0.959969029,0,0,0.932229161,0.087642822,0.001890359,21,0.416504264,0,31.79237363,2,3.410535336,299.8609619,348.8462524,39.41166687,0
P542,2023,704227.2035,3851743.56,8.4016,18.9036,2.2857,1.1591,40,86.2674,0.1011,0.019839812,0,0,0.689950645,0.117941667,0.07465599,312,6.762478352,0.140004826,38.31291646,3,3.458059072,302.5577393,327.6944885,38.09488678,0
P543,2023,748387.2035,3810343.56,2.1004,2.5205,1,1,0,97.9788,0.0137,0,0,0.001890359,0.623303294,0.069530793,0.575594085,1337,68.43766785,1.387056016,43.43880649,5,3.276153088,302.2081909,328.0800171,43.37665176,0
P544,2023,753907.2035,3860713.56,0,0,0,0,0,0,0,0,0,0,0.538482308,0.029976114,0.706521498,587,57.64707947,4.190754725,40.98286643,4,3.58417201,302.7700195,334.5965881,36.55379105,0
P545,2023,780127.2035,3871063.56,0,0,0,0,0,0,0,0,0,0,0.712448478,0.003498995,0.743257248,16,0.780982137,0,47.60208597,3,3.572112799,303.3789978,323.1988831,33.55552673,0
P546,2023,769777.2035,3841393.56,0,0,0,0,0,0,0,0,0,0,0.454810321,0.049635939,0.814267732,473,13.85357952,3.704216273,46.13050718,3,3.478695869,302.2937012,340.8874207,40.98582077,0
P547,2023,677317.2035,3803443.56,0,0,0,0,0,0,0,0,0,0,0.724020004,0.032796416,0.024556751,289,0.710200071,0,38.2356568,2,3.653293848,302.1392822,364.1929016,39.33711243,0
P548,2023,732517.2035,3821383.56,0,0,0,0,0,0,0,0,0,0,0.650513053,0.027034142,0.651105899,1444,2.819278955,0.442212104,42.27617768,3,3.326070786,301.5119324,336.9894714,43.75092316,0
P549,2023,707677.2035,3837943.56,14.7028,42.218,3,1.3585,67.033,61.6505,0.3255,0.100566204,0,0,0.764856339,0.053144223,0.026984005,92,0.897684634,0,37.7750457,3,3.368701935,301.0623474,345.9025269,39.50524521,0
P550,2023,736657.2035,3804133.56,4.2008,6.9313,1.2,1,80,93.2476,0.0535,0.009451796,0,0,0.78406781,0.042450971,0.020358789,397,2.614372253,0,44.13440322,3,3.243573904,301.5554504,341.5006409,44.02564621,0
P551,2023,691807.2035,3857263.56,18.9036,91.9975,4.5882,2.7054,46.9565,48.7371,0.3763,0,0,0.121817474,0.470199466,0.072938455,0.485801542,71,2.245713234,15.43142512,41.74991174,4,3.493189812,302.7403259,327.3916626,39.73902893,0
P552,2023,758737.2035,3812413.56,0,0,0,0,0,0,0,0,0,0,0.561267257,0.030858027,0.304575282,262,24.38850594,3.373136238,47.45040576,3,3.285430193,302.0578003,322.1416016,43.46780014,0
P553,2023,671797.2035,3812413.56,4.2008,43.4783,2.4706,2.1159,78.2609,57.1673,0.3763,0.065692098,0.064230304,0,0.704709113,0.030042319,0.051744223,186,3.073960543,0,39.44508036,3,3.762908697,301.0010071,369.9248352,42.96214676,0
P554,2023,778747.2035,3842083.56,0,0,0,0,0,0,0,0,0,0,0.585430443,0.035924744,0.051975918,489,3.477628231,0.754851983,41.30954089,2,3.444766283,302.3503113,327.98526,41.17474365,0
P555,2023,686977.2035,3806203.56,0,0,0,0,0,0,0,0,0,0,0.72219789,0.021412913,0.052446916,991,5.285694122,0,41.14003247,2,3.585428953,301.9094238,371.9002686,37.30541611,0
P556,2023,689047.2035,3858643.56,2.1004,11.9723,1.2857,1.2857,95.2381,71.7252,0.3086,0,0,0.102677129,0.515673518,0.092891318,0.149899259,40,2.125064611,-1.068069575,30.69237935,4,3.498994827,302.7286377,327.7796326,40.38544846,0
P557,2023,720787.2035,3823453.56,0,0,0,0,0,0,0,0,0,0,0.602765024,0.029273818,0.762226737,1848,40.64178085,0.613468793,42.00661758,4,3.302715063,300.6320801,344.6375427,43.27164078,0
P558,2023,698017.2035,3820693.56,2.1004,1.8904,1,1,100,97.221,0.0249,0.004907739,0,0,0.647602797,0.0271282,0.179689568,577,3.212186813,0,41.06385368,4,3.40654397,300.5012512,357.3242798,37.45297623,0
P559,2023,749767.2035,3838633.56,0,0,0,0,0,0,0,0,0,0,0.671233535,0.035566654,0.53976397,747,53.210495,2.055006097,42.47566255,4,3.446715832,301.9541626,335.1719971,40.95402145,0
P560,2023,729067.2035,3810343.56,0,0,0,0,0,0,0,0,0,0,0.710193396,0.08240876,0.322333116,879,4.293020248,0.856194657,42.45711634,3,3.269390106,301.4461975,343.0991516,44.23085022,0
P561,2023,696637.2035,3860023.56,0,0,0,0,0,0,0,0,0,0,0.400170535,0.051885171,0.44543156,40,1.70238781,0.413213826,39.48616192,3,3.49868536,302.8960266,323.1384277,38.67686462,0
P562,2023,725617.2035,3823453.56,2.1004,2.5205,1,1,0,97.9788,0.0137,0.001890359,0,0,0.698324859,0.042388069,0.285922317,401,9.332885742,0.133108907,40.22460741,4,3.322113276,300.9063416,341.6775513,43.47582245,0
P564,2023,682147.2035,3810343.56,0,0,0,0,0,0,0,0,0,0,0.615424395,0.044997882,0.104723603,725,2.272875309,1.043711292,41.45613539,2,3.667836189,301.8634949,374.9176331,39.62454987,0
P565,2023,772537.2035,3846913.56,2.1004,37.8072,1.7,1.7,92.1348,50.1939,0.4821,0,0,0.187145558,0.621037841,0.038793557,0.28756205,500,73.93300629,0.925130507,38.16677412,6,3.504279375,302.5502014,334.691925,39.29193878,0
P566,2023,738037.2035,3866923.56,10.502,46.6289,2.5294,1.38,78.5124,55.548,0.3872,0,0,0.133553896,0.687090516,0.035167837,0.146775088,411,53.97996521,-0.979863542,36.70686539,5,3.589536905,302.6716919,325.1954956,38.12405396,0
P567,2023,780127.2035,3829663.56,0,0,0,0,0,0,0,0,0,0,0.63823086,0.053302346,0.043067088,230,0.650805831,2.742849589,47.16705305,2,3.353684187,301.7376709,329.0008545,45.26996994,0
P569,2023,792488.8957,3866932.533,0,0,0,0,0,0,0,0,0,0,0.720399737,0.030970303,0.138270615,30,21.03517342,0,47.21472382,3,3.43186307,302.7587585,316.2965698,36.51278305,0
P570,2023,768397.2035,3828973.56,0,0,0,0,0,0,0,0,0,0,0.530691385,0.029302257,0.33050057,247,2.762242794,36.6613092,47.39489221,3,3.38561511,301.7921143,329.0276184,44.0833931,0
P571,2023,700087.2035,3846913.56,6.3012,21.4241,2.1111,1.375,67.7419,80.4126,0.1609,0.035731275,0,0,0.744670153,0.068018647,0,171,6.112500191,0,38.9940568,3,3.441194534,301.5730286,340.4427185,38.43341064,0
P572,2023,758047.2035,3817933.56,0,0,0,0,0,0,0,0,0,0,0.528374791,0.033381247,0.753067475,995,22.60123062,3.609309949,44.04479905,3,3.314932108,301.9311523,323.6518555,43.90444565,0
P573,2023,672497.1397,3797431.799,0,0,0,0,0,0,0,0.392079087,0.32625916,0,0,0.047168877,0.216479002,0,0,2.682902146,38.78358864,3,3.603532076,301.689209,357.1164551,39.81182098,0
P574,2023,786337.2035,3864853.56,0,0,0,0,0,0,0,0,0,0,0.624178469,0.065893975,0.842655538,628,5.924265385,0.135512134,42.61663022,3,3.48553586,303.0645447,322.4384766,35.5485878,0
P575,2023,764947.2035,3817933.56,0,0,0,0,0,0,0,0,0,0,0.630509973,0.031592593,0.351694859,486,4.38322401,29.84538211,38.74867038,3,3.313940525,301.771637,325.9717407,44.52009964,0
P576,2023,710437.2035,3862093.56,0,0,0,0,0,0,0,0,0,0,0.755204916,0.052001421,0.015206689,197,4.778367043,0,46.08960117,2,3.509786606,302.8215027,329.3292847,37.75795364,0
P577,2023,777367.2035,3870373.56,2.1004,23.9445,1.3103,1.3103,97.6501,40.2996,0.6685,0,0,0.371663619,0.660611987,0.053982011,0.215590012,48,0.826028466,0.095569006,35.00809397,4,3.591801405,303.4075928,325.5931702,33.45604324,0
P578,2023,724927.2035,3835873.56,8.4016,18.2735,2.2857,1.48,30.7692,87.1347,0.0937,0.019380661,0,0,0.722618937,0.097229552,0.087313939,255,5.015684605,3.599124189,38.85420322,3,3.406615496,301.7228699,334.2563477,40.85155487,0
P579,2023,711093.5803,3803757.397,0,0,0,0,0,0,0,0.021524306,0,0,0,0.049168433,0,0,0,0,37.31983609,1,3.28643012,300.8874817,348.9436646,40.80454636,0
P580,2023,718027.2035,3817243.56,0,0,0,0,0,0,0,0.000130974,0,0,0.691258967,0.070955521,0.190211735,522,20.32932854,0,41.52990475,3,3.268138409,300.8960876,344.2988586,43.26784134,0
P581,2023,788407.2035,3864853.56,0,0,0,0,0,0,0,0,0,0,0.703544319,0.03328343,0.61497188,205,10.99699211,0,45.38660037,3,3.464640856,302.9901428,320.5263367,35.8535614,0
P582,2023,760117.2035,3808273.56,0,0,0,0,0,0,0,0,0,0,0.582061946,0.041230172,0.370135881,502,5.895492554,2.338218666,44.52431524,3,3.264669895,302.1280212,324.3354797,42.71966171,0
P583,2023,766327.2035,3826213.56,0,0,0,0,0,0,0,0,0,0,0.677273571,0.037038929,0.234291481,97,7.341582775,20.75397049,46.20866351,3,3.364902735,301.6967468,327.8218994,44.40584183,0
P584,2023,760807.2035,3807583.56,0,0,0,0,0,0,0,0,0,0,0.661692023,0.02852809,0.23285926,585,2.272217512,2.810280974,46.47431366,3,3.260870218,302.1287231,324.2790833,42.59629059,0
P585,2023,691117.2035,3799993.56,2.1004,2.5205,1,1,0,97.9788,0.0137,0.001890359,0,0,0.653354228,0.023167566,0.51012236,908,2.42553997,0,42.30076504,4,3.501693726,301.3827209,364.2400208,36.55038071,0
P586,2023,777367.2035,3841393.56,0,0,0,0,0,0,0,0,0,0,0.614513338,0.062501129,0.367940027,508,4.477243423,0.31308659,43.54855508,3,3.446306705,302.3149109,330.2523804,41.35069656,0
P587,2023,711127.2035,3835873.56,6.3012,9.4518,1.8,1.1667,42.8571,91.8863,0.0621,0.008628631,0.001890359,0,0.634469271,0.049946575,0.589326839,88,1.097310543,19.90713484,42.07302499,4,3.36341548,301.0969849,342.4901733,40.08813095,0
P588,2023,725617.2035,3824143.56,0,0,0,0,0,0,0,0,0,0,0.61629355,0.061497195,0.271796883,924,11.32943058,0.035166571,41.0773571,3,3.325537682,300.8508301,341.4143066,43.42165375,0
P589,2023,762877.2035,3822763.56,0,0,0,0,0,0,0,0,0,0,0.597810566,0.019636295,0.188742038,252,14.53847408,1.391603825,46.76757109,3,3.343774557,301.7351074,327.506073,44.13176727,0
P590,2023,713197.2035,3862783.56,0,0,0,0,0,0,0,0,0,0,0.677212,0.043720278,0.339145533,658,4.675625801,2.230372898,43.63698066,3,3.518196583,302.7764893,330.6416626,37.56294632,0
P591,2023,755287.2035,3807583.56,0,0,0,0,0,0,0,0,0,0,0.703952789,0.036857844,0.799908198,1276,23.04804802,0.129652369,44.91913448,4,3.263984919,302.2664185,328.8478088,42.53910446,0
P592,2023,717337.2035,3838633.56,0,0,0,0,0,0,0,0,0,0,0.645015121,0.018606686,0.119914447,616,14.1114769,1.346014072,45.63143021,3,3.402413607,301.8157654,333.7484436,39.71754456,0
P593,2023,754597.2035,3801373.56,0,0,0,0,0,0,0,0,0,0,0.715907574,0.037578128,0.242793377,443,2.191003561,0.43360317,43.38420991,3,3.233177423,302.3454285,335.2009888,41.23394775,0
P594,2023,717337.2035,3812413.56,4.2008,10.712,1.5,1,70,90.1034,0.0784,0.014645804,0,0,0.725071073,0.068799282,0.066162571,409,1.289219379,5.247551177,39.73992406,3,3.258794785,300.9381104,343.4685669,43.16230392,0
P595,2023,671107.2035,3804823.56,2.1004,2.5205,1,1,0,97.9788,0.0137,0,0.001890359,0,0.684851706,0.036722209,0.113492698,226,1.008778811,0.338766944,39.7210087,3,3.693041325,301.466095,357.9216003,41.35959244,0
P596,2023,752527.2035,3846913.56,0,0,0,0,0,0,0,0,0,0,0.428371191,0.041480379,1,2591,88.1521225,0,45.2913373,4,3.499251604,302.3408203,343.3458557,38.76920319,0
P597,2023,776677.2035,3836563.56,0,0,0,0,0,0,0,0,0,0,0.56152463,0.044605324,0.484287007,558,1.016572237,1.995569539,47.38439163,3,3.416795015,302.0906982,331.999054,42.90045547,0
P598,2023,729757.2035,3843463.56,0,0,0,0,0,0,0,0,0,0,0.47329092,0.046297732,0.926634423,4612,60.89366531,0.404836082,43.96348107,4,3.456670046,302.2189636,332.4525146,39.18828583,0
P599,2023,715267.2035,3855883.56,0,0,0,0,0,0,0,0,0,0,0.582751811,0.045290827,0.785237879,1165,56.16763306,1.842029789,46.19105181,4,3.495897532,303.0357056,333.0843201,36.8058548,0
P600,2023,775297.2035,3822763.56,0,0,0,0,0,0,0,0,0,0,0.758872032,0.041533978,0.143582137,254,0.650805831,1.028958715,47.83412318,2,3.328258753,301.5937805,328.5934143,45.84584808,0
P601,2023,736657.2035,3828973.56,6.3012,12.6024,1.8333,1.1333,58.3333,88.965,0.0862,0.016059094,0,0,0.789895296,0.049498814,0.04536862,316,2.72523284,5.263157895,38.08173975,3,3.375153065,301.4919739,335.1898193,42.86322021,0
P602,2023,681457.2035,3817933.56,0,0,0,0,0,0,0,0,0,0,0.643478215,0.02252885,0.051563926,254,22.37990952,15.207303,40.02494105,3,3.695319176,301.2864075,372.980896,41.54752731,0
P603,2023,698017.2035,3862093.56,0,0,0,0,0,0,0,0,0,0,0.679532349,0.102406166,0.001890359,52,0.77366364,0,45.74820033,2,3.502387047,302.834198,324.1293945,38.67808914,0
P604,2023,684217.2035,3824833.56,6.3012,85.6963,2.8387,1.8995,86.7133,22.2442,0.6846,0.389713938,0.053681741,0,0.768022239,0.030788129,0.014168735,118,0.513875782,0,35.20639407,3,3.654072046,300.4711914,363.8460083,42.14972687,0
P605,2023,767017.2035,3820693.56,0,0,0,0,0,0,0,0,0,0,0.590390146,0.030031179,0.159904855,346,2.218813658,11.01415173,48.12002881,2,3.330461979,301.7153015,328.433075,44.69026566,0
P606,2023,695947.2035,3802063.56,27.3052,60.4915,4.1429,1.3062,38.8889,62.4017,0.2819,0.031413662,0.045153831,0,0.748133898,0.060191766,0,125,1.739653707,0,37.2499445,2,3.449424267,301.1031189,357.1881104,36.33589172,0
P608,2023,691807.2035,3847603.56,14.7028,20.1638,2.8333,1.0833,8.3333,87.6689,0.0862,0.007561437,0.008413842,0,0.643249154,0.115682297,0.125988027,527,3.581865311,0,38.92369671,3,3.450834513,301.8362732,346.1061707,39.79360962,0
P609,2023,717337.2035,3828283.56,0,0,0,0,0,0,0,0,0,0,0.66633153,0.046450567,0.079558477,702,56.42279816,1.342437389,39.72124938,3,3.318646669,300.6642761,343.9524841,42.35794449,0
P610,2023,720097.2035,3836563.56,0,0,0,0,0,0,0,0,0,0,0.697387159,0.05893757,0.189613375,282,23.1511116,1.733374965,40.79974244,3,3.397741556,301.6844177,334.0410156,40.449646,0
P611,2023,742867.2035,3832423.56,0,0,0,0,0,0,0,0,0,0,0.634726048,0.039557168,0.08371877,512,30.55887604,0.821648697,39.77683539,3,3.401664495,301.5701904,336.0971985,42.43341446,0
P612,2023,728377.2035,3822763.56,0,0,0,0,0,0,0,0,0,0,0.706924021,0.040441669,0.140160181,552,4.515027046,1.760957746,41.2576268,3,3.324636221,301.1564331,339.9528809,43.57321548,0
P613,2023,731827.2035,3856573.56,0,0,0,0,0,0,0,0,0,0,0.539231241,0.04373627,0.894658864,3378,84.98666382,0.300252294,40.78746762,4,3.529232025,302.7136536,330.493103,37.72954178,0
P614,2023,749077.2035,3850363.56,0,0,0,0,0,0,0,0,0,0,0.51954788,0.042030664,0.956521739,4693,93.26941681,0,42.72416055,4,3.517083645,302.4023132,341.3902283,38.2402916,0
P615,2023,767707.2035,3830353.56,0,0,0,0,0,0,0,0,0,0,0.563990772,0.027118309,0.332159428,538,3.597930431,2.729135842,47.35018384,3,3.396124125,301.8395691,331.0539551,43.70461273,0
P616,2023,770467.2035,3825523.56,0,0,0,0,0,0,0,0,0,0,0.776700556,0.03217208,0.082753309,257,1.498899579,0.957476086,50.2717179,2,3.360736847,301.7087402,325.7433472,44.87475204,0
P617,2023,706297.2035,3862093.56,0,0,0,0,0,0,0,0,0,0,0.698952138,0.042143214,0.011438637,489,6.320792675,0,45.16949896,2,3.500452518,302.8140564,327.1136169,38.20719528,0
P618,2023,749077.2035,3859333.56,0,0,0,0,0,0,0,0,0,0,0.501903117,0.028676147,0.903579015,2068,72.57498932,0.460041944,43.53231108,4,3.572220564,302.6793213,334.9514465,37.01885605,0
P619,2023,687667.2035,3811033.56,4.2008,4.4108,1.3333,1,0,96.5452,0.0249,0.001890359,0.002409336,0,0.683524668,0.061574734,0.032136106,309,2.280097246,100,39.53338785,3,3.60401845,302.0219116,374.2070618,37.82038498,0
P620,2023,687667.2035,3800683.56,10.502,105.8601,3.1429,2.8539,86.535,18.1912,0.686,0.48711835,0.06101047,0,0.789593458,0.076932037,0,114,1.112761974,0,35.57105144,2,3.544651031,301.6549683,368.8797913,36.64459991,0
P621,2023,693187.2035,3796543.56,8.4016,120.3529,3.4286,3.2102,84.4607,15.506,0.6881,0.382285881,0.16748421,0,0.800223053,0.082523575,0.04536862,129,0.42255944,0,37.38201524,3,3.464921951,301.0878296,359.0964966,36.86063004,0
P622,2023,720787.2035,3821383.56,0,0,0,0,0,0,0,0,0,0,0.607890368,0.039756364,0.608564153,1108,15.08928108,1.097547433,43.20373852,3,3.29412818,300.7855225,344.6284485,43.36433411,0
P623,2023,691117.2035,3809653.56,0,0,0,0,0,0,0,0,0,0,0.691971719,0.038212347,0,275,1.825688958,0,43.12129284,2,3.536897898,301.6347961,368.0490417,36.97818756,0
P624,2023,726997.2035,3864853.56,0,0,0,0,0,0,0,0,0,0,0.673962712,0.03898555,0.326638882,757,8.128358841,2.507805133,41.53169715,3,3.556614637,302.7238159,329.4421082,37.93289566,0
P625,2023,720097.2035,3811033.56,2.1004,8.1916,1.1429,1.1429,93.3333,88.9797,0.1011,0.022702228,0,0,0.772100031,0.056902817,0.257853199,501,1.956181645,1.171714276,44.05052978,4,3.263914824,301.0366516,344.8753052,43.49358368,0
P626,2023,766327.2035,3844843.56,0,0,0,0,0,0,0,0,0,0,0.630264878,0.03863968,0.622383079,516,30.64875793,2.53921319,43.22972589,3,3.499189854,302.4131775,340.6297913,39.79730225,0
P627,2023,731827.2035,3840703.56,0,0,0,0,0,0,0,0,0,0,0.662619174,0.047848677,0.576921202,1025,27.43174362,1.5189464,42.20329495,3,3.444741249,301.9685364,332.2583313,40.10814667,0
P628,2023,722857.2035,3825523.56,10.502,56.7108,2.4286,1.2817,84.2932,43.8574,0.5009,0.005671078,0,0.197862764,0.594817638,0.057002042,0.148921131,270,18.22967339,6.008033903,34.08855024,4,3.321638584,300.5765991,342.8876648,43.23923111,0
P629,2023,764257.2035,3825523.56,0,0,0,0,0,0,0,0,0,0,0.480684847,0.025393177,0.12850011,264,15.32583046,19.47945299,45.54141126,3,3.360528708,301.6942749,329.0180664,44.21053696,0
P630,2023,756667.2035,3833113.56,0,0,0,0,0,0,0,0,0,0,0.579402447,0.046216215,0.405313061,564,42.56760788,0.380208965,42.95204114,3,3.413036823,301.8978271,334.5345154,42.29468536,0
P631,2023,769777.2035,3862783.56,0,0,0,0,0,0,0,0,0,0,0.737186968,0.052569864,0.494430174,566,1.824621797,0,45.61970108,3,3.597922087,303.137146,333.0887451,35.17435837,0
P632,2023,739417.2035,3829663.56,2.1004,6.3012,1.2,1.2,85.7143,92.7149,0.0621,0,0.010388016,0,0.640965283,0.023080088,0.272020588,585,4.596443653,0.870202791,39.16090552,4,3.381083727,301.5172729,335.3882141,42.81902313,0
P633,2023,673177.2035,3833803.56,2.1004,2.5205,1,1,0,97.9788,0.0137,0,0.001890359,0,0.694537878,0.064956934,0.013232514,775,3.328281403,0,42.72037245,3,3.584393024,302.5688171,361.7362366,44.35968781,0
P634,2023,679387.2035,3829663.56,18.9036,52.2999,3.2143,1.3669,58.1081,63.0932,0.2865,0.068892668,0.011861132,0,0.71385771,0.073550117,0.014603896,246,1.074413657,0,37.21119416,2,3.648559093,301.5770264,361.8122559,43.61273193,0
P635,2023,730447.2035,3831733.56,6.3012,56.0807,3.1667,1.8904,72.1429,50.5327,0.4216,0.157081121,0,0,0.726746857,0.042129992,0.360096034,964,11.48056126,1.344607104,37.5653919,5,3.386396408,301.4550781,335.0152893,42.08084106,0
P636,2023,725617.2035,3837943.56,0,0,0,0,0,0,0,0,0,0,0.686440647,0.055680289,0.216739189,578,5.416584492,8.535944181,40.69815237,3,3.420380592,301.8898315,333.4260254,40.34051895,0
P637,2023,695257.2035,3810343.56,0,0,0,0,0,0,0,0,0,0,0.660477102,0.057883326,0.113607099,403,11.58975124,2.427439751,41.03524325,3,3.462179899,301.1374817,360.5649414,36.32321548,0
P638,2023,728377.2035,3844153.56,0,0,0,0,0,0,0,0,0,0,0.618873179,0.05603665,0.336179257,1043,51.07986069,2.498258061,41.34792952,3,3.458351851,302.3067017,332.518158,38.85261536,0
P639,2023,740797.2035,3837253.56,0,0,0,0,0,0,0,0,0,0,0.580836654,0.026297481,0.383203658,1145,24.67378998,5.226652053,41.24979549,3,3.433414221,301.642395,335.7052917,41.48103714,0
P640,2023,743557.2035,3803443.56,0,0,0,0,0,0,0,0,0,0,0.780570805,0.043640586,0.095137656,412,1.794838786,6.231425232,42.57900089,2,3.242854118,302.1743164,337.8305969,43.26807404,0
P641,2023,759427.2035,3853813.56,0,0,0,0,0,0,0,0,0,0,0.628613472,0.052842889,0.772574384,1279,83.7245636,0.671419206,43.19991587,4,3.547299623,302.6580505,339.7183533,37.56964874,0
P642,2023,742263.9873,3798005.756,0,0,0,0,0,0,0,0,0,0,0,0.030885834,0.493684414,668,2.995566845,0.491216713,44.65288768,2,3.210534334,302.1274109,343.4574585,42.93856049,0
P643,2023,685597.2035,3842083.56,27.3052,109.0107,4.5833,1.566,66.6667,27.0639,0.5798,0.227638037,0.046221025,0,0.762896419,0.117417531,0.068529999,43,2.119419336,1.167802413,36.28764871,3,3.489431858,301.8190613,344.9590454,41.61259842,0
P644,2023,682837.2035,3806893.56,0,0,0,0,0,0,0,0,0,0,0.670903862,0.023383183,0.060455657,372,2.825918436,53.19864487,44.49518745,2,3.634516239,301.9863586,371.6007996,38.64762497,0
P645,2023,677317.2035,3817933.56,2.1004,10.0819,1.1304,1.1304,99.3952,88.9873,0.0937,0.983172316,0,0,0.918357074,0.096521204,0,5,0.758667588,0,28.56321904,2,3.734802246,301.2915039,373.5361023,42.78660202,0
P646,2023,789097.2035,3865543.56,0,0,0,0,0,0,0,0,0,0,0.802525699,0.026804508,0.147426871,50,12.07655621,0,45.56305087,3,3.460701227,302.9595947,319.6376038,35.89710617,0
P647,2023,751147.2035,3826903.56,0,0,0,0,0,0,0,0,0,0,0.766452014,0.029203344,0.405312536,626,3.698711634,2.225914653,48.08655489,3,3.366718531,301.7539063,338.9705811,43.16873932,0
P648,2023,767707.2035,3860713.56,0,0,0,0,0,0,0,0,0,0,0.684387386,0.036105608,0.249032422,314,4.112668514,0.11415029,41.76196249,3,3.589827776,303.0413208,332.5491638,35.72054291,0
P649,2023,781507.2035,3832423.56,0,0,0,0,0,0,0,0,0,0,0.613720298,0.047112394,0.073724008,145,0.46490407,11.2,43.09960014,2,3.361120462,301.8677368,330.0665588,44.47117996,0
P650,2023,695257.2035,3799303.56,4.2008,46.6289,1.8889,1.8103,92.8783,34.9959,0.6437,0.125783741,0.220625638,0,0.646107972,0.058348466,0.15720925,263,0.994462788,0,40.02985859,4,3.452244997,301.071106,357.2357178,36.633358,0
P651,2023,733897.2035,3827593.56,0,0,0,0,0,0,0,0,0,0,0.683095217,0.042590068,0.094369066,308,2.380237341,1.478066622,39.01464971,2,3.364708185,301.4459839,335.4324036,43.05302811,0
P653,2023,739417.2035,3820693.56,2.1004,3.7807,1,1,100,96.5955,0.0249,0,0,0.003780718,0.70469594,0.039717865,0.505362989,732,6.948853493,0.919258054,43.1919142,5,3.326586008,301.7193604,331.4837341,43.87468719,0
P654,2023,784267.2035,3858643.56,0,0,0,0,0,0,0,0,0,0,0.619870245,0.041018604,0.289601302,380,6.230441093,3.090521871,43.14446918,3,3.480170012,302.9573975,326.3067932,36.55361938,0
P655,2023,748387.2035,3848983.56,0,0,0,0,0,0,0,0,0,0,0.363223881,0.069086263,1,10243,94.71815491,0,44.06971069,4,3.507959604,302.3478394,341.8490601,38.47544479,0
P656,2023,684217.2035,3804133.56,2.1004,3.7807,1,1,100,96.5955,0.0249,0.003780718,0,0,0.754885733,0.053203507,0.05948278,307,0.984131217,0,42.42992812,3,3.600861311,302.0083008,369.6100464,37.69285202,0
P657,2023,749077.2035,3860713.56,2.1004,3.7807,1,1,100,96.5955,0.0249,0,0,0.003780718,0.516096056,0.050227578,0.735725052,3767,72.97557831,4.158926193,44.34377365,6,3.579863787,302.7008667,334.4999695,36.94565582,0
P658,2023,705607.2035,3840703.56,0,0,0,0,0,0,0,0,0,0,0.666570127,0.073731831,0.098882731,532,1.962428331,0,40.03923914,2,3.386166334,301.3717651,342.3280945,39.02271652,0
P659,2023,735967.2035,3865543.56,0,0,0,0,0,0,0,0,0,0,0.656315386,0.049654036,0.449300857,736,64.42984772,0.696620921,40.85200532,4,3.578423023,302.682312,326.3670959,38.14067078,0
P660,2023,710437.2035,3855883.56,0,0,0,0,0,0,0,0,0,0,0.509333909,0.035556363,0.975520468,2264,80.55065155,0.077813393,45.67786204,4,3.486314774,302.9274902,329.3019409,37.33616257,0
P661,2023,758047.2035,3850363.56,0,0,0,0,0,0,0,0,0,0,0.562184393,0.04859548,0.448411223,1005,86.48293304,0.343039145,39.85383447,4,3.525847197,302.5339966,344.4762878,38.19804382,0
P662,2023,728377.2035,3808273.56,0,0,0,0,0,0,0,0.000518977,0,0,0.69230032,0.039258014,0.470853909,1012,1.531353235,2.204124954,42.99041356,3,3.262410402,301.2648315,344.5015259,44.21889496,0
P663,2023,731137.2035,3859333.56,0,0,0,0,0,0,0,0,0,0,0.621300399,0.043655466,0.718717891,1005,80.06164551,1.252182873,43.00876397,4,3.542229176,302.7982483,330.2940979,37.53740692,0
P664,2023,702157.2035,3857263.56,0,0,0,0,0,0,0,0,0,0,0.624285579,0.095246976,0.446292919,797,4.53225708,0,40.4866284,3,3.486072063,302.8069458,324.8581848,38.20466614,0
P665,2023,783577.2035,3825523.56,0,0,0,0,0,0,0,0,0,0,0.757012188,0.031729743,0.021056231,151,0.571397066,17.12915394,49.21544476,2,3.304240704,301.5239563,327.7236328,46.61313629,0
P666,2023,675991.1792,3844964.467,0,0,0,0,0,0,0,0,0,0,0,0.080346995,0.012495917,388,0,0,40.20366125,1,3.409386158,302.6019592,340.6238403,43.17261887,0
P667,2023,782197.2035,3834493.56,0,0,0,0,0,0,0,0,0,0,0.590158105,0.047082198,0.190260432,285,0.644093633,13.37160093,42.81821533,2,3.36874795,301.9711914,331.4199829,43.82896042,0
P668,2023,735967.2035,3849673.56,0,0,0,0,0,0,0,0,0,0,0.513676584,0.055595524,0.996190041,6534,98.57653809,0,42.74367623,4,3.498611689,302.421814,333.3045959,38.48855972,0
P669,2023,696637.2035,3795163.56,2.1004,25.8349,1.4444,1.4444,97.9145,75.9256,0.2016,0.943098425,0.004299695,0,0.912737131,0.070605059,0,28,0.650805831,0,34.41995228,2,3.431401014,300.8765869,353.5882263,37.11716843,0
P670,2023,744937.2035,3842773.56,0,0,0,0,0,0,0,0,0,0,0.451202452,0.034280619,0.999481023,3023,95.93490601,0,44.0158831,4,3.468172789,301.9936218,337.6977539,40.14457703,0
P671,2023,723547.2035,3808273.56,12.6024,58.6011,3.5,1.5343,56.25,60.7808,0.2999,0.087504739,0,0,0.750972569,0.057117321,0.000388003,229,1.011993408,0,39.6522237,2,3.26303196,301.026947,346.635437,43.95711517,0
P672,2023,735967.2035,3835873.56,10.502,17.0132,2.3333,1,33.3333,88.0296,0.0862,0.017013233,0,0,0.707201183,0.078092637,0.251441759,632,6.498188496,0.382364348,37.41247132,4,3.421218872,301.6317139,333.4292908,41.51227188,0
P673,2023,729067.2035,3864853.56,0,0,0,0,0,0,0,0,0,0,0.689520359,0.041638364,0.069578788,362,12.57497978,102.497075,42.12636071,3,3.560722113,302.7181702,328.702179,38.02899933,0
P674,2023,715957.2035,3846223.56,0,0,0,0,0,0,0,0,0,0,0.76052618,0.049517867,0.031098152,210,2.806613922,0,40.59493136,2,3.44837451,302.5763855,332.2867432,37.4604454,0
P675,2023,721477.2035,3865543.56,0,0,0,0,0,0,0,0,0,0,0.747490466,0.072192607,0.467286441,461,5.136734962,0.580149275,42.99456343,3,3.547189713,302.6550903,329.9874268,37.89496613,0
P676,2023,731137.2035,3846223.56,0,0,0,0,0,0,0,0,0,0,0.499115378,0.057068774,0.92588799,1773,89.03935242,1.052755793,43.86129184,4,3.473773003,302.3823242,332.34375,38.62790298,0
P677,2023,784267.2035,3843463.56,0,0,0,0,0,0,0,0,0,0,0.649615347,0.058468264,0.377151699,658,0.991915882,0.514103798,43.13124935,3,3.405154705,302.3983765,331.4692993,40.77771759,0
P678,2023,742177.2035,3862093.56,0,0,0,0,0,0,0,0,0,0,0.646892667,0.055181084,0.679367982,1984,85.74073791,0.339572351,42.29237224,4,3.576155901,302.625824,327.3566895,37.85000992,0
P679,2023,722857.2035,3867613.56,0,0,0,0,0,0,0,0,0,0,0.812340438,0.051775435,0.008932819,166,2.940842628,0,41.57804995,2,3.557827711,302.5572205,328.2261658,38.24376678,0
P680,2023,686287.2035,3802063.56,4.2008,40.9578,2.2273,1.5307,87.3832,45.3753,0.5308,0.236655684,0,0,0.814041257,0.051870119,0.043478261,250,0.817570388,0,38.47742593,3,3.567253351,301.8512268,369.1570435,36.89079285,0
P681,2023,711127.2035,3820693.56,0,0,0,0,0,0,0,0,0,0,0.675001562,0.036657219,0.32853266,791,3.635258913,1.755276711,44.42883174,3,3.251579285,300.5710754,345.635498,41.602314,0
P682,2023,734587.2035,3869683.56,0,0,0,0,0,0,0,0,0,0,0.649622798,0.026918478,0.635678313,64,6.996914864,0,42.82806137,3,3.593214273,302.6764832,325.1294556,38.49524689,0
P683,2023,689737.2035,3833113.56,0,0,0,0,0,0,0,0,0,0,0.632416666,0.029690064,0.054946139,413,3.847467184,0,41.75895925,2,3.537231922,300.1367798,348.4767456,40.87730789,0
P684,2023,764257.2035,3847603.56,0,0,0,0,0,0,0,0,0,0,0.432335943,0.053821157,0.919441238,1788,52.86010742,1.455718322,44.92150135,3,3.515419245,302.5119629,342.9454651,38.93082809,0
P685,2023,754597.2035,3831043.56,0,0,0,0,0,0,0,0,0,0,0.626911461,0.033847414,0.521034605,628,8.089848518,0.296177691,43.55904719,3,3.397157192,301.8496399,335.8471985,42.54936218,0
P686,2023,749767.2035,3826903.56,0,0,0,0,0,0,0,0,0,0,0.766498387,0.028799814,0.254517951,397,9.773095131,1.517484623,47.28557305,3,3.366211653,301.7114258,338.3682556,43.20944214,0
P687,2023,674557.2035,3846913.56,0,0,0,0,0,0,0,0,0,0,0.671322286,0.076090483,0.001890359,135,4.172817707,0,42.10291058,2,3.364826441,302.4158936,337.3400269,43.0609436,0
P688,2023,745627.2035,3811033.56,0,0,0,0,0,0,0,0,0,0,0.799756467,0.032519841,0.119288486,523,7.980048656,0.74028721,49.72509068,3,3.278293371,302.158844,326.9928284,43.71912766,0
P689,2023,724927.2035,3862783.56,0,0,0,0,0,0,0,0,0,0,0.638637006,0.049165739,0.368562618,451,13.55998898,0.074695802,42.65493024,3,3.544962168,302.8313293,331.8583069,37.51017761,0
P690,2023,737347.2035,3851743.56,0,0,0,0,0,0,0,0,0,0,0.481360614,0.052022482,1,6711,90.56516266,0,44.73369594,4,3.511727333,302.4505615,332.9379578,38.39059448,0
P691,2023,718027.2035,3831043.56,27.3052,95.7782,4.1,1.2916,62.6506,39.652,0.465,0.179268611,0,0,0.734515131,0.071890254,0.001890359,61,7.829510212,100,35.31701677,3,3.344985723,301.0030518,340.348938,41.708004,0
P692,2023,769087.2035,3819313.56,0,0,0,0,0,0,0,0,0,0,0.557563782,0.025167879,0.595234143,166,2.512348413,116.3154661,45.12336595,3,3.321289778,301.6820984,330.8247986,45.00766754,0
P693,2023,785647.2035,3851743.56,0,0,0,0,0,0,0,0,0,0,0.586399496,0.051242872,0.640322796,480,2.30755949,0.118789267,42.30354635,3,3.436277151,302.72995,325.4455872,38.17342758,0
P694,2023,715267.2035,3827593.56,0,0,0,0,0,0,0,0,0,0,0.674587131,0.031598994,0.079417242,798,62.74445343,2.315647865,40.5519873,3,3.303463221,300.5082092,346.0783997,42.43753433,0
P695,2023,686287.2035,3800683.56,8.4016,85.6963,2.5,1.8394,92.2414,38.9525,0.4903,0.73153658,0.06946622,0,0.83066088,0.098027421,0,40,0.797741055,0,33.79397277,2,3.556344032,301.7128601,367.991394,36.92876053,0
P696,2023,780817.2035,3846913.56,2.1004,18.2735,2,2,60,84.4832,0.1222,0,0,0.02503382,0.567931175,0.066370477,0.485107471,511,2.867581606,0.1179646,40.90342548,4,3.458307981,302.5676575,326.5601501,39.49826813,0
P698,2023,784957.2035,3844843.56,0,0,0,0,0,0,0,0,0,0,0.625407398,0.051167955,0.040353077,194,1.026650071,1.246485794,41.44113436,2,3.406795502,302.4580078,330.5805054,40.29901505,0
P699,2023,729067.2035,3822073.56,2.1004,5.041,1,1,100,94.5536,0.0445,0.007561437,0,0,0.726852953,0.025379085,0.256903298,643,3.498705626,0.87964668,41.80389595,4,3.32255125,301.2493286,339.598877,43.63920975,0
P700,2023,718717.2035,3822763.56,0,0,0,0,0,0,0,0,0,0,0.530236959,0.022731683,0.671593111,2289,52.4353981,0.285491801,41.47499399,4,3.290765047,300.5719604,345.7397766,43.1908226,0
P701,2023,785647.2035,3860713.56,0,0,0,0,0,0,0,0,0,0,0.626964509,0.039818295,0.471163348,660,16.4650135,1.671819044,43.85315911,3,3.474844456,302.9945068,324.8917847,36.21522903,0
P702,2023,693187.2035,3849673.56,10.502,15.753,2.1667,1.0952,12.5,89.8825,0.0704,0.010823178,0.001890359,0,0.722016573,0.09127158,0.001890359,101,3.106820583,0,36.41649946,2,3.459218979,301.8585815,342.2825012,39.44649506,0
P703,2023,783577.2035,3864163.56,0,0,0,0,0,0,0,0,0,0,0.742828429,0.037856702,0.071261442,330,4.502990723,0,41.02475772,2,3.510476589,303.1133728,325.1069336,35.37060547,0
P704,2023,704917.2035,3835183.56,2.1004,35.2867,1.6222,1.6222,97.0924,74.9016,0.1904,0.951786882,0,0,0.905570745,0.127156034,0,18,0.588078618,0,32.32346037,2,3.352474451,300.4744263,351.3753967,39.6955986,0
P705,2023,677317.2035,3844843.56,2.1004,41.5879,2.1176,2.1176,83.4783,57.6672,0.3763,0,0,0.128705983,0.620819807,0.082524121,0.317472343,343,24.89508057,0,38.98450561,5,3.42365098,302.7385864,339.9389038,43.12945175,0
P706,2023,760117.2035,3811033.56,0,0,0,0,0,0,0,0,0,0.000649951,0.505540192,0.035811204,0.723315703,592,8.826024055,1.579092781,45.04313178,3,3.278303623,302.0563965,322.2728271,43.24141312,0
P707,2023,743640.2484,3796700.398,0,0,0,0,0,0,0,0,0.008137018,0,0,0.125243779,0.692048381,179,0,0,40.53850058,2,3.203128815,302.2166138,344.257782,42.53580856,0
P708,2023,760117.0933,3863473.445,2.1004,12.6024,1.4286,1.4286,92.5,72.117,0.2999,0,0,0.078918149,0.573501825,0.027955859,0.579496558,116,4.874279022,0.24761089,40.61471754,5,3.601150513,302.9247437,331.0075378,35.92546082,0
P709,2023,777367.2035,3862783.56,8.4016,35.9168,2.2308,1.5987,74.6032,68.8072,0.2584,0,0,0.071356579,0.659098327,0.033739804,0.184645322,68,4.13639164,1.538669439,35.77675486,4,3.561763048,303.1818542,330.8149719,35.12653351,0
P710,2023,689047.2035,3831043.56,2.1004,2.5205,1,1,0,97.9788,0.0137,0,0.001890359,0,0.535722494,0.046765892,0.371917616,1027,1.141925335,0.908532336,40.74159215,4,3.556548834,300.2001953,351.8576355,40.9527626,0
P711,2023,730447.2035,3821383.56,2.1004,6.3012,1.25,1.25,75,94.1854,0.0445,0.007561437,0,0,0.698993862,0.024967143,0.32128991,1026,2.550857782,0.75786066,44.22357478,4,3.321828365,301.3814697,338.6469421,43.71688843,0
P712,2023,731827.2035,3869683.56,0,0,0,0,0,0,0,0,0,0,0.733339548,0.041706894,0.529395704,157,10.1194315,0,42.45404883,3,3.586264849,302.6584778,325.9378052,38.63644409,0
P713,2023,697327.2035,3851743.56,4.2008,5.041,1.3333,1,0,96.3452,0.0249,0.003780718,0,0,0.727685332,0.099601147,0.014645804,135,1.283805609,0,38.93310501,2,3.465695143,301.9017029,336.690918,38.58143997,0
P714,2023,782197.2035,3835183.56,0,0,0,0,0,0,0,0,0,0,0.599318206,0.035653428,0.04192133,199,0.649116457,61.36745338,43.04666068,2,3.373058558,302.0072937,331.7440186,43.60386658,0
P715,2023,744247.2035,3840013.56,0,0,0,0,0,0,0,0,0,0,0.496255398,0.055963216,0.915269098,1585,89.0716629,0.421783113,44.79752418,4,3.451578379,301.8335571,336.7978516,40.84696579,0
P716,2023,702847.2035,3859333.56,0,0,0,0,0,0,0,0,0,0,0.658467531,0.033280501,0.346178257,498,10.2142868,0.619820867,44.00355487,3,3.492972612,302.8666077,324.4463806,38.22212219,0
P717,2023,716647.2035,3840013.56,0,0,0,0,0,0,0,0,0,0,0.680150449,0.035862601,0.299757623,511,13.64376831,2.315060904,42.77995592,3,3.409425735,301.9421997,333.497467,39.28665543,0
P718,2023,702847.2035,3826213.56,2.1004,1.8904,1,1,0,98.2058,0.0137,0,0.002451244,0,0.692583859,0.039469333,0.168760943,475,2.035285711,3.719717243,45.36372078,3,3.315832853,300.4602051,349.3552551,39.51490402,0
P719,2023,711127.2035,3848983.56,0,0,0,0,0,0,0,0,0,0,0.711136401,0.030643566,0.219515716,465,5.219633579,0.993461532,43.16729361,3,3.454389811,302.7120056,329.8617249,37.41322708,0
P720,2023,726307.2035,3855193.56,2.1004,10.0819,1.75,1.75,75,85.5745,0.1356,0,0,0.026356211,0.552766979,0.037168368,0.72356291,1177,57.89403534,9.265159298,42.15367095,5,3.513692379,302.8690186,333.5203857,37.21105957,0
P721,2023,775987.2035,3815863.56,0,0,0,0,0,0,0,0,0,0,0,0.055613291,0.173118106,189,1.137308002,0,47.72839696,1,3.284204721,301.4621277,331.1587524,46.62444305,0
P722,2023,760117.2035,3812413.56,2.1004,3.7807,1,1,100,96.5955,0.0249,0,0,0.003780718,0.535107493,0.038236424,0.809430322,717,10.54260731,1.49439717,44.39675344,5,3.28513217,302.0205383,321.2475586,43.50279617,0
P723,2023,744937.2035,3865543.56,4.2008,28.3554,1.68,1.1738,93.9068,43.9139,0.5997,0,0,0.281353064,0.50063324,0.049825497,0.510689509,339,61.59424591,0.216484453,34.59852176,6,3.59821558,302.6986389,328.4970398,37.41336823,0
P724,2023,738037.2035,3810343.56,2.1004,2.5205,1,1,0,97.9788,0.0137,0,0,0.001890359,0.797404408,0.039368605,0.242908265,387,20.30829048,7.778219194,45.55157032,4,3.273005247,301.8605347,334.0074463,44.12134171,0
P725,2023,729067.2035,3820693.56,0,0,0,0,0,0,0,0,0,0.000518977,0.749938965,0.029419095,0.399004174,741,2.537943125,2.476015961,45.91201303,3,3.315420151,301.3388062,339.8947754,43.74950409,0
P726,2023,721477.2035,3857263.56,0,0,0,0,0,0,0,0,0,0,0.722536147,0.070818987,0.513340849,452,14.81090069,0.451879861,40.61491449,3,3.515797853,303.0405884,334.8866272,36.81726074,0
P727,2023,726997.2035,3863473.56,0,0,0,0,0,0,0,0,0,0,0.661415279,0.049426264,0.704215921,1096,10.23257828,5.775542796,43.45447423,3,3.551381826,302.7764893,330.3844299,37.73836517,0
P728,2023,727687.2035,3824833.56,0,0,0,0,0,0,0,0,0,0,0.653427005,0.026994809,0.322499733,519,9.499616623,1.245311722,39.95812209,3,3.333688259,300.9615173,339.8771667,43.39805984,0
P729,2023,691807.2035,3800683.56,18.9036,59.8614,3.0556,1.4376,72.7941,50.348,0.4149,0.135491746,0.013751491,0,0.696193635,0.045732315,0.026684056,155,1.785213113,0,38.74051088,3,3.496840954,301.368927,363.5167236,36.49742126,0
P730,2023,714577.2035,3860023.56,0,0,0,0,0,0,0,0,0,0,0.680862844,0.03856394,0.403759843,453,10.67897987,1.190541404,46.22682637,3,3.512182474,303.0197754,332.5820007,36.95843887,0
P731,2023,695257.2035,3843463.56,0,0,0,0,0,0,0,0,0,0,0.654086053,0.044382577,0.154861572,798,8.380110741,0,39.39338335,3,3.452906847,300.6703796,347.4402466,39.19881439,0
P732,2023,784267.2035,3866233.56,0,0,0,0,0,0,0,0,0,0,0.65619874,0.031372708,0.234750632,97,6.089529037,0,43.4279161,3,3.512137175,303.1438293,323.4523621,35.05959702,0
P733,2023,727687.2035,3857953.56,0,0,0,0,0,0,0,0,0,0,0.579478204,0.056068116,0.566925379,1040,58.57388306,4.34168488,42.92022192,4,3.530188322,302.9014893,332.9837952,37.21055984,0
P734,2023,717337.2035,3831733.56,12.6024,34.0265,2.3125,1.3177,79,61.9609,0.3458,0.104230689,0,0,0.733728409,0.056398427,0.005671078,79,4.509847641,9.999999999,36.31133064,3,3.348161697,301.0578613,339.7976074,41.5098381,0
P735,2023,699397.2035,3840013.56,16.8032,108.3806,3.8462,1.6427,75.817,23.3666,0.6221,0.308999688,0.001890359,0,0.696387231,0.07461063,0.031241793,207,0.907753825,6.907985679,35.46367295,3,3.429054022,300.3526611,345.9516907,39.09173584,0
P736,2023,666277.2035,3815173.56,4.2008,39.6975,1.5676,1.512,96.7136,36.1864,0.654,0.626328057,0,0,0.783603787,0.035498994,0,105,0.757516682,0,33.12279673,2,3.783877611,300.9528809,364.9498596,44.88825607,0
P737,2023,753217.2035,3851053.56,0,0,0,0,0,0,0,0,0,0,0.498323083,0.052313084,0.98484129,3748,83.67881012,0,41.85705209,4,3.525390625,302.4859619,342.9402161,37.99037552,0
P738,2023,775987.2035,3864163.56,4.2008,7.5614,1.4,1,71.4286,92.3445,0.0621,0,0,0.011342155,0.668964624,0.037578021,0.250563532,98,3.421943903,0.076450549,37.45172852,4,3.573897123,303.2139893,330.4543762,34.83542252,0
P739,2023,726307.2035,3831733.56,0,0,0,0,0,0,0,0,0,0,0.711497545,0.045374607,0.024574669,334,4.362598419,8.888888888,41.54892072,2,3.37881422,301.3450012,336.5477295,41.89434433,0
P740,2023,729067.2035,3869683.56,6.3012,57.971,2.9412,2.0467,73.6,52.5158,0.3943,0.133701775,0,0,0.78173238,0.103836859,0.286047027,374,15.5686512,0,39.41286828,4,3.579833269,302.5935974,326.0916138,38.61874771,0
P741,2023,781507.2035,3854503.56,0,0,0,0,0,0,0,0,0,0,0.602873623,0.047275872,0.102330841,144,42.96376419,6.477305351,39.45845,3,3.489922047,302.8575745,327.2577209,37.36333466,0
P743,2023,711817.2035,3837943.56,0,0,0,0,0,0,0,0,0,0,0.708265424,0.049010983,0.041033088,167,1.570568442,29.75439835,41.46524775,2,3.381366253,301.4120178,339.2817688,39.67391968,0
P744,2023,739417.2035,3832423.56,2.1004,5.6711,1.25,1.25,50,95.2273,0.035,0.005671078,0,0,0.63365674,0.037294394,0.238458857,275,7.053697109,1.255486221,40.2632549,4,3.399863005,301.5627441,335.2131958,42.31038666,0
P745,2023,773917.2035,3862783.56,12.6024,21.4241,2.25,1.2143,50,83.803,0.1222,0,0,0.027980052,0.652979732,0.043674783,0.188558028,126,3.161100388,1.320151728,41.7076487,4,3.578185558,303.1617737,331.8083496,35.14690781,0
P746,2023,678007.2035,3806203.56,0,0,0,0,0,0,0,0,0,0,0.692703366,0.046505873,0.028637419,415,1.115296245,1.413508036,41.53974791,2,3.675028086,301.9998474,368.8472595,39.87405014,0
P747,2023,779437.2035,3862093.56,12.6024,25.8349,2.75,1.2056,36.3636,82.3816,0.129,0,0,0.027794503,0.523995519,0.04180216,0.563752704,266,10.76416206,2.403979964,38.60194977,4,3.544395208,303.1497498,330.1905823,35.36018753,0
P748,2023,727687.2035,3837253.56,8.4016,29.6156,2.3636,1.5556,66.6667,74.5804,0.2071,0.050377079,0,0,0.761509597,0.044576531,0.183477407,705,5.045340061,0.63789377,37.83876421,4,3.419735432,301.7970581,333.0884094,40.68984985,0
P749,2023,733897.2035,3870373.56,2.1004,18.2735,1.5,1.5,94.0476,57.377,0.4679,0,0,0.168619708,0.6789096,0.030357199,0.646869695,94,4.730297089,-1.587561691,41.10418984,5,3.592785358,302.6716309,325.3347473,38.60047531,0
P750,2023,675937.2035,3804133.56,0,0,0,0,0,0,0,0,0,0,0.706516266,0.030403446,0.039090512,293,0.717664719,5.605394103,39.58196681,2,3.6654737,301.9607849,363.3045349,39.89138794,0
P751,2023,750457.2035,3852433.56,0,0,0,0,0,0,0,0,0,0,0.526367366,0.049112337,0.996219282,6186,91.69152832,0,45.33396251,4,3.531277895,302.4868469,341.012146,37.84189987,0
P752,2023,782887.2035,3838633.56,0,0,0,0,0,0,0,0,0,0,0.606422246,0.04233743,0.030431295,264,0.918399692,0,42.79127021,2,3.388620853,302.1838074,334.0285339,42.47315216,0
P753,2023,771157.2035,3830353.56,0,0,0,0,0,0,0,0,0,0,0.735636234,0.032143697,0.065139117,185,2.120679379,1.23233932,48.16430243,2,3.393556356,301.848938,330.1080322,44.03795242,0
P754,2023,741487.2035,3816553.56,0,0,0,0,0,0,0,0,0,0,0.738806784,0.039106729,0.10139462,412,1.350155234,0,42.24835845,2,3.303965807,301.9741516,325.4489746,44.16205978,0
P755,2023,774607.2035,3862093.56,14.7028,34.0265,3,1.2957,37.931,78.4656,0.1547,0,0,0.035916824,0.636461616,0.041617373,0.203202819,217,4.084456444,-0.184341497,41.05438452,4,3.572065115,303.1462097,331.8873596,35.29001999,0
P756,2023,733207.2035,3826903.56,0,0,0,0,0,0,0,0,0,0,0.700037658,0.08381671,0.047134076,416,2.894727945,3.537787173,39.20445202,2,3.358952761,301.3932495,335.9546509,43.17385101,0
P757,2023,777367.2035,3867613.56,0,0,0,0,0,0,0,0,0,0,0.751330197,0.071828456,0.361078925,578,1.8506459,0,43.25702077,3,3.580898285,303.3253479,327.5293884,34.0643692,0
P758,2023,762877.2035,3838633.56,0,0,0,0,0,0,0,0,0,0,0.617999256,0.037470913,0.475516273,343,3.861067057,5.632397576,44.76270523,3,3.456348658,302.1137085,336.7767639,41.50492477,0
P759,2023,773227.2035,3851053.56,0,0,0,0,0,0,0,0,0,0,0.633976877,0.039722861,0.625690966,377,45.21325302,0.289670072,42.83630596,4,3.525355816,302.7278137,332.7095032,38.07501984,0
P760,2023,741487.2035,3866233.56,6.3012,23.9445,2,1.2652,76.9231,74.1607,0.2283,0,0,0.059632004,0.717768312,0.03760686,0.214935822,218,57.3861618,-1.23834669,37.16865935,5,3.594541311,302.6526489,324.6587219,37.94861221,0
P761,2023,726307.2035,3857953.56,0,0,0,0,0,0,0,0,0,0,0.636286736,0.042692899,0.182798703,313,33.55342102,13.84009924,42.85900481,3,3.528101921,302.9519958,333.9342346,37.06781387,0
P762,2023,763567.2035,3824833.56,0,0,0,0,0,0,0,0,0,0,0.473364472,0.027098745,0.551198369,282,23.37301254,17.06094861,45.4177527,3,3.356300831,301.7017822,328.968811,44.15590668,0
P763,2023,747697.2035,3807583.56,0,0,0,0,0,0,0,0,0,0,0.710161328,0.038110884,0.11497241,332,13.37192345,2.078398047,43.31345701,3,3.263593435,302.2336426,331.5355835,43.11486816,0
P764,2023,758047.2035,3813103.56,0,0,0,0,0,0,0,0,0,0,0.62877202,0.042063373,0.166763599,354,31.95627594,9.177273497,45.26641938,3,3.288888693,302.059082,322.0219421,43.57648849,0
P765,2023,738037.2035,3826213.56,0,0,0,0,0,0,0,0,0,0,0.671179235,0.033186016,0.063627512,402,3.736477852,21.59055984,41.2421849,2,3.357098818,301.447937,335.722229,43.42431641,0
P766,2023,784957.2035,3831043.56,0,0,0,0,0,0,0,0,0,0,0.629792213,0.041040899,0.04523023,265,0.583463788,1.312114669,45.59110385,2,3.326382875,301.769104,330.8277588,45.10438538,0
P767,2023,659633.3812,3814483.331,0,0,0,0,0,0,0,0,0,0,0,0.01475626,0,544,0.809041739,0,38.47496342,1,3.805815697,300.6033325,356.3721008,46.99588776,0
P768,2023,689047.2035,3829663.56,21.004,57.971,3.2941,1.3018,65.4867,54.3706,0.3726,0.055005965,0.076999429,0,0.729460895,0.067948232,0.111822712,172,0.910850048,0.699860901,38.49244301,3,3.563628674,300.2064209,354.1876831,40.88148499,0
P769,2023,780817.2035,3824833.56,0,0,0,0,0,0,0,0,0,0,0.755554616,0.050099093,0.114399678,89,0.468399227,14.09887895,49.09591421,2,3.319155693,301.5417786,328.3443909,46.45930099,0
P770,2023,714577.2035,3811033.56,8.4016,54.8204,1.9459,1.6616,94.4708,31.6985,0.6572,0.637059956,0,0,0.821834207,0.124423773,0,71,0.744551778,0,34.72317799,2,3.256937742,300.776825,343.8560486,42.45518112,0
P771,2023,739417.2035,3848983.56,0,0,0,0,0,0,0,0,0,0,0.469314873,0.048550011,1,30580,90.31568909,0,47.10941106,4,3.498849392,302.3174133,335.5044556,38.74302673,0
P772,2023,720787.2035,3815863.56,0,0,0,0,0,0,0,0,0,0,0.571698844,0.047869896,0.717549976,1312,25.93887138,0.54114906,44.1159064,3,3.27143836,301.1916809,344.4915771,43.60313416,0
P773,2023,772537.2035,3836563.56,0,0,0,0,0,0,0,0,0,0,0.60733515,0.044108159,0.241335773,346,0.97323823,3.072290338,46.77388096,3,3.434597492,302.0911255,337.3315125,42.60782623,0
P774,2023,747007.2035,3823453.56,0,0,0,0,0,0,0,0,0,0,0.705288768,0.021583063,0.261799715,662,8.441515923,4.978971133,43.52034461,3,3.344573736,301.7361755,333.6382141,43.58097458,0
P775,2023,714577.2035,3868303.56,0,0,0,0,0,0,0,0,0,0,0.721393347,0.070594346,0.073408498,121,1.370143652,0,40.72237663,2,3.539728403,302.2886658,328.6312256,38.36260605,0
P776,2023,685597.2035,3833803.56,14.7028,24.5747,2.625,1.0417,45.8333,81.9704,0.1356,0.0254869,0.005671078,0,0.646826267,0.075267104,0.283495882,810,3.816643476,0.548060368,38.94790038,4,3.569269896,300.771759,349.8302612,41.99460983,0
P777,2023,775987.2035,3817243.56,0,0,0,0,0,0,0,0,0,0,0.749271154,0.051286781,0.187431827,392,0.892187119,1.68999262,48.82499634,3,3.292598009,301.4854431,330.6070251,46.49485397,0
P778,2023,709747.2035,3820003.56,0,0,0,0,0,0,0,0,0,0,0.680770636,0.052976192,0.117362815,536,3.437020779,0.059153139,41.67755848,2,3.244055033,300.6053162,345.3896484,41.11666489,0
P779,2023,680077.2035,3856573.56,2.1004,3.7807,1,1,100,96.5955,0.0249,0.003780718,0,0,0.759112239,0.064541133,0.034503534,179,1.072415471,0,41.23177258,3,3.473474026,302.419342,326.927063,43.2304306,0
P780,2023,749077.2035,3817933.56,0,0,0,0,0,0,0,0,0,0,0.700661421,0.033318787,0.257799444,414,18.23906326,0.761174582,46.03148929,3,3.313761473,302.0223999,326.5823669,43.78874588,0
P781,2023,753217.2035,3846913.56,0,0,0,0,0,0,0,0,0,0,0.416096509,0.056197562,0.996219282,2591,89.66371155,0,47.67120327,4,3.499953747,302.3497314,343.5276489,38.7955246,0
P782,2023,778747.2035,3822763.56,0,0,0,0,0,0,0,0,0,0,0,0.044949246,0.09455746,141,0.650805831,9.011913614,48.82691699,1,3.317543507,301.5267639,328.3621826,46.45170975,0
P783,2023,757357.2035,3847603.56,0,0,0,0,0,0,0,0,0,0,0.497222483,0.044322598,0.953914187,1639,79.8104248,0,42.95226272,4,3.50846982,302.4307556,345.4002075,38.76745605,0
P784,2023,778747.2035,3831733.56,0,0,0,0,0,0,0,0,0,0,0.635929108,0.045215008,0.009469714,71,0.584504843,0,47.38229099,2,3.375006676,301.8520203,329.1021423,44.51162338,0
P785,2023,785647.2035,3866233.56,0,0,0,0,0,0,0,0,0,0,0.636432886,0.034021712,0.201177735,41,8.599648476,6.521026993,44.49311399,3,3.498384476,303.1091614,322.3981323,35.22476959,0
P786,2023,729757.2035,3857263.56,4.2008,5.6711,1.25,1,50,95.2273,0.035,0,0,0.005671078,0.560209513,0.049048469,0.729657543,1402,85.51844788,1.023536418,42.28159262,5,3.5297153,302.8066101,331.6333008,37.46647644,0
P787,2023,689737.2035,3855193.56,2.1004,2.5205,1,1,0,97.9788,0.0137,0.001890359,0,0,0.649140716,0.151328699,0.237434584,561,31.45975494,4.029725787,42.79221896,4,3.485152483,302.5883789,332.2505798,40.25330734,0
P788,2023,700777.2035,3831043.56,6.3012,70.5734,2.2051,1.6318,93.2179,31.0656,0.6176,0.659012086,0.028545175,0,0.885887206,0.018176921,0,66,0.650805831,0,30.97417094,2,3.380922079,300.1337585,350.5827026,39.26322937,0
P789,2023,711817.2035,3815173.56,0,0,0,0,0,0,0,0,0,0,0.576595783,0.026462994,0.864576509,1653,3.652894735,0.065600924,45.30253846,3,3.240386248,300.7619019,344.4017944,41.61481476,0
P790,2023,740107.2035,3802063.56,0,0,0,0,0,0,0,0,0,0,0.796016693,0.03088747,0.098298677,294,2.602922201,2.127659575,48.18199288,2,3.233551979,301.8983765,340.9999695,43.56313705,0
P791,2023,691807.2035,3799993.56,33.6064,61.7517,4.1538,1.1982,38.806,63.4693,0.2679,0.016697723,0.063854968,0,0.690351486,0.049720683,0.187272293,333,1.852148533,0.203942113,40.5817,4,3.493676186,301.334198,363.1179199,36.55183411,0
P792,2023,710437.2035,3837943.56,4.2008,5.041,1.3333,1,0,96.3452,0.0249,0.003780718,0,0,0.71615231,0.047138146,0.244692358,157,1.45866704,2.822725323,41.8424832,3,3.377136946,301.2948303,341.5087891,39.61631393,0
P793,2023,685597.2035,3831043.56,0,0,0,0,0,0,0,0,0,0,0.631662607,0.040832028,0.32043616,1044,1.178818822,0.118686805,41.14187126,3,3.590314865,300.6551208,354.0615234,41.91046906,0
P794,2023,726307.2035,3835183.56,6.3012,13.8626,2,1.2593,50,88.676,0.0862,0.01662523,0,0,0.793231308,0.058020504,0.057646995,335,3.38574028,1.403742207,35.4322463,3,3.403731823,301.6477051,334.373291,41.09875107,0
P795,2023,711817.2035,3855883.56,0,0,0,0,0,0,0,0,0,0,0.560848355,0.034615708,0.496025299,1131,69.78582001,0.574076964,45.94858988,4,3.489032984,302.9644165,330.4961548,37.16025543,0
P796,2023,720097.2035,3840013.56,0,0,0,0,0,0,0,0,0,0,0.703349769,0.043030319,0.053968011,289,7.680644035,0,45.64613789,2,3.418572187,302.0065613,333.4457092,39.43592072,0
P797,2023,680767.2035,3848293.56,0,0,0,0,0,0,0,0,0,0,0.364887685,0.057089875,1,6965,81.1476059,0,47.32521914,4,3.425711155,302.7066345,336.6775513,42.47346878,0
P798,2023,707677.2035,3865543.56,4.2008,6.3012,1.25,1,50,95.0453,0.035,0,0,0.005671078,0.674411178,0.045180911,0.207665906,208,1.638575315,0.183730205,34.35522294,4,3.513301611,302.7060547,328.9219666,38.45047379,0
P799,2023,748387.2035,3859333.56,0,0,0,0,0,0,0,0,0,0,0.508954823,0.03759117,0.708794802,1448,73.30821228,0.761209681,43.48758142,4,3.571300745,302.6720276,334.354126,37.09882736,0
P800,2023,701467.2035,3840013.56,14.7028,60.4915,3,1.4456,69.9115,53.9068,0.3726,0.127932142,0,0,0.663243651,0.122540406,0.209803521,466,1.043448806,0.55562726,37.69182877,4,3.4132514,300.6514587,345.2156372,39.10087204,0
P801,2023,718027.2035,3864163.56,0,0,0,0,0,0,0,0,0,0,0.774095893,0.037487621,0.197355109,506,3.287169695,2.248029436,41.61391052,3,3.534164906,302.6989746,330.8395386,37.66153336,0
P802,2023,733207.2035,3808273.56,2.1004,1.8904,1,1,0,98.2058,0.0137,0.001890359,0,0,0.786739647,0.022417168,0.258081668,827,2.082804203,1.975770347,45.41193735,4,3.262256384,301.509613,340.8825989,44.2737999,0
P803,2023,735277.2035,3868303.56,0,0,0,0,0,0,0,0,0,0,0.781331003,0.060752015,0.186350621,126,10.40482807,0,41.47595936,3,3.588933229,302.6795959,325.4243164,38.35273361,0
P804,2023,713197.2035,3835873.56,8.4016,22.6843,2.2222,1.6316,62.069,80.6497,0.1547,0.03207628,0.001890359,0,0.735294402,0.079827579,0.008371934,155,2.13095665,0,38.24697224,3,3.370160341,301.2891235,338.5791321,40.24338913,0
P805,2023,689737.2035,3857953.56,4.2008,56.7108,1.9412,1.7528,94.0075,28.5657,0.6904,0,0,0.520453444,0.296804696,0.019622019,0.473398409,40,2.184097528,1.644797866,26.88098421,5,3.497254372,302.7556458,327.3805847,40.23746109,0
P806,2023,782887.2035,3867613.56,0,0,0,0,0,0,0,0,0,0,0.821823359,0.033097503,0.075596448,35,3.665156364,0,47.4799004,2,3.531509399,303.2114868,323.7098999,34.62691879,0
P807,2023,695257.2035,3848983.56,2.1004,2.5205,1,1,0,97.9788,0.0137,0.001890359,0,0,0.625498056,0.059344784,0.278193056,279,2.256547451,1.572202591,40.1984685,4,3.455155849,301.5030518,344.0763245,38.94711304,0
P808,2023,693877.2035,3816553.56,0,0,0,0,0,0,0,0,0,0,0.683889866,0.019110028,0.351195633,721,14.31035328,0,41.96151618,3,3.491590977,301.0350952,363.1185913,37.25860977,0
P392,2023,712418.5802,3807544.729,0,0,0,0,0,0,0,0.321378551,0.053215949,0,0.794840217,0.063479613,0.015843315,28,0.943219602,0,35.77806174,2,,,,,
P396,2023,721102.2823,3805273.739,0,0,0,0,0,0,0,0.768031596,0.012225354,0,0,0.019076879,0,0,0,0,33.84358651,1,,,,,
P399,2023,664585.0173,3817613.067,0,0,0,0,0,0,0,0.804982412,0,0,0,0.009767489,0,0,0,0,27.76730347,1,,,,,
P451,2023,663512.8268,3817929.017,2.1327,7.6775,1.087,1.087,99.5927,91.5429,0.0713,0.983184506,0.002401983,0,0.876900911,0.072479597,0,50,0.372503698,0,30.72342793,2,,,,,
P476,2023,784036.1531,3824324.75,0,0,0,0,0,0,0,0,0,0,0,0.038204286,0,0,0,0,47.32864911,1,,,,,
P514,2023,712960.5597,3809188.378,0,0,0,0,0,0,0,0.378319115,0,0,0,0.032066639,0,0,0,0,33.95480637,1,,,,,
P533,2023,758713.5193,3863927.833,0,0,0,0,0,0,0,0,0,0.583786266,0.638069332,0.027481804,0.077077892,0,18.46794128,-14.73410564,32.95068032,4,,,,,
P538,2023,712272.6785,3804105.056,0,0,0,0,0,0,0,0,0,0,0.710108161,0.019361473,0.115186906,0,0,3.726526308,41.88705212,2,,,,,
P568,2023,711736.2322,3803773.899,0,0,0,0,0,0,0,0,0,0,0,0.034706595,0,0,0,0,41.57782898,1,,,,,
P607,2023,665214.2236,3850606.401,0,0,0,0,0,0,0,0,0,0,0,0.025422489,0,0,0,0,41.25431237,1,,,,,
P652,2023,709785.1334,3870932.271,0,0,0,0,0,0,0,0,0,0.388457246,0,0.059408158,0.166790267,13,0.663091362,-8.01947807,20.63349515,3,,,,,
P697,2023,687729.1875,3859137.456,0,0,0,0,0,0,0,0,0,0,0.698679507,0.189257104,0.143434633,224,1.834688902,0,42.95838893,2,,,,,
P809,2023,738037.2035,3831043.56,0,0,0,0,0,0,0,0,0,0,0.638806462,0.020898361,0.101374869,503,5.326170921,14.12626997,41.23181458,2,3.389784813,301.5366821,335.0238037,42.5159874,0
P810,2023,743557.2035,3806203.56,0,0,0,0,0,0,0,0,0,0,0.869350493,0.036471349,0.006523483,120,1.668161988,0,50.35630553,2,3.255791426,302.1585083,333.9360962,43.50434113,0
P811,2023,720787.2035,3828283.56,6.3012,10.0819,1.6667,1,60,90.2842,0.0784,0.007084367,0.006523483,0,0.679746747,0.03702317,0.064761948,434,27.1450386,2.097849567,37.78300473,4,3.333780527,300.7950439,341.879364,42.49274063,0
P812,2023,700087.2035,3862093.56,0,0,0,0,0,0,0,0,0,0,0.705261111,0.072927003,0,26,1.757391453,0,43.58235719,2,3.501259327,302.8287659,324.8422241,38.57540512,0
P813,2023,729067.2035,3813103.56,2.1004,10.0819,1.3333,1.3333,75,90.9495,0.0704,0.013709584,0,0,0.633524656,0.119530505,0.437122677,914,5.237075329,2.045019475,41.56195893,4,3.278786421,301.640564,341.9049377,44.23654938,0
P814,2023,738727.2035,3824143.56,0,0,0,0,0,0,0,0,0,0,0.615551829,0.038553558,0.487875045,866,11.16604614,1.515269916,41.8411642,3,3.345500708,301.5358582,334.4564819,43.6235733,0
P815,2023,788300.1631,3840120.881,0,0,0,0,0,0,0,0,0,0.02291683,0,0.043340678,0.255646707,0,0,1.550132889,39.92398785,2,3.34893465,302.2329102,340.6121216,42.05680084,0
P816,2023,771847.2035,3846223.56,0,0,0,0,0,0,0,0,0,0,0.496993273,0.048392171,0.914587742,1468,63.38401031,0,42.57485847,4,3.502758265,302.5166321,335.9611511,39.50036621,0
P817,2023,769777.2035,3824143.56,0,0,0,0,0,0,0,0,0,0,0.701431215,0.040866343,0.191399927,216,2.116826296,0.144334336,48.67055155,3,3.351905107,301.6983643,327.3479614,44.86694717,0
P818,2023,672487.2035,3840703.56,2.1004,1.2602,1,1,0,98.4448,0.0137,0,0,0.001717478,0.766193151,0.037465491,0.255774885,1144,32.82405472,0,45.27329328,4,3.453610659,302.4489441,350.2827454,43.76503754,0
P819,2023,769777.2035,3817933.56,0,0,0,0,0,0,0,0,0,0,0.698969662,0.037199141,0.076997891,169,0.675432205,0,48.13420523,2,3.31230998,301.6618042,332.7095947,45.16094971,0
P820,2023,736657.2035,3824143.56,2.1004,6.9313,1.5,1.5,50,94.0439,0.0445,0.00704246,0,0,0.738904536,0.062678413,0.094899365,306,9.300181389,5.933354177,40.68748344,4,3.344751835,301.5094299,335.1429138,43.59125137,0
P821,2023,730447.2035,3822073.56,0,0,0,0,0,0,0,0,0,0,0.719932556,0.027697937,0.543008318,1027,3.078884125,1.3370404,43.97422891,3,3.325453043,301.3412476,338.5473328,43.66133118,0
P822,2023,744937.2035,3841393.56,0,0,0,0,0,0,0,0,0,0,0.508069634,0.047805598,0.924231683,3315,85.29212189,0.633020154,44.33720551,4,3.460091352,301.9246826,337.2158203,40.48047638,0
P823,2023,721477.2035,3836563.56,4.2008,15.1229,2,1.3788,53.3333,87.0752,0.1011,0.022350882,0,0,0.695331275,0.060349071,0.058601134,316,19.6074791,2.142857143,39.91254262,4,3.402045727,301.7235413,333.9937134,40.51517487,0
P824,2023,781507.2035,3836563.56,0,0,0,0,0,0,0,0,0,0,0.55705297,0.064804295,0.057272673,431,0.646465421,0.338836506,42.42408969,2,3.387382507,302.0820007,331.5165405,43.13827896,0
P825,2023,704227.2035,3817243.56,12.6024,20.1638,2.4286,1.0667,23.0769,86.8048,0.0937,0.00704246,0.011861132,0,0.750875592,0.048106078,0.010405935,252,2.393090963,0,38.2792584,2,3.270958662,300.6499634,348.7372437,39.00720978,0
P826,2023,769777.2035,3840013.56,0,0,0,0,0,0,0,0,0,0,0.573195875,0.038414443,0.419334784,481,14.79126167,1.04350416,46.57671992,3,3.469358921,302.2324829,341.4586792,41.42575455,0
P827,2023,719407.2035,3823453.56,0,0,0,0,0,0,0,0,0,0,0.460900635,0.042274445,0.84667744,2658,62.58712769,0,44.29628744,4,3.296467543,300.5606384,345.4775696,43.20483017,0
P828,2023,738727.2035,3817243.56,0,0,0,0,0,0,0,0,0,0,0.690915883,0.028800387,0.552801151,894,1.66701293,3.671114046,46.72472798,3,3.307306051,301.878479,329.7122803,44.11632156,0
P829,2023,704917.2035,3830353.56,2.1004,81.9156,2.3571,2.3571,93.1325,41.8614,0.465,0.807660434,0.016059094,0,0.904978335,0.146795609,0,53,0.799699008,0,32.84030382,2,3.310209751,300.5174561,348.5379028,39.87267303,0
P830,2023,771157.2035,3818623.56,0,0,0,0,0,0,0,0,0,0,0.776833832,0.046837369,0.459385505,463,0.850780249,1.129490659,45.9451846,3,3.315028429,301.6342468,332.9995117,45.34681702,0
P831,2023,724927.2035,3851053.56,0,0,0,0,0,0,0,0,0,0,0.568446815,0.054013304,0.489582213,957,65.59221649,0.401602152,43.02469034,4,3.489993095,302.7885132,333.1518555,37.25975037,0
P832,2023,764257.2035,3851743.56,2.1004,29.6156,1.8,1.8,85.8824,65.8511,0.3129,0,0,0.097112843,0.491529047,0.058431518,0.410577204,495,70.81600952,4.269356473,41.57519185,5,3.539547205,302.6636353,340.2610779,37.92548752,0
P834,2023,691807.2035,3819313.56,6.3012,24.5747,1.75,1.1132,87.7551,64.9401,0.3418,0.106433665,0.003780718,0.001037954,0.776877642,0.024419916,0.027646623,359,12.94618797,0,38.72712134,4,3.534116983,300.9031982,364.5946655,38.45066452,0
P835,2023,759427.2035,3828283.56,2.1004,1.8904,1,1,0,98.2058,0.0137,0.00141329,0,0,0.563258231,0.026873776,0.662544536,1149,80.73019409,0.374099276,43.28172842,5,3.37894249,301.7427063,333.5835571,43.40030289,0
P836,2023,675247.2035,3813103.56,10.502,57.3409,2.8095,1.5401,79.6791,44.0808,0.4956,0.160803894,0.022498761,0,0.709541619,0.03697941,0,105,1.68329227,0,40.18337044,2,3.751189709,301.2508545,374.94104,42.33266449,0
P837,2023,767017.2035,3833803.56,0,0,0,0,0,0,0,0,0,0,0.649540544,0.028305053,0.150150704,224,3.955079556,6.913507631,46.14624035,2,3.422428608,301.9632874,335.1394653,42.87248993,0
P838,2023,742867.2035,3812413.56,0,0,0,0,0,0,0,0,0,0,0.824974835,0.034433099,0.130616093,462,6.591291904,0.518982882,47.57043117,3,3.283645868,302.102417,325.2460938,44.06105423,0
P839,2023,703537.2035,3843463.56,0,0,0,0,0,0,0,0,0,0,0.650032759,0.076030432,0.080532415,507,7.164460659,0,40.64353859,2,3.416265965,301.5494385,338.6134949,38.66910934,0
P840,2023,702157.2035,3844153.56,0,0,0,0,0,0,0,0,0,0,0.615478277,0.068830402,0.247869759,1010,10.01456642,0.3097819,43.20292418,3,3.42573452,301.4515686,339.4756775,38.62747574,0
P841,2023,664207.2035,3815173.56,4.2008,50.4096,1.8837,1.6843,95.6372,53.8185,0.3978,0.838071979,0.025051739,0,0.838362694,0.089158964,0,39,0.766677618,0,31.15055077,2,3.788994074,300.8796997,361.9936218,45.49311066,0
P842,2023,694567.2035,3837253.56,10.502,89.477,2.8889,1.8827,88.8525,22.8345,0.6685,0.609525901,0.003780718,0,0.86410284,0.038956199,0,103,0.638495147,0,32.92668772,2,3.471039772,299.8032837,345.6877136,39.78031921,0
P843,2023,764257.2035,3821383.56,0,0,0,0,0,0,0,0,0,0,0.694951296,0.027760719,0.143597981,319,5.914901733,0,47.97621388,3,3.335221291,301.7434998,326.9499512,44.33104706,0
P844,2023,733897.2035,3859333.56,0,0,0,0,0,0,0,0,0,0,0.716825306,0.045190461,0.164274354,699,83.55151367,0,39.4728783,4,3.546934366,302.7236023,329.0096436,37.71637726,0
P845,2023,770467.2035,3824143.56,0,0,0,0,0,0,0,0,0,0,0.778734565,0.025210687,0.001890359,120,1.014226556,0,50.6749867,2,3.351876259,301.6964417,327.2534485,44.9443512,0
P846,2023,678007.2035,3837943.56,0,0,0,0,0,0,0,0,0,0,0.708128929,0.035638896,0.29501992,702,10.9194212,0.032393886,44.8642491,3,3.540002346,302.7469788,354.1113586,43.6811676,0
P847,2023,724237.2035,3824143.56,2.1004,5.041,1,1,100,95.3548,0.035,0,0.005671078,0,0.623213828,0.050504392,0.587321066,3223,12.21893406,1.744177363,42.88968847,5,3.321618557,300.7533875,342.3124695,43.39078903,0
P848,2023,704227.2035,3822763.56,0,0,0,0,0,0,0,0,0,0,0.691573024,0.021031696,0.17585899,583,4.509555817,1.135984039,45.46188741,3,3.276906013,300.5765686,347.4561157,39.61360931,0
P849,2023,750457.2035,3833113.56,0,0,0,0,0,0,0,0,0,0,0.380777657,0.039142109,0.944243364,1548,40.04957962,0.55094592,46.33093025,3,3.409800768,301.8470764,335.8422852,42.04197693,0
P850,2023,733897.2035,3808273.56,0,0,0,0,0,0,0,0,0,0,0.769323885,0.050975164,0.128192064,393,2.678429127,0.925731611,40.39805392,2,3.26220727,301.5448914,340.371521,44.28155518,0
P851,2023,738037.2035,3863473.56,8.4016,11.9723,2,1.1333,0,92.3146,0.0535,0,0,0.009928865,0.508903861,0.026199719,0.478187557,1183,83.34719849,0.139135014,42.00081688,5,3.573817253,302.6673584,326.8972778,37.97048569,0
P852,2023,723547.2035,3805513.56,4.2008,7.5614,1.5,1,50,93.8686,0.0445,0.008599391,0,0,0.77440387,0.058421816,0.001890359,154,0.826025724,0,37.88068885,2,3.258952379,300.8099365,347.1144104,43.93080139,0
P853,2023,726997.2035,3816553.56,0,0,0,0,0,0,0,0.000954139,0,0,0.728917301,0.036393714,0.18746208,496,15.62942696,0,42.21352855,3,3.290397882,301.5247498,342.9521484,44.04219818,0
P854,2023,747697.2035,3862093.56,2.1004,39.0674,2,2,86.4,56.8372,0.3943,0,0,0.134215501,0.579269111,0.039359771,0.55068363,805,71.68238068,0.860911016,40.33638898,6,3.585186481,302.7014465,332.7723694,37.0765686,0
P855,2023,763567.2035,3814483.56,0,0,0,0,0,0,0,0,0,0,0.551081598,0.044307816,0.530486401,544,15.65545368,3.739448889,44.02909214,3,3.294425488,301.8668823,322.4439697,44.21098328,0
P856,2023,766327.2035,3831733.56,0,0,0,0,0,0,0,0,0,0,0.600299358,0.03340239,0.363582338,219,6.866531372,7.168380917,48.33270644,3,3.406403065,301.8819885,332.8335571,43.27721786,0
P857,2023,760807.2035,3845533.56,0,0,0,0,0,0,0,0,0,0,0.53984046,0.060112798,0.655005744,543,63.5294342,0.550052937,42.12190717,4,3.498877764,302.38797,343.7301025,39.47290802,0
P858,2023,695257.2035,3817243.56,0,0,0,0,0,0,0,0,0,0,0.724274039,0.029420042,0.219515191,486,11.53684807,0,40.55656909,3,3.463176012,300.8409424,360.9254456,37.03046036,0
P859,2023,666967.2035,3804823.56,4.2008,27.7253,1.7619,1.6076,91.7949,51.2518,0.5061,0.21657233,0,0,0.730344296,0.035913985,0,147,0.935431838,0,37.37580638,2,3.704477072,301.0657959,356.7789307,42.76591492,0
P860,2023,715957.2035,3845533.56,0,0,0,0,0,0,0,0,0,0,0.746968687,0.038296771,0.117781071,191,3.372258186,0,38.5989527,2,3.443856478,302.5047607,332.421814,37.66015625,0
P861,2023,717337.2035,3855883.56,2.1004,11.9723,1.4286,1.4286,80,87.8544,0.1011,0.003780718,0,0.017490302,0.701268792,0.041581239,0.299462732,278,58.9705162,1.746919197,44.31442786,5,3.50019002,303.0215454,333.5583496,36.82931137,0
P862,2023,675247.2035,3804133.56,0,0,0,0,0,0,0,0,0,0,0.702185094,0.022300945,0,273,0.766027272,0,41.82758186,2,3.668454885,301.8968506,362.3897705,40.07867432,0
P863,2023,726997.2035,3868993.56,16.8032,50.4096,3.2308,1.3891,57.971,64.6728,0.2726,0.078894026,0,0,0.849158049,0.079549282,0.097451523,177,25.29041672,0,37.75009507,4,3.572355509,302.5689392,326.6514587,38.51166916,0
P864,2023,720787.2035,3853123.56,0,0,0,0,0,0,0,0,0,0,0.526518583,0.037227258,0.757648188,1423,84.25351715,0.551092332,44.40630504,4,3.493289471,302.90271,333.598877,36.98553848,0
P865,2023,744937.2035,3813103.56,0,0,0,0,0,0,0,0,0,0,0.75314945,0.0680683,0.173369064,288,3.940509558,1.033108306,46.68890583,3,3.287366629,302.1311951,324.0355835,43.98348618,0
P866,2023,749077.2035,3831733.56,0,0,0,0,0,0,0,0,0,0,0.511911631,0.035285986,0.928887783,1436,28.18660927,0.882109107,43.14752872,3,3.399579287,301.7743225,336.3833618,42.34394455,0
P867,2023,707677.2035,3833803.56,8.4016,90.1071,2.8108,2.6411,89.1057,22.9281,0.6659,0.604865417,0,0,0.858534753,0.086418442,0.049251072,109,0.643138468,117.8772109,34.39933191,3,3.331783056,300.7256775,348.3007813,40.03261948,0
P868,2023,744937.2035,3831043.56,0,0,0,0,0,0,0,0,0,0,0.577515304,0.021942682,0.785989269,1719,37.56229019,1.014319926,44.42737843,4,3.393035412,301.6222534,336.1607361,42.60917282,0
P869,2023,749767.2035,3805513.56,0,0,0,0,0,0,0,0,0,0,0.683679938,0.036530811,0.186681349,873,8.190933228,5.727383073,49.20743167,3,3.255191803,302.3098755,333.7518616,42.57774734,0
P870,2023,764257.2035,3815173.56,0,0,0,0,0,0,0,0,0,0,0.588495672,0.037230469,0.677774689,575,8.871053696,1.195353331,44.79864035,3,3.297654152,301.8276978,323.6115723,44.43679428,0
P871,2023,687667.2035,3849673.56,0,0,0,0,0,0,0,0,0,0,0.694725752,0.08966351,0.005194008,285,15.98528385,0,38.88443074,3,3.46198678,302.5131836,341.6991577,40.78818893,0
P872,2023,760807.2035,3835873.56,0,0,0,0,0,0,0,0,0,0,0.589482486,0.030249013,0.544667277,508,18.59011459,0.678268114,45.61551336,3,3.435779095,301.9921875,333.8068848,42.02273941,0
P873,2023,755977.2035,3815863.56,0,0,0,0,0,0,0,0,0,0,0.692590177,0.030958996,0.124178306,444,26.95793724,1.296799806,47.67780551,3,3.302772045,302.0446777,322.1991882,43.87841034,0
P874,2023,682837.2035,3800683.56,2.1004,56.7108,1.7143,1.7143,96.3855,46.7041,0.465,0.82197281,0.003780718,0,0.778786242,0.101408127,0,81,0.927957118,0,34.69285921,2,3.585689306,301.8622437,365.7758789,37.64413452,0
P875,2023,787027.2035,3865543.56,0,0,0,0,0,0,0,0,0,0,0.714742661,0.030398603,0.293699694,115,8.991555214,0,44.83272473,3,3.481600285,303.061554,321.599884,35.50745773,0
P876,2023,734587.2035,3812413.56,0,0,0,0,0,0,0,0,0,0,0.750472486,0.049899228,0.184755153,539,3.599221468,0,42.22560936,3,3.281889439,301.7917786,336.5094604,44.29678726,0
P877,2023,760117.2035,3811723.56,0,0,0,0,0,0,0,0,0,0,0.507548034,0.029761579,0.29690079,640,8.897224426,3.687655067,45.13574265,3,3.281717062,302.0384827,321.7596741,43.37206268,0
P878,2023,752527.2035,3838633.56,0,0,0,0,0,0,0,0,0,0,0.583202899,0.027407998,0.287808244,663,33.96927643,6.233321529,42.44106825,3,3.448480129,302.0299683,334.7458191,40.91880035,0
P879,2023,700777.2035,3842773.56,6.3012,6.3012,1.5,1,0,95.2315,0.035,0.007102286,0,0,0.631454825,0.057505287,0.762110504,1343,8.959527969,0.099711719,42.91608318,4,3.426956177,301.0058289,342.8841248,38.81721497,0
P880,2023,705607.2035,3830353.56,4.2008,73.724,2.1795,2.0683,93.512,31.4035,0.6048,0.692730945,0.016077012,0,0.876934886,0.150933814,0.000954139,89,0.91361469,0,32.37551413,2,3.298943758,300.575531,348.1403503,39.98115921,0
P881,2023,752527.2035,3855193.56,2.1004,4.4108,1.1667,1.1667,91.6667,91.4508,0.0862,0,0,0.019041982,0.536010563,0.045180765,0.499431169,736,115.3475113,4.663510411,41.71255182,6,3.550260067,302.598999,339.416748,37.35764313,0
P882,2023,662827.2035,3817933.56,2.1004,34.0265,1.4444,1.4444,97.897,72.2593,0.2231,0.942376174,0.001890359,0,0.833685935,0.041605347,0,60,0.483303607,0,31.35835061,2,3.777879477,301.2397461,361.7454529,46.03184509,0
P884,2023,736657.2035,3801373.56,4.2008,49.7795,1.6279,1.5313,96.8495,51.8906,0.4216,0.854605736,0.002409336,0,0.86552012,0.201392928,0,43,1.491072774,0,34.19437442,2,3.228206873,301.6399536,343.3419189,43.9890213,0
P885,2023,675261.0992,3845549.905,0,0,0,0,0,0,0,0,0,0,0.659074187,0.07803608,0.015980539,120,7.442944527,0,42.32509094,2,3.390160084,302.5212097,339.5783691,43.12537384,0
P886,2023,758737.2035,3853813.56,0,0,0,0,0,0,0,0,0,0,0.609538019,0.049439177,0.298895776,1306,83.20417786,0.685914682,40.05729026,4,3.546739817,302.6480408,339.7929077,37.56851196,0
P887,2023,662137.2035,3806893.56,0,0,0,0,0,0,0,0,0,0,0.694555879,0.009763081,0.017013233,450,0.926736772,0,43.95979387,2,3.736977577,300.5746155,357.5328369,44.91704559,0
P888,2023,771157.2035,3852433.56,0,0,0,0,0,0,0,0,0,0,0.560548663,0.0443081,0.694849628,540,47.04735184,10.65368906,42.28211384,4,3.541444302,302.7724915,334.6344299,37.69307709,0
P889,2023,677317.2035,3851743.56,0,0,0,0,0,0,0,0,0,0,0.660354316,0.10906951,0.013751491,403,13.31126595,0,40.20524565,2,3.429572344,302.5329285,330.5282898,43.4944191,0
P890,2023,702847.2035,3852433.56,0,0,0,0,0,0,0,0,0,0,0.680748641,0.057925047,0.492698443,508,4.927605152,0.055823597,44.12309724,3,3.462828159,302.4733582,328.9294128,38.18722916,0
P891,2023,702157.2035,3854503.56,12.6024,27.0951,2.5556,1.0614,51.7241,79.7201,0.1547,0.034485616,0,0,0.633007348,0.140024815,0.031946319,172,3.36803627,0,38.87805632,3,3.473208189,302.5848694,327.6122437,38.22280502,0
P892,2023,726997.2035,3810343.56,2.1004,3.7807,1,1,100,96.5955,0.0249,0.003780718,0,0,0.737301171,0.077861005,0.130333049,398,4.387362003,1.563814999,41.46599038,4,3.268221855,301.3573303,344.9250183,44.20311737,0
P893,2023,700777.2035,3844843.56,0,0,0,0,0,0,0,0,0,0,0.6518417,0.061433957,0.002784672,543,10.70488548,0,42.16831275,2,3.433463335,301.3469849,340.894165,38.60480118,0
P894,2023,743557.2035,3860713.56,0,0,0,0,0,0,0,0,0,0,0.517627716,0.041255474,0.920955249,1725,86.01725006,0.280895123,44.0058682,4,3.571624279,302.6329651,329.4405212,37.65935516,0
P895,2023,693877.2035,3838633.56,2.1004,74.3541,2.4146,2.4146,92.686,38.7965,0.5162,0.767782594,0.018903592,0,0.895216584,0.070301676,0,35,0.650805831,0,33.24431865,2,3.472965717,300.103241,345.8321838,39.85474396,0
P896,2023,747007.2035,3825523.56,0,0,0,0,0,0,0,0,0,0,0.554285228,0.03201212,0.730817314,1257,29.49764061,2.044649051,45.85886907,3,3.356359959,301.6409607,336.5081787,43.46659088,0
P897,2023,719407.2035,3845533.56,0,0,0,0,0,0,0,0,0,0,0.677801073,0.033384894,0.71470042,577,4.618943691,25.90348772,42.08439391,3,3.450424433,302.5162964,332.4875793,37.78694534,0
P898,2023,695257.2035,3839323.56,2.1004,26.465,1.3696,1.3696,98.2438,78.2427,0.173,0.959450052,0,0,0.889419258,0.088992583,0,36,0.651194513,0,33.02420938,2,3.460559845,300.0409546,346.4022522,39.47552109,0
P899,2023,675937.2035,3835873.56,0,0,0,0,0,0,0,0,0,0,0.747239649,0.037587004,0.396480438,522,5.128499985,0,45.17443386,3,3.563506126,302.7145691,358.8402405,44.03686905,0
P900,2023,693877.2035,3836563.56,2.1004,8.8217,1.1087,1.1087,99.498,90.6207,0.0784,0.981096408,0.005856626,0,0.882993639,0.060976842,0,57,0.542262197,0,31.65461653,2,3.479686975,299.7711487,345.3211365,39.99285507,0
P901,2023,687667.2035,3822073.56,2.1004,0,1,1,100,0,0,1,0,0,0.930404961,0.092735171,0,2,1.164828062,0,29.17993885,2,3.616149426,300.678009,365.9712524,40.39466095,0
P902,2023,690427.2035,3857953.56,8.4016,61.1216,2.5238,1.8629,83.7563,42.2278,0.5087,0,0,0.204576034,0.294918716,0.056097492,0.597787646,43,1.72719717,2.260129848,22.78370802,5,3.496907949,302.7732849,326.9323425,40.07002258,0
P904,2023,706987.2035,3815863.56,18.9036,68.0529,3.4706,1.3804,64.1026,51.8813,0.38,0.068923254,0.062024435,0,0.661974311,0.082024723,0.001890359,131,5.84381485,0,37.58891086,3,3.224256039,300.657074,346.1311951,39.88004684,0
P905,2023,699397.2035,3815173.56,2.1004,5.6711,1.25,1.25,75,94.3708,0.0445,0.00704246,0,0,0.718086243,0.043574953,0.04536862,439,3.877147675,0.212543061,41.90243398,3,3.374568701,300.7412109,355.1447754,36.93497849,0
P906,2023,694567.2035,3856573.56,2.1004,7.5614,1.4286,1.4286,76.9231,89.7315,0.0937,0,0,0.024151355,0.698408663,0.082452674,0.364643461,131,4.951467514,0,47.450211,4,3.488779068,302.6715698,327.3270874,39.07295227,0
P907,2023,691807.2035,3853813.56,0,0,0,0,0,0,0,0,0,0,0.631559491,0.056081462,0.342419122,815,19.88863564,19.10027522,43.20076084,3,3.478063107,302.409668,334.1162415,39.75850677,0
P908,2023,700777.2035,3805513.56,6.3012,8.8217,1.75,1,25,93.6108,0.0445,0,0.007561437,0,0.645744383,0.063317223,0.341710551,708,6.624287605,0.139530074,45.10097984,4,3.373405218,301.0284729,353.8429565,37.27843857,0
P909,2023,721477.2035,3841393.56,0,0,0,0,0,0,0,0,0,0,0.750445604,0.032929467,0.165219528,609,8.80810833,1.41611053,40.27787461,3,3.430298328,302.1557922,333.198761,39.08830261,0
P910,2023,755287.2035,3835183.56,0,0,0,0,0,0,0,0,0,0,0.626751304,0.032090367,0.161928021,256,25.5898819,0.064305812,46.42847637,3,3.427135229,301.9493408,334.3041382,41.81830215,0
P911,2023,689737.2035,3810343.56,2.1004,1.2602,1,1,0,98.4448,0.0137,0.001371382,0,0,0.681141853,0.034108021,0.387206775,519,1.967636704,1.773160898,41.03166784,4,3.56469059,301.8151855,370.8335266,37.27769852,0
P912,2023,705607.2035,3868303.56,2.1004,24.5747,1.1905,1.1905,99.0148,53.4845,0.4903,0,0,0.821248485,0.326820821,0.073850633,0.044789817,14,0.562639236,-18.34490319,23.29756508,3,3.515477419,302.7214355,330.1230469,38.88906479,0
P913,2023,753907.2035,3857953.56,0,0,0,0,0,0,0,0,0,0,0.577825248,0.038804888,0.681594469,1007,85.75024414,3.07137615,42.14788495,4,3.568058014,302.7014771,336.3542175,36.90549088,0
P914,2023,753217.2035,3827593.56,8.4016,12.6024,2,1,28.5714,91.1593,0.0621,0.007561437,0,0.003780718,0.770984828,0.031295362,0.165604161,396,3.496353626,0.70918129,44.52774752,3,3.372202396,301.7835693,338.137207,43.09597778,0
P915,2023,731137.2035,3809653.56,6.3012,6.3012,1.5,1,0,95.2315,0.035,0.006106239,0,0,0.761317194,0.095573317,0,347,1.629405379,0,38.13191705,2,3.267780781,301.4920044,341.6671448,44.25570679,0
P916,2023,753217.2035,3836563.56,0,0,0,0,0,0,0,0,0,0,0.739985168,0.038640347,0.361041696,267,23.94813538,0,39.98900467,3,3.435559988,301.9708557,333.8652954,41.43615723,0
P917,2023,679387.2035,3800683.56,8.4016,67.4228,2.2778,1.7694,92.2034,27.024,0.6762,0.50041069,0.077468889,0,0.775932848,0.055518001,0,136,0.726695657,0,36.50638348,2,3.615232229,302.0186768,363.5727844,38.36627197,0
P918,2023,659377.2035,3808963.56,0,0,0,0,0,0,0,0,0,0,0.735212922,0.011780836,0.031988226,390,1.137338638,2.68064682,42.7943511,2,3.769030094,300.3716125,356.5599365,46.3010025,0
P919,2023,741487.2035,3864163.56,0,0,0,0,0,0,0,0,0,0,0.562500596,0.034365612,0.499018164,888,81.50012207,5.418277596,43.4586601,4,3.584668398,302.6401367,325.9259949,37.91748047,0
P920,2023,705607.2035,3855193.56,0,0,0,0,0,0,0,0,0,0,0.621018887,0.144577051,0.27670356,1443,50.58930206,0,40.35284649,3,3.473419905,302.7795715,325.2229004,37.96101761,0
P921,2023,680077.2035,3830353.56,2.1004,2.5205,1,1,0,97.9788,0.0137,0.001890359,0,0,0.741605282,0.06885739,0.019839812,179,1.008606315,2.106313966,39.64911367,2,3.635208368,301.5641479,360.6029968,43.42026138,0
P922,2023,704917.2035,3821383.56,0,0,0,0,0,0,0,0,0,0,0.73573333,0.027211108,0.555611452,711,3.08831048,0,43.79473906,3,3.260794163,300.6075745,346.7217712,39.67396545,0
P923,2023,738037.2035,3813793.56,2.1004,2.5205,1,1,0,97.9788,0.0137,0.001890359,0,0,0.733749509,0.080137782,0.10231109,299,2.514440775,2.493632588,42.85132199,3,3.289017677,301.9564819,330.283783,44.25720215,0
P924,2023,788406.5748,3837942.937,2.1044,5.0505,1,1,100,94.5448,0.0445,0,0,0.007575747,0.660242796,0.04726397,0.066287783,322,0.621742785,100,42.80215904,3,3.337822199,302.1352539,342.3164063,42.7934494,0
P925,2023,709747.2035,3819313.56,4.2008,3.7807,1.3333,1,0,96.7501,0.0249,0.004472577,0,0,0.713387489,0.047938302,0.028814539,307,2.980742455,1.40420931,42.12610544,3,3.242455244,300.6217957,345.3605042,41.07863235,0
P926,2023,717337.2035,3844153.56,0,0,0,0,0,0,0,0,0,0,0.690279961,0.061657786,0.116974812,245,3.283754826,4.811579008,38.41011102,2,3.437687159,302.3710022,332.7073975,38.11234283,0
P927,2023,704227.2035,3848293.56,6.3012,21.4241,2,1.11,70.9677,80.4149,0.1609,0.039364114,0,0,0.701639771,0.102556818,0.01564185,273,11.37240028,0,37.50085495,3,3.441672564,302.3828735,329.6709595,38.12267303,0
P928,2023,711127.2035,3837253.56,8.4016,30.2457,2.6,1.3913,55.5556,76.924,0.1788,0.043908171,0,0,0.698278546,0.063582114,0.016701961,103,1.334917784,31.53673504,39.76148494,2,3.374311686,301.257019,341.2020874,39.80228806,0
P929,2023,778057.2035,3825523.56,0,0,0,0,0,0,0,0,0,0,0.773716807,0.044781317,0.02050243,221,0.650805831,0,48.35198104,2,3.336125851,301.5983887,328.2667542,46.00875473,0
P930,2023,664207.2035,3801373.56,4.2008,65.5325,2.3226,2.1192,90.2613,26.9694,0.6825,0.416740864,0.023764172,0,0.793177783,0.0514411,0,99,0.795498729,0,35.5362336,2,3.672065735,300.9399414,356.4211731,43.17760086,0
P931,2023,686977.2035,3815863.56,0,0,0,0,0,0,0,0,0,0,0.426977217,0.021405359,1,4902,74.31008911,0,44.79592942,4,3.626255989,301.6959229,373.1335449,39.03663635,0
P932,2023,735967.2035,3818623.56,6.3012,42.218,2.7692,1.8945,66.6667,66.2289,0.2726,0.009785224,0,0.068070848,0.644884467,0.055249482,0.112372274,586,7.824623585,1.34571339,37.72040205,4,3.314313412,301.7561951,333.6130981,44.00774002,0
P933,2023,718717.2035,3823453.56,0,0,0,0,0,0,0,0,0,0,0.464256108,0.037031156,0.786073904,2509,65.49784088,0.367110758,42.9564348,4,3.293333769,300.5250854,345.9013672,43.17173004,0
P934,2023,700087.2035,3830353.56,6.3012,78.1348,2.425,2.0431,92.1053,31.5287,0.5927,0.646444023,0.078500772,0,0.91281271,0.039987951,0,71,0.650805831,0,31.73093649,2,3.388561487,300.105835,351.1907043,39.12491989,0
P935,2023,719407.2035,3833113.56,10.502,36.5469,2.5833,1.3005,66.0714,70.3636,0.2386,0.055279567,0.007561437,0,0.588455915,0.064453767,0.111579695,99,11.74951172,0.085879047,37.52089929,4,3.367429733,301.2815857,337.6176147,41.26020813,0
P936,2023,739417.2035,3812413.56,0,0,0,0,0,0,0,0,0,0,0.776054561,0.025455495,0.001890359,295,18.92831612,100,44.46158904,3,3.282908678,301.9703369,329.9017029,44.16296768,0
P937,2023,735967.2035,3821383.56,0,0,0,0,0,0,0,0,0,0,0.743050575,0.033337567,0.428877479,829,9.973074913,0.446615902,39.4966966,3,3.329402447,301.6286621,334.4627075,43.79362869,0
P938,2023,704917.2035,3857263.56,0,0,0,0,0,0,0,0,0,0,0.681146204,0.104840862,0.472886076,1309,41.80864334,1.08818918,42.24683984,3,3.483748674,302.8242188,324.758728,37.99782944,0
P939,2023,753907.2035,3833803.56,0,0,0,0,0,0,0,0,0,0,0.628810704,0.030971783,0.507129983,320,21.37318039,1.876602586,41.57210536,3,3.416442394,301.9133301,334.9985962,41.99070358,0
P940,2023,780817.2035,3840703.56,0,0,0,0,0,0,0,0,0,0,0.575769544,0.039477213,0.356244119,395,1.234987974,0.886656784,41.89335808,3,3.419373989,302.2832336,329.819519,41.70947266,0
P941,2023,754597.2035,3807583.56,0,0,0,0,0,0,0,0,0,0,0.701819062,0.03061842,1,1668,22.67206573,0,45.70161239,4,3.264365673,302.2836609,329.4144287,42.53158188,0
P942,2023,744937.2035,3836563.56,0,0,0,0,0,0,0,0,0,0,0.55504787,0.027820252,0.903197415,1429,79.07561493,0.08407045,44.16497007,4,3.431195974,301.7033386,335.8426819,41.61658096,0
P943,2023,748387.2035,3842773.56,2.1004,1.8904,1,1,0,98.2058,0.0137,0,0.00141329,0,0.426314414,0.035906393,0.99858671,3191,88.20017242,0,47.37455464,5,3.470686436,302.0868835,338.336792,39.96756363,0
P944,2023,727564.1515,3802972.772,0,0,0,0,0,0,0,0.827136734,0,0,0,0.069316189,0,0,0,0,32.78792549,1,3.245275974,300.9129028,347.0177307,44.23484039,0
P945,2023,689047.2035,3815173.56,2.1004,46.6289,1.7297,1.7297,95.6381,33.3893,0.664,0.60102386,0,0,0.795868516,0.068066333,0.038457134,604,53.32795715,0,36.64155743,5,3.591642141,301.7385864,371.7417908,38.19909286,0
P946,2023,762877.2035,3820693.56,0,0,0,0,0,0,0,0,0,0,0.716022789,0.030140739,0.364600209,690,8.551501274,2.136908227,46.6046382,3,3.331270456,301.7698364,325.6967773,44.18164825,0
P947,2023,747007.2035,3852433.56,0,0,0,0,0,0,0,0,0,0,0.500889659,0.082527221,1,4243,92.58708191,0,44.52638392,4,3.52755928,302.4360046,338.2326965,38.13825607,0
P948,2023,787027.2035,3868303.56,2.1004,25.2048,1.6667,1.6667,92.6702,52.4731,0.5009,0,0,0.18800644,0.716860592,0.03524096,0.011634689,51,7.144146442,0,39.29485397,3,3.493690729,303.1136169,320.5638733,35.03647995,0
P949,2023,722857.2035,3808963.56,12.6024,75.6144,3.0833,2.2828,80,33.7748,0.572,0.255298876,0,0,0.758462369,0.073699102,0.001890359,172,1.215801477,0,36.7285173,2,3.264162064,301.0464172,346.2827148,43.85798645,0
P950,2023,769087.2035,3838633.56,0,0,0,0,0,0,0,0,0,0,0.711878061,0.043341639,0.291074417,361,3.178230524,1.172474808,47.02338321,3,3.459665775,302.1655579,341.4631958,41.82860184,0
P952,2023,755287.2035,3804823.56,2.1004,17.0132,1.75,1.75,75,83.645,0.1356,0,0,0.030245747,0.749042571,0.037469204,0.070291742,379,3.029024839,6.473097096,44.79767475,3,3.251366377,302.3320313,331.4344177,42.06105804,0
P953,2023,710437.2035,3850363.56,0,0,0,0,0,0,0,0,0,0,0.60632056,0.033090061,0.430032239,907,15.8139801,0.273533178,43.95847706,3,3.459643602,302.7460632,329.3971252,37.45931244,0
P954,2023,767707.2035,3831733.56,0,0,0,0,0,0,0,0,0,0,0.675935686,0.02199404,0.382183622,782,3.314498901,2.189134338,47.19303926,3,3.406728745,301.8910217,332.7472229,43.39244461,0
P955,2023,702157.2035,3809653.56,2.1004,2.5205,1,1,0,97.9788,0.0137,0.001890359,0,0,0.632432461,0.035372183,0.53118515,829,19.70077515,6.609214704,43.12980857,4,3.332683802,300.9036865,352.5767822,37.77636337,0
P956,2023,751837.2035,3844843.56,0,0,0,0,0,0,0,0,0,0,0.472916275,0.040744653,0.973505731,2434,83.6805954,0,45.07735912,4,3.48587966,302.2547913,341.0367432,39.27795029,0
P957,2023,669046.1854,3851084.603,2.31,3.465,1,1,100,96.514,0.0269,0.003640354,0,0,0,0.078593953,0.031483632,173,1.082580447,39.10532123,45.15734117,3,3.351827621,301.9007874,331.818634,43.9405365,0
P958,2023,750457.2035,3821383.56,0,0,0,0,0,0,0,0,0,0,0.683192074,0.024708569,0.232769862,508,4.662043095,3.92446073,46.89094592,3,3.333941698,301.9067993,331.9627991,43.55259323,0
P959,2023,682147.2035,3857953.56,0,0,0,0,0,0,0,0,0,0,0.810996175,0.061251777,0.538085506,50,0.935963154,0,42.02029067,3,3.486555338,302.4638672,326.5332031,42.60274887,0
P960,2023,718027.2035,3820003.56,0,0,0,0,0,0,0,0,0,0,0.647956192,0.042217135,0.214950895,616,15.18600559,0.258497577,41.42862712,3,3.277894735,300.716095,345.2258301,43.21238327,0
P961,2023,726997.2035,3836563.56,8.4016,42.8481,2.5,1.3146,75,63.0185,0.3086,0.093665553,0,0,0.790161192,0.075697783,0.07554847,284,3.676191092,16.31629891,36.1011296,3,3.4147017,301.7558289,333.3656921,40.82739258,0
P962,2023,713887.2035,3852433.56,0,0,0,0,0,0,0,0,0,0,0.653633237,0.047128389,0.270326125,953,50.03913116,3.374963752,43.87626968,3,3.476588964,302.887085,331.9246521,37.00331497,0
P963,2023,702157.2035,3830353.56,10.502,93.8878,2.6757,1.8459,90.1743,22.8102,0.6582,0.619345949,0.010865086,0,0.82961899,0.027551077,0,188,0.650805831,0,31.35015558,2,3.355091572,300.2833252,350.081665,39.44289017,0
P964,2023,747007.2035,3861403.56,2.1004,32.7662,2,2,80.5556,67.5693,0.2819,0,0,0.079293352,0.584721863,0.034931508,0.68744705,1701,79.97454071,0.692857399,39.71178115,6,3.580428362,302.6838379,332.3547058,37.19231796,0
P965,2023,669727.2035,3806893.56,0,0,0,0,0,0,0,0,0,0,0.702566445,0.016615412,0.1561647,560,0.842544019,1.150921279,41.76808285,2,3.719328403,301.1986389,359.3034668,42.20286179,0
P966,2023,752527.2035,3833113.56,0,0,0,0,0,0,0,0,0,0,0.503641963,0.037526701,0.722045529,877,23.22019577,0.199358874,42.77538341,3,3.410788059,301.8977356,335.6441956,42.0313797,0
P967,2023,771157.2035,3826213.56,0,0,0,0,0,0,0,0,0,0,0.786440551,0.028259639,0.019362743,212,1.37451303,4.852666438,48.82509216,2,3.362866402,301.7058105,325.3036499,44.93777466,0
P968,2023,735277.2035,3828283.56,2.1004,1.2602,1,1,0,98.4448,0.0137,0.00301738,0,0,0.734070599,0.059464815,0.113152186,394,2.296309948,2.639135283,37.48091826,3,3.369908333,301.4701233,335.2617188,42.95582962,0
P969,2023,718717.2035,3851053.56,0,0,0,0,0,0,0,0,0,0,0.491840899,0.031881271,0.977649118,2479,65.74342346,1.39954165,44.02541191,4,3.479010105,302.837738,332.8320007,37.027565,0
P970,2023,728377.2035,3844843.56,0,0,0,0,0,0,0,0,0,0,0.622824073,0.037783719,0.655052903,1159,55.68790054,1.466411385,42.85671368,4,3.462109566,302.3587646,332.4779968,38.66469574,0
P971,2023,669727.3274,3851053.689,2.1004,2.5205,1,1,0,97.9788,0.0137,0.001891069,0,0,0.668228567,0.112937372,0.063341855,192,1.133023977,1.967518848,42.44861632,3,3.35784936,301.9551086,331.7845154,43.8965683,0
P972,2023,675937.2035,3797923.56,6.3012,8.1916,1.75,1,25,93.7814,0.0445,0.005671078,0.002409336,0,0.717202187,0.029909911,0.090032714,260,0.616878629,0.42893321,40.08591685,3,3.598780632,301.5765076,358.8592529,39.01484299,0
P973,2023,678007.2035,3808273.56,0,0,0,0,0,0,0,0,0,0,0.722596824,0.023302037,0,106,0.948384464,0,40.71570695,2,3.693499565,301.8469238,371.6415405,40.41989899,0
P974,2023,700777.2035,3845533.56,6.3012,17.0132,2.3333,1.4583,20,88.8294,0.0784,0.015122873,0,0,0.677942395,0.075079598,0.092544604,207,10.69695377,24.57529314,39.98361143,3,3.435669184,301.4608459,340.2190857,38.53359604,0
P975,2023,694567.2035,3852433.56,6.3012,10.712,1.8,1.1333,20,92.4205,0.0535,0.008932819,0,0,0.723815441,0.115471713,0.003780718,97,3.618889332,0,37.36453236,3,3.470627785,302.0792847,336.4208069,39.09580231,0
P976,2023,735967.2035,3832423.56,2.1004,3.1506,1,1,100,94.4653,0.0535,0.008408591,0,0,0.718579412,0.064998952,0.154341582,539,4.508695126,0.738789404,37.60532401,4,3.398023129,301.5605164,334.2608032,42.17651749,0
P977,2023,730447.2035,3826213.56,0,0,0,0,0,0,0,0.001431208,0,0,0.656273365,0.022634323,0.423025043,815,6.086855412,1.913389812,39.72669444,3,3.348116159,301.1611328,337.7791138,43.25766373,0
P978,2023,736657.2035,3864163.56,0,0,0,0,0,0,0,0,0,0,0.615254879,0.041124169,0.148555237,728,73.75668335,16.91529248,39.34513379,3,3.573862791,302.6791382,326.817688,38.03674698,0
P979,2023,766327.2035,3837943.56,0,0,0,0,0,0,0,0,0,0,0.659743845,0.029329998,0.427004025,267,5.849692345,1.445985687,47.12527858,3,3.453659296,302.1125488,339.1596069,41.89242554,0
P980,2023,761497.2035,3806893.56,0,0,0,0,0,0,0,0,0,0,0.713864923,0.037277958,0.358496134,420,1.752440691,1.808366163,45.9054086,3,3.257000923,302.1298218,324.1867065,42.46992111,0
P981,2023,704227.2035,3853123.56,4.2008,13.8626,1.7143,1.4091,66.6667,87.3597,0.1011,0.020793951,0,0,0.691134989,0.086176223,0.09009254,249,8.450014114,0.428642272,38.56023599,3,3.464620829,302.6252441,326.9386597,38.08364487,0
P982,2023,678007.2035,3812413.56,12.6024,64.9023,2.9545,1.7119,78.7129,40.7021,0.5162,0,0.208915804,0,0.509709537,0.029145444,0.029005339,226,1.510821939,7.052295529,42.65133759,3,3.730388403,301.540741,377.2210388,41.51387787,0
P983,2023,769087.2035,3842773.56,0,0,0,0,0,0,0,0,0,0,0.475628018,0.036135388,0.994805992,1316,28.88588524,0,48.70210067,3,3.487536669,302.3485718,340.2746277,40.52148438,0
P985,2023,675937.2035,3811723.56,6.3012,11.3422,1.5,1,62.5,90.6399,0.0704,0,0.013232514,0,0.534569561,0.028197818,0.164981238,292,1.474639058,23.91401322,42.01077634,3,3.734921932,301.4107056,373.8329163,41.8217392,0
P986,2023,775297.2035,3825523.56,0,0,0,0,0,0,0,0,0,0,0.841322243,0.041368807,0.059882105,182,0.650805831,0.651940769,50.76969589,2,3.345077038,301.6392517,327.3997192,45.5925827,0
P987,2023,670417.2035,3839323.56,0,0,0,0,0,0,0,0,0,0,0.502448201,0.057222318,0.902776946,5939,14.02068996,0,47.01372178,3,3.466081858,302.420166,353.5732727,44.06217575,0
P988,2023,765637.2035,3822763.56,0,0,0,0,0,0,0,0,0,0,0.602728724,0.025701657,0.159746335,515,5.509037972,3.158970091,47.52352409,3,3.343521118,301.7179871,327.8552856,44.45110703,0
P989,2023,760117.2035,3829663.56,0,0,0,0,0,0,0,0,0,0,0.456436008,0.028065462,0.992438563,1691,87.50550842,0.038167939,46.16731871,4,3.389346361,301.7818909,333.2202759,43.18190765,0
P990,2023,705607.2035,3809653.56,4.2008,13.2325,1.8333,1.2222,58.3333,88.8061,0.0862,0,0.017013233,0,0.710477829,0.044895449,0.007561437,207,4.796593666,0,40.83344239,3,3.267327785,300.9130554,349.7866821,39.04690933,0
P991,2023,731137.2035,3853813.56,0,0,0,0,0,0,0,0,0,0,0.477473229,0.037480607,0.953087116,4150,83.60638428,0.668053413,47.54626742,4,3.513782024,302.6636658,331.3836365,37.82918549,0
P992,2023,720097.2035,3830353.56,8.4016,71.2035,2.92,1.8301,82.7957,32.3898,0.5997,0.279107645,0.017013233,0,0.705057561,0.097394208,0.001890359,127,9.458159447,0,35.85592842,3,3.347561836,300.9982605,340.2050476,41.96179199,0
P993,2023,782887.2035,3863473.56,0,0,0,0,0,0,0,0,0,0,0.708448172,0.045779932,0.173943104,139,6.67758894,0,42.59877046,3,3.514644861,303.1124878,326.1011047,35.42974091,0
P994,2023,675937.2035,3840703.56,0,0,0,0,0,0,0,0,0,0,0.694396555,0.086942214,0.330970224,714,16.22954941,0.587947379,44.05978278,3,3.480272532,302.6500854,349.0445862,43.56910706,0
P995,2023,731827.2035,3820693.56,0,0,0,0,0,0,0,0,0,0,0.759712279,0.021324617,0.189035917,836,2.801135063,0.202020202,41.84305144,3,3.320976257,301.504425,337.5962524,43.79552078,0
P996,2023,698707.2035,3797923.56,14.7028,44.1084,3.1429,1.2555,63.4146,63.082,0.3042,0.085340778,0.006649206,0,0.773710668,0.062477457,0.020316881,127,0.799686551,2.051780729,38.6810492,2,3.413315296,300.9579163,352.8339233,37.14944077,0
P997,2023,667068.5383,3839327.237,0,0,0,0,0,0,0,0,0,0,0,0.042063351,0.31026769,1150,7.487685204,13.17213192,44.52766414,2,3.439183474,302.3536682,350.4753113,44.17420959,0
P998,2023,782887.2035,3868993.56,2.1004,3.7807,1,1,100,94.2378,0.0535,0,0,0.009714076,0.769983232,0.032207958,0.001890359,17,2.395494699,-3.095035623,47.97958484,2,3.537148476,303.2442017,322.9241333,34.36061096,0
P999,2023,742867.2035,3858643.56,0,0,0,0,0,0,0,0,0,0,0.51087141,0.045243473,0.929102572,2254,88.49445343,0.392118384,43.2199384,4,3.559820414,302.590332,330.0990295,37.81861115,0
P1000,2023,662827.2035,3807583.56,0,0,0,0,0,0,0,0,0,0,0.701815486,0.014103631,0.152050553,455,0.903553903,0.977382035,42.39138107,2,3.742830992,300.6203308,357.8132019,44.79460907,0
P1001,2023,724237.2035,3848293.56,0,0,0,0,0,0,0,0,0,0,0.606251955,0.037686569,0.807112217,1262,51.66889191,4.513481507,42.71245299,4,3.474542141,302.7234802,332.4327698,37.30545425,0
P1002,2023,669727.2035,3838633.56,0,0,0,0,0,0,0,0,0,0,0.572220266,0.047301261,0.986016814,5974,12.61540031,0.056643225,47.0033833,4,3.475913763,302.4404907,355.0444641,44.20027161,0
P1003,2023,787027.2035,3837943.56,0,0,0,0,0,0,0,0,0,0,0.686283886,0.049759359,0.301900821,341,0.672473848,1.01664133,43.02179284,3,3.349451065,302.1391602,340.3016968,42.77155304,0
P1004,2023,697327.2035,3847603.56,18.9036,59.8614,4,1.7426,41.791,63.6984,0.2679,0.036250252,0.035898906,0,0.721488893,0.085705238,0.007603344,138,2.075302601,6.617763338,38.56727055,2,3.447434902,301.2213135,345.7802124,38.5913353,0
P1005,2023,702157.2035,3840013.56,6.3012,11.3422,1.8,1,42.8571,91.3993,0.0621,0.011342155,0,0,0.649125159,0.106284419,0.112357249,419,0.971038759,0,38.61553632,3,3.407946825,300.750885,344.9821167,39.10432434,0
P1006,2023,736657.2035,3818623.56,2.1004,12.6024,1.3333,1.3333,90.3226,82.8491,0.1609,0,0,0.035898906,0.681461632,0.030135888,0.637684085,1380,10.90061951,0.059464543,43.08574315,5,3.314471006,301.7696533,332.8733521,44.01021957,0
P1007,2023,776677.2035,3835183.56,2.1004,2.5205,1,1,0,97.9788,0.0137,0,0,0.001890359,0.606025755,0.047525243,0.426297093,259,0.680688977,1.124063011,43.90543283,4,3.407122374,302.0263672,331.417511,43.2978363,0
P1008,2023,756667.2035,3846223.56,0,0,0,0,0,0,0,0,0,0,0.470626682,0.048845786,0.987703706,1355,68.45475769,0.150738362,46.54901786,4,3.499149799,302.366394,343.6448059,39.11423111,0
P1009,2023,681457.2035,3855883.56,2.1004,3.7807,1,1,100,96.5955,0.0249,0.004299695,0,0,0.750732005,0.125632392,0.122975079,126,3.332958937,0,41.27166367,3,3.473129511,302.4856567,328.5530701,42.73193741,0
P1010,2023,761497.2035,3826903.56,0,0,0,0,0,0,0,0,0,0,0.39392066,0.025741104,0.922739636,1669,78.00141144,0.417350242,46.32379687,4,3.369218588,301.6789856,331.8849182,43.82188034,0
P1011,2023,725617.2035,3852433.56,0,0,0,0,0,0,0,0,0,0,0.745198905,0.040456583,0.386738954,675,59.23668289,0,40.84628815,4,3.498240232,302.8085938,333.2958069,37.27333069,0
P1012,2023,676627.2035,3840703.56,0,0,0,0,0,0,0,0,0,0,0.732188284,0.067385731,0.524785263,1249,17.6628933,0.072303599,43.05123399,3,3.485582113,302.6897888,348.8002014,43.52965164,0
P1013,2023,714577.2035,3849673.56,0,0,0,0,0,0,0,0,0,0,0.583671987,0.035781124,0.907022399,1194,17.25896263,0.463341187,45.01691701,3,3.464777708,302.793335,332.0986023,37.01031876,0
P1014,2023,708367.2035,3831043.56,12.6024,112.7914,2.8718,2.2711,89.4964,23.1753,0.6161,0.580150478,0.11667804,0,0.811652958,0.087906482,0,56,1.671438694,0,34.07146294,3,3.307172298,300.6920776,346.6016846,40.40236282,0
P1015,2023,719407.2035,3825523.56,8.4016,37.1771,2.6154,1.7117,65.5738,68.9341,0.2535,0.041056258,0.02438912,0,0.599667311,0.06099871,0.47033961,1201,82.05954742,1.46060361,40.04408042,6,3.304956913,300.4342651,345.6589355,43.11251068,0
P1016,2023,712507.2035,3846913.56,0,0,0,0,0,0,0,0,0,0,0.699818015,0.042499767,0.048636432,270,2.357232571,0.598558128,43.38240769,2,3.44610405,302.6112061,331.0566711,37.44029999,0
P1017,2023,754597.2035,3820693.56,0,0,0,0,0,0,0,0,0,0,0.590909064,0.03054591,0.857782317,1336,49.09663391,0,40.64711723,4,3.330821514,301.9233398,329.7984619,43.63802719,0
P1018,2023,734587.2035,3820003.56,2.1004,3.7807,1,1,100,96.5955,0.0249,0.003780718,0,0,0.619476557,0.033345589,0.157263825,470,4.168757916,3.28135907,40.5038462,4,3.321493149,301.6679993,335.242218,43.89125824,0
P1019,2023,676627.2035,3802753.56,0,0,0,0,0,0,0,0,0,0,0.730682969,0.032914438,0.092387476,231,0.864274204,0.417772243,39.79603672,2,3.649945021,302.1252441,362.3183289,39.34968948,0
P1020,2023,756667.2035,3856573.56,6.3012,22.6843,1.8182,1.3333,81.6327,75.385,0.2178,0,0,0.057664914,0.490424275,0.047700934,0.716226084,1198,85.92345428,2.599044377,41.07187518,6,3.561499357,302.7010193,336.6526794,37.08151627,0
P1021,2023,700087.2035,3857263.56,0,0,0,0,0,0,0,0,0,0,0.678012908,0.07599946,0.289452409,307,3.220799446,0.815658887,41.95617733,3,3.487803698,302.7976074,324.8807068,38.35997391,0
P1022,2023,782197.2035,3833803.56,0,0,0,0,0,0,0,0,0,0,0.615590751,0.040518748,0.396425375,161,0.511167347,5.153429296,42.71745084,3,3.364433765,301.9351196,331.1007996,44.05387497,0
P1023,2023,681457.2035,3802063.56,2.1004,10.0819,1.6,1.6,57.1429,91.678,0.0621,0.011342155,0,0,0.719399333,0.031578458,0.05771106,244,0.935908854,0,41.63544301,3,3.611253262,302.1640015,366.237793,37.99199677,0
P1024,2023,695257.2035,3812413.56,2.1004,6.3012,1,1,100,93.4251,0.0535,0.009451796,0,0,0.691204131,0.04040468,0.211678319,207,7.170219898,0.550570694,38.39650589,4,3.462567568,301.1243286,361.0823364,36.32688904,0
P1026,2023,721477.2035,3862093.56,0,0,0,0,0,0,0,0,0,0,0.675714254,0.040160143,0.097542754,324,7.569365501,100,47.19016034,2,3.535121918,302.8763733,332.7148438,37.31284332,0
P1027,2023,691117.2035,3813793.56,2.1004,5.041,1,1,100,95.3548,0.035,0.005671078,0,0,0.568944812,0.027832183,0.644425915,1390,14.36523533,0.103058313,41.92056805,5,3.548920155,301.6811523,369.2392578,37.33888245,0
P1028,2023,787027.2035,3840703.56,0,0,0,0,0,0,0,0,0,0,0.610431254,0.04126131,0.230303057,250,0.722209215,2.812925674,41.27714391,3,3.364739895,302.2668762,337.7501526,41.79463577,0
P1029,2023,722167.2035,3822763.56,0,0,0,0,0,0,0,0,0,0,0.608325005,0.031677786,0.669027944,1448,16.35319901,0.301285969,43.07641498,3,3.305877686,300.7579041,343.9148865,43.37831497,0
P1030,2023,777367.2035,3846913.56,0,0,0,0,0,0,0,0,0,0,0.283270657,0.069336835,1,2360,53.12776566,0.267939055,44.32080822,3,3.482885122,302.5688171,328.1113281,39.42262268,0
P1031,2023,750457.2035,3828973.56,0,0,0,0,0,0,0,0,0,0,0.59499687,0.035576485,0.348936009,645,7.596197605,6.58404417,42.25192907,3,3.380907536,301.7706299,337.7437744,42.80692673,0
P1032,2023,659451.7688,3817259.184,0,0,0,0,0,0,0,0.15921662,0.139870203,0,0.801082492,0.052061553,0,74,0.464450061,0,36.02435748,2,3.789864063,300.983429,357.7417908,47.02516556,0
P1033,2023,720787.2035,3822763.56,0,0,0,0,0,0,0,0,0.000518977,0,0.59229064,0.029941188,0.793061596,1668,24.80918503,0.402404246,42.5556711,3,3.29984808,300.6832886,344.637085,43.30272675,0
P1034,2023,696637.2035,3839323.56,21.004,106.4902,3.5806,1.9689,81.0875,18.3242,0.6831,0.425135968,0.016578071,0,0.884443104,0.06806288,0.093331112,99,0.674512386,2.76675187,35.21936133,3,3.450285912,299.8685913,346.8016663,39.14234543,0
P1035,2023,709057.2035,3844843.56,4.2008,68.683,2.5152,2.2824,89.858,25.3512,0.6931,0.511145767,0,0,0.841385722,0.098678152,0.081099895,91,3.016615152,0,34.73153583,4,3.423748016,302.2435608,332.6210022,38.18479156,0
P1036,2023,778057.2035,3871063.56,2.1004,51.0397,1.7188,1.7188,95.1883,29.9364,0.6925,0,0,0.471861084,0.631691754,0.013483299,0.251657073,18,0.703412294,0,34.61024299,4,3.590959072,303.4346313,324.3847656,33.28757095,0
P1037,2023,708367.2035,3826213.56,0,0,0,0,0,0,0,0,0,0,0.693391323,0.025254757,0.102102565,1086,11.51668644,0.769049499,44.50504382,3,3.259739161,300.5607605,345.1756287,40.89582062,0
P1038,2023,724927.2035,3811033.56,4.2008,7.5614,1.5,1.2222,0,94.8585,0.035,0.006190054,0,0,0.718873858,0.095441307,0.095332694,337,2.197317839,43.42785536,41.27202619,3,3.268568039,301.3279724,346.6384277,44.17396164,0
P1039,2023,750457.2035,3815173.56,0,0,0,0,0,0,0,0,0,0,0.702049732,0.05054731,0.502071187,253,49.08780289,1.197147638,40.44798472,4,3.298345566,302.1512146,322.9732056,43.85884857,0
P1040,2023,775987.2035,3820693.56,0,0,0,0,0,0,0,0,0,0,0.75992775,0.049043963,0.291606881,548,0.650315285,2.273822299,46.83589377,3,3.313555241,301.5444641,329.2953491,46.16654205,0
P1041,2023,780817.2035,3831043.56,0,0,0,0,0,0,0,0,0,0,0.624555945,0.033110533,0.105007708,76,0.568152368,3.02891747,45.56208533,2,3.35753727,301.8019409,329.3666077,44.87654114,0
P1042,2023,758047.2035,3822073.56,0,0,0,0,0,0,0,0,0,0,0.537684679,0.026117614,0.943956081,1448,51.06689072,0.202284698,45.60031774,4,3.339321136,301.8180237,329.0628357,43.78380966,0
P1043,2023,778747.2035,3841393.56,0,0,0,0,0,0,0,0,0,0,0.574441373,0.035224635,0.438149454,509,4.923995972,34.21586879,41.40659054,3,3.440194368,302.3183899,328.2384338,41.41908646,0
P1044,2023,697327.2035,3802753.56,8.4016,166.9817,5,4.3028,72.3831,8.9453,0.6889,0.129633775,0.327051067,0,0.718404055,0.066509034,0.064749281,119,3.043732882,1.240218947,39.10278332,3,3.432097673,301.0054016,355.0325623,36.23849487,0
P1045,2023,686977.2035,3802063.56,6.3012,30.8759,1.75,1.5797,93.8235,39.5521,0.6461,0.356816326,0,0,0.890810966,0.089501841,0,195,1.167679429,0,37.63852488,2,3.560994148,301.8076172,369.5754395,36.73459625,0
P1046,2023,673867.2035,3813103.56,8.4016,73.724,1.975,1.7262,94.6429,32.8145,0.5873,0.717245788,0.007561437,0,0.835193753,0.098470767,0,70,1.943471432,0,33.66263919,3,3.758517981,301.1316528,373.3363953,42.64987564,0
P1047,2023,719407.2035,3841393.56,0,0,0,0,0,0,0,0,0,0,0.7553792,0.072567069,0.07727727,214,7.604904652,2.443631451,38.28249101,2,3.425180197,302.1246643,333.2132263,39.00127029,0
P1048,2023,763567.2035,3855193.56,0,0,0,0,0,0,0,0,0,0,0.570916951,0.045258592,0.781940007,945,84.2636795,0.170437745,43.29038727,4,3.558187723,302.7695007,336.6528015,37.18320465,0
P1049,2023,721477.2035,3811723.56,0,0,0,0,0,0,0,0,0,0,0.62972194,0.052964801,0.692009026,1445,2.528427362,0.561682932,43.40634755,3,3.265666485,301.1689758,345.2510376,43.70174789,0
P1050,2023,776677.2035,3850363.56,10.502,59.8614,2.8,1.5787,78.0488,46.3538,0.462,0,0,0.168413835,0.598644912,0.052544894,0.308462986,440,49.19790649,-0.155004867,37.71407002,5,3.506711245,302.7164307,328.5907593,38.30405045,0
P1051,2023,728377.2035,3848293.56,0,0,0,0,0,0,0,0,0,0,0.544925988,0.037602869,0.892529726,2044,70.98644257,0.340415997,43.7703757,4,3.480796099,302.5975342,332.3263245,37.82575989,0
P1052,2023,742177.2035,3820693.56,4.2008,10.712,1.5,1.125,70,90.1034,0.0784,0.014645804,0,0,0.663235605,0.037592431,0.295813513,530,4.643316746,4.234706736,39.76017331,4,3.327334642,301.7669983,329.2139587,43.89588165,0
P1053,2023,676627.2035,3801373.56,2.1004,80.0252,2.2683,2.2683,93.3419,36.3946,0.5308,0.734829395,0.036954778,0,0.802890718,0.096085077,0,39,1.24187088,0,36.92323387,2,3.635297537,302.0253601,361.1694946,39.15229416,0
P1054,2023,755287.2035,3845533.56,0,0,0,0,0,0,0,0,0,0,0.444452763,0.038535143,0.945376455,1482,59.6230545,0.2984372,45.8661953,4,3.493494034,302.3222046,342.5461731,39.24265671,0
P1055,2023,740107.2035,3838633.56,0,0,0,0,0,0,0,0,0,0,0.488349617,0.040864687,0.601323183,1574,60.08626938,1.478701954,43.31024787,3,3.440774202,301.7268982,335.4862671,41.11739731,0
P1056,2023,730627.1235,3802940.769,0,0,0,0,0,0,0,0.906032481,0,0,0,0.029221126,0,0,0,0,33.06906192,1,3.241150856,301.1031494,345.7209167,44.2507019,0
P1057,2023,779564.5604,3822319.657,0,0,0,0,0,0,0,0,0,0,0,0.044805498,0.137638953,0,0,44.02228461,48.64552376,1,3.311337471,301.4971924,328.2208252,46.66182709,0
P1058,2023,709057.2035,3826213.56,0,0,0,0,0,0,0,0,0,0,0.639081478,0.02107935,0.505731386,1865,12.24550629,0.616494535,46.31099674,3,3.262869596,300.5409851,345.4244995,41.08125305,0
P1059,2023,697327.2035,3844153.56,0,0,0,0,0,0,0,0,0,0,0.715371847,0.045254901,0.043102925,531,9.71548748,2.517312968,40.10041858,2,3.444803715,300.6860657,346.8865051,38.80017853,0
P1060,2023,720787.2035,3838633.56,0,0,0,0,0,0,0,0,0,0,0.674157619,0.037900148,0.250867719,640,8.852966309,0.190537286,46.90272825,3,3.412211657,301.8935242,333.6669006,39.87270355,0
P1061,2023,735277.2035,3852433.56,0,0,0,0,0,0,0,0,0,0,0.521164417,0.046189329,0.961817481,2743,91.42670441,0.228890723,43.71480827,4,3.512621164,302.515686,331.8421326,38.23886871,0
P1062,2023,747007.2035,3857953.56,0,0,0,0,0,0,0,0,0,0,0.460169494,0.036869653,0.869370179,1722,88.00415802,0,43.17029616,4,3.561071157,302.6132813,334.171875,37.43582916,0
P1063,2023,717337.2035,3829663.56,16.8032,94.518,3.25,1.64,81.7919,23.4429,0.6496,0.232574004,0.125641112,0,0.724608541,0.083716348,0.084190588,94,9.85969162,0,35.99268778,4,3.330463409,300.8217773,342.2857666,42.01864243,0
P1064,2023,752527.2035,3864163.56,0,0,0,0,0,0,0,0,0,0,0.739058912,0.046349383,0.121716753,223,26.55462646,0,40.01645832,3,3.602704287,302.8057251,334.9112244,36.38138199,0
P1065,2023,689737.2035,3840013.56,16.8032,90.7372,2.8857,1.7872,88.4817,21.4365,0.682,0.564048131,0.010573565,0,0.84066391,0.07907258,0.005152101,199,0.707226098,0,34.5350231,2,3.496152401,300.8605957,344.9660034,40.76236343,0
P1066,2023,742867.2035,3817933.56,2.1004,8.8217,1.1667,1.1667,91.6667,89.9914,0.0862,0.017013233,0,0,0.713595569,0.030564404,0.464694927,469,1.404680133,1.026414712,45.09967341,4,3.311964512,301.9299011,325.2149353,44.07341766,0
P1067,2023,744247.2035,3854503.56,0,0,0,0,0,0,0,0,0,0,0.457713276,0.061101597,0.968257148,8895,93.18161011,0,43.61091617,4,3.536916018,302.4656372,334.4310303,38.13959885,0
P1068,2023,674557.2035,3840703.56,0,0,0,0,0,0,0,0,0,0,0.611315608,0.042397053,0.739739823,1609,14.31097031,0.403969791,46.91148402,3,3.46963501,302.5701599,349.5372314,43.64776993,0
P1069,2023,710437.2035,3826903.56,0,0,0,0,0,0,0,0,0,0,0.688188553,0.023233856,0.244678972,485,15.93418884,0.719587583,46.21844534,3,3.27573204,300.5368042,345.8188477,41.35517502,0
P1070,2023,680077.2035,3802063.56,0,0,0,0,0,0,0,0,0,0,0.731084526,0.031771925,0.066573743,146,0.951752841,0,39.34899164,2,3.623895884,302.2559204,365.4082031,38.30906296,0
P1071,2023,708367.2035,3808273.56,10.502,29.6156,2.8,1.4694,52.6316,76.5587,0.1846,0.031600223,0.016494256,0,0.765445888,0.04374639,0.00282658,139,4.485254288,0,37.9117832,3,3.260982752,300.9342041,348.6239929,40.01161957,0
P1072,2023,723547.2035,3848983.56,0,0,0,0,0,0,0,0,0,0,0.571817279,0.02705905,0.78701335,1907,49.16046906,0.266092671,43.86275634,4,3.477016211,302.7540894,332.6524658,37.23016357,0
P1073,2023,750457.2035,3836563.56,0,0,0,0,0,0,0,0,0,0,0.637420237,0.037518927,0.38295457,1108,57.96949768,0.431100064,44.78299671,3,3.433887243,301.9112549,334.2045898,41.40386581,0
P1074,2023,718027.2035,3829663.56,12.6024,89.477,2.9091,1.8963,87.4251,20.7505,0.6931,0.502001052,0.007616011,0,0.730131745,0.086470417,0,69,10.84044075,0,34.73287797,4,3.333334684,300.8468018,341.9415894,42.04639053,0
P1075,2023,765637.2035,3818623.56,0,0,0,0,0,0,0,0,0,0,0.557051122,0.036654839,0.513580972,472,0.905084014,2.76822846,42.08800537,3,3.317966223,301.7504883,327.0686646,44.58875275,0
P1076,2023,682837.2035,3840703.56,6.3012,27.0951,2.1538,1.4665,76.1905,70.8745,0.2584,0.072043186,0,0,0.608186007,0.069081873,0.043597913,330,6.426127911,0.221270895,39.76116695,3,3.501909018,302.0602417,346.4781189,42.36525345,0
P1077,2023,755977.2035,3810343.56,0,0,0,0,0,0,0,0,0,0,0.538616776,0.045519556,0.558117464,1188,71.05827332,0.308139043,44.76581243,4,3.276391029,302.1825256,325.7814026,43.03191376,0
P1078,2023,755977.2035,3849673.56,0,0,0,0,0,0,0,0,0,0,0.485876173,0.044802508,0.645887376,1007,96.97097015,4.322882063,42.12330584,4,3.519688606,302.4839478,344.8467712,38.27058029,0
P1079,2023,693877.2035,3804133.56,4.2008,13.8626,1.8333,1.2593,58.3333,88.6492,0.0862,0.017013233,0,0,0.746288419,0.055089261,0.001890359,169,1.549787998,0,39.5558943,2,3.48004961,301.2966614,361.4344482,36.35757446,0
P1080,2023,730447.2035,3839323.56,12.6024,34.6566,2.5385,1.1846,71.0145,67.8561,0.2726,0.07650868,0,0,0.705667317,0.055269902,0.266290017,509,27.62643433,0,38.61785462,5,3.435158491,301.8984375,332.4740906,40.34399796,0
P1081,2023,780817.2035,3839323.56,0,0,0,0,0,0,0,0,0,0,0.593212903,0.046071722,0,427,0.970477104,0,40.61208708,2,3.410682678,302.2199402,330.4998779,42.20098877,0
P1082,2023,730447.2035,3843463.56,2.1004,2.5205,1,1,0,97.9788,0.0137,0,0.001890359,0,0.527076602,0.036323481,0.947268159,4134,61.26014328,0.2423729,45.05546175,5,3.457706928,302.2011719,332.3986816,39.26194,0
P1083,2023,706297.2035,3805513.56,0,0,0,0,0,0,0,0,0,0.000518977,0.643140495,0.036898147,0.201146662,320,7.890305519,0.051735331,40.4180584,3,3.284484863,301.1576843,351.2475281,39.14741135,0
P1085,2023,745627.2035,3857953.56,0,0,0,0,0,0,0,0,0,0,0.426072091,0.043069146,0.983463837,3320,87.62928009,0,44.69370689,4,3.559295416,302.5976563,332.9922791,37.58827209,0
P1086,2023,753907.2035,3804133.56,2.1004,24.5747,1.6471,1.6471,91.3386,60.6107,0.3978,0.001890359,0,0.133528894,0.71093601,0.062959786,0.07341982,157,2.021003008,9.546652169,41.70417737,3,3.249324322,302.3809204,333.3956604,41.94163132,0
P1087,2023,768397.2035,3831733.56,0,0,0,0,0,0,0,0,0,0,0.669014812,0.035305596,0.623142753,657,2.609734535,0.462515007,46.28178605,3,3.406890154,301.8955078,332.6974792,43.45026016,0
P1088,2023,760117.2035,3823453.56,0,0,0,0,0,0,0,0,0,0,0.59832567,0.031297936,0.551714694,1089,57.49951935,0,46.85255822,4,3.347808599,301.7484436,329.1998901,43.86853027,0
P1089,2023,677317.2035,3798613.56,12.6024,155.0095,4.4194,2.7241,74.9409,10.9498,0.6831,0.20087913,0.230523098,0,0.754224539,0.043184799,0.00704246,59,0.650805831,0,36.59118722,2,3.601410151,301.6314392,360.0708923,38.72547531,0
P1090,2023,718717.2035,3839323.56,0,0,0,0,0,0,0,0,0,0,0.663089514,0.040200412,0.234713976,499,10.90743732,0.665758499,42.14991244,3,3.410619736,301.9137573,333.5913391,39.57765961,0
P1091,2023,720787.2035,3847603.56,0,0,0,0,0,0,0,0,0,0,0.666535079,0.02704495,0.505117807,619,19.61569214,0.98556226,40.49793565,3,3.465257883,302.7082825,332.1697998,37.22747421,0
P1092,2023,748387.2035,3856573.56,4.2008,25.8349,1.2632,1.2099,98.494,41.8566,0.6387,0,0,0.673067192,0.542677164,0.041155456,0.25321723,778,92.5475235,12.7038928,31.80802009,6,3.554388762,302.585907,336.3478699,37.46839142,0
P1093,2023,700777.2035,3831733.56,6.3012,72.4638,2.093,1.7912,94.4247,45.3901,0.4439,0.717663031,0.116535412,0.003780718,0.880768239,0.062960316,0,67,0.650805831,0,30.8709388,2,3.38443923,300.1025391,350.3443298,39.2955513,0
P1094,2023,696637.2035,3837253.56,6.3012,82.5457,2.575,2.4675,91.5323,32.412,0.572,0.744902426,0.001890359,0,0.911992311,0.044019805,0,29,0.632247686,0,32.3564156,2,3.451765537,299.5679016,346.2762756,39.28082657,0
P1095,2023,740797.2035,3820003.56,2.1004,1.2602,1,1,0,98.4448,0.0137,0.001025287,0,0,0.661690474,0.048573808,0.237570616,764,2.228576899,0.16041727,42.43972467,3,3.32311058,301.7790833,329.68927,43.93150711,0
P1097,2023,663517.2035,3815173.56,6.3012,69.3132,2.0769,1.8621,94.0426,32.0999,0.6081,0.678608881,0.030245747,0,0.786559224,0.136471254,0,28,0.702191114,0,32.4659166,2,3.790695906,300.8551025,361.0079956,45.69430542,0
P1098,2023,778057.2035,3856573.56,0,0,0,0,0,0,0,0,0,0,0.660160482,0.054628301,0.075614367,137,34.909729,12,44.31347922,3,3.530682802,302.9656677,330.2654724,36.66754913,0
P1099,2023,686977.2035,3841393.56,18.9036,117.2023,3.4118,2.5144,84.9265,15.963,0.6889,0.544080523,0.009451796,0,0.743295252,0.104750408,0.016494256,54,1.269869328,0,34.23426037,3,3.49793458,301.500824,344.7749023,41.33466339,0
P1100,2023,735277.2035,3866923.56,4.2008,32.7662,1.7647,1.41,89.2562,59.072,0.3872,0,0,0.12908739,0.744936109,0.047695434,0.244961528,464,35.41508865,-0.15315736,39.88704677,5,3.582870007,302.6829224,325.9796448,38.26023102,0
P1101,2023,742867.2035,3863473.56,0,0,0,0,0,0,0,0,0,0,0.538873553,0.032034009,0.543531486,1631,79.70015717,3.00126561,41.91054698,4,3.584014177,302.6464844,327.2767944,37.7551384,0
P1102,2023,688357.2035,3853123.56,0,0,0,0,0,0,0,0,0,0,0.587700069,0.131793439,0.256152626,730,52.85537338,1.815104342,39.44174079,3,3.476768494,302.5461121,336.1789551,40.60039902,0
P1103,2023,752527.2035,3851743.56,0,0,0,0,0,0,0,0,0,0,0.545160055,0.051012782,0.977446664,7853,83.9653244,0,43.50606342,4,3.529004335,302.496582,342.293457,37.87609482,0
P1104,2023,720097.2035,3831043.56,14.7028,48.5192,3.1429,1.4238,60.5263,63.383,0.291,0.090219276,0,0,0.718367934,0.063710762,0,81,8.214011192,0,36.98864677,3,3.353158236,301.0746765,339.5110779,41.79386139,0
P1105,2023,685597.2035,3800683.56,8.4016,80.0252,2.2439,1.4982,93.4531,36.1866,0.5331,0.728383988,0.044325415,0,0.815082371,0.12234162,0,27,0.727978349,0,33.8776938,2,3.562197208,301.7421875,367.5473022,37.07129669,0
P1106,2023,683527.2035,3816553.56,8.4016,20.794,2.125,1.3077,50,84.5474,0.1153,0,0.024574669,0,0.486408085,0.01746498,0.583931389,1583,63.13583755,0.445137951,43.54397006,5,3.670377731,301.4787598,373.7969971,40.48688889,0
P1107,2023,695947.2035,3804823.56,8.4016,63.012,3.2353,2.3482,68.595,52.1462,0.3872,0.079395085,0.042029134,0.007579355,0.725545943,0.049889627,0.106829813,145,7.697261333,0,39.64668219,4,3.450368643,301.103241,357.9465637,36.25378799,0
P1108,2023,742177.2035,3812413.56,2.1004,3.7807,1,1,100,96.5955,0.0249,0.003780718,0,0,0.815529287,0.03419892,0.110201716,274,9.918992996,3.29802331,44.53770473,4,3.283499241,302.0756836,326.1723938,44.08189011,0
P1109,2023,745627.2035,3815173.56,0,0,0,0,0,0,0,0,0,0,0.812561929,0.054335468,0.086437545,224,8.979406357,0.914798813,46.65619098,3,3.297098398,302.1099548,321.8917542,44.11611938,0
P1110,2023,730447.2035,3858643.56,2.1004,2.5205,1,1,100,97.0042,0.0249,0,0,0.004818672,0.656746924,0.040179055,0.627813213,1369,82.43041229,0.01520937,41.3084238,6,3.537962914,302.8194885,331.0047302,37.45415115,0
P1111,2023,691117.2035,3835183.56,10.502,98.2987,2.878,2.6133,89.987,31.9805,0.5445,0.724423985,0.042524122,0,0.869305193,0.055291279,0,12,2.677067518,0,32.15648583,3,3.512921572,299.9771423,345.4713745,40.6540451,0
P1112,2023,700777.2035,3813793.56,0,0,0,0,0,0,0,0,0,0,0.735200584,0.060620632,0.001037954,303,5.816922665,0,41.96826489,2,3.343937397,300.7691956,353.5057678,37.26109695,0
P1113,2023,747697.2035,3826213.56,0,0,0,0,0,0,0,0,0,0,0.628035367,0.018151369,0.45016593,1156,25.62923431,3.017704053,43.28126142,3,3.360658884,301.6362915,337.6411743,43.39625549,0
P1114,2023,738037.2035,3835183.56,6.3012,16.3831,1.75,1.3673,70,84.9292,0.1222,0.026077025,0,0,0.671964824,0.024368396,0.41833975,714,9.529964447,2.544553287,40.14382404,4,3.417824507,301.6115417,334.4768677,41.7398262,0
P1115,2023,675937.2035,3806893.56,2.1004,17.0132,1.7,1.7,78.125,81.036,0.167,0.038098704,0,0,0.713304043,0.018714039,0.179195105,496,0.775838375,0.213232777,39.94879133,4,3.690756083,301.7609253,367.1375732,40.59220123,0
P1116,2023,704917.2035,3811723.56,6.3012,8.1916,1.8,1,42.8571,92.2208,0.0621,0.002438577,0.008080414,0,0.693968534,0.051933507,0.110327439,328,5.988286018,2.72149293,40.74354764,3,3.267045975,300.8026733,349.5455627,38.85115433,0
P1117,2023,698707.2035,3854503.56,0,0,0,0,0,0,0,0,0,0,0.653111756,0.056568439,0.151222663,215,1.263674974,1.052676062,43.10064876,2,3.47655654,302.4143677,329.8621826,38.47393036,0
P1119,2023,679387.2035,3833803.56,2.1004,5.041,1.3333,1.3333,0,96.3452,0.0249,0.003780718,0,0,0.670595765,0.070295989,0.079872154,395,2.462612867,0.993730314,39.9904604,3,3.597985744,302.2081299,358.7021179,43.60464096,0
P1120,2023,736657.2035,3813793.56,10.502,25.8349,2.1818,1.4038,68.2927,76.3841,0.196,0.012296294,0,0.037807183,0.74408114,0.054143413,0.051183339,580,3.325577259,1.595151621,40.16192788,3,3.288772583,301.9172668,332.3307495,44.27940369,0
P1121,2023,787717.2035,3837943.56,0,0,0,0,0,0,0,0,0,0,0.683033347,0.033027094,0,283,0.645038843,0,43.50178935,2,3.343634605,302.137207,341.311554,42.78240967,0
P1122,2023,731137.2035,3826903.56,0,0,0,0,0,0,0,0,0,0,0.657289386,0.034299486,0.36474842,596,4.874808788,6.939444337,41.46879552,3,3.354415894,301.2469482,337.0630493,43.12626648,0
P1123,2023,699397.2035,3817933.56,0,0,0,0,0,0,0,0,0,0,0.745242476,0.014389565,0.063753235,972,2.803688765,0,40.21027477,2,3.375893116,300.6320801,355.1970215,37.41011047,0
P1124,2023,722167.2035,3836563.56,0,0,0,0,0,0,0,0,0,0,0.69041574,0.035988335,0.209321725,312,16.31258392,0.848138908,42.96420011,3,3.404174089,301.7428894,333.9793701,40.54717636,0
P1125,2023,775297.2035,3857263.56,0,0,0,0,0,0,0,0,0,0,0.690475643,0.042350952,0.218481475,141,33.05873489,0,44.88617561,3,3.546668053,302.9804077,331.8266602,36.46882248,0
P1126,2023,690427.2035,3836563.56,2.1004,0,1,1,100,0,0,1,0,0,0.903973222,0.102620949,0,7,1.458679438,0,31.25046105,2,3.513520956,300.1531677,344.3449097,40.82521057,0
P1127,2023,700087.2035,3805513.56,2.1004,2.5205,1,1,100,97.0042,0.0249,0,0,0.004299695,0.628638387,0.079131554,0.572888465,819,9.819215775,0.52317034,41.86527799,5,3.384584427,301.0127869,354.1750183,37.04415131,0
P1128,2023,725617.2035,3819313.56,0,0,0,0,0,0,0,0,0,0,0.699866176,0.023582971,0.571001525,995,6.093240261,0,45.37739335,3,3.301597595,301.2416992,343.2814331,43.8006134,0
P1129,2023,722167.2035,3871753.56,0,0,0,0,0,0,0,0,0,0,0.759062886,0.055199624,0.184020374,74,0.697958171,-0.452286945,41.98549879,3,3.556198597,302.4064026,329.101593,38.8474884,0
P1130,2023,777367.2035,3857263.56,0,0,0,0,0,0,0,0,0,0,0.61946702,0.040972928,0.286061526,194,31.80514908,0.4423498,43.92038045,3,3.537179947,302.9895935,330.9526062,36.479599,0
P1131,2023,694567.2035,3797233.56,14.7028,24.5747,2.8889,1.3704,37.037,80.9284,0.1485,0.010388016,0.01749454,0,0.786961257,0.046422406,0.021498477,338,0.650805831,0.494746766,41.22413909,2,3.45417285,301.0420837,357.3990479,36.83222198,0
P1132,2023,724927.2035,3835183.56,4.2008,7.5614,1.5,1,50,93.8686,0.0445,0.001890359,0.005671078,0,0.723748982,0.105927405,0.120524655,221,5.024805546,2.251370721,36.98937659,3,3.401567221,301.6545715,334.7204285,41.01459885,0
P1133,2023,676627.2035,3836563.56,0,0,0,0,0,0,0,0,0,0,0.749334395,0.029483508,0.054397102,462,8.066016197,0.720044353,45.16914786,2,3.555063009,302.7158203,357.2966919,43.91233444,0
P1134,2023,760807.2035,3851053.56,0,0,0,0,0,0,0,0,0,0,0.465952575,0.044339595,0.943784213,1326,86.43479156,1.824976302,44.16526267,4,3.532524824,302.5939331,343.7448425,38.11532974,0
P1135,2023,726307.2035,3840703.56,0,0,0,0,0,0,0,0,0,0,0.542719543,0.027136447,0.358030912,1411,21.56965065,3.952344426,40.17008877,3,3.436448812,302.0926208,333.0011597,39.60459518,0
P1136,2023,733207.2035,3860023.56,0,0,0,0,0,0,0,0,0,0,0.680373847,0.070442241,0.321256919,664,76.71282959,0.922779533,39.95117926,4,3.548510075,302.7294922,328.8102722,37.7674942,0
P1137,2023,706987.2035,3842083.56,4.2008,6.3012,1.25,1,50,95.0453,0.035,0.005671078,0,0,0.72047621,0.060394331,0.119092628,296,4.017109394,2.5,40.36578121,3,3.398066044,301.7125244,338.2738953,38.78693771,0
P1138,2023,770467.2035,3836563.56,0,0,0,0,0,0,0,0,0,0,0.702145755,0.040545855,0.022243077,228,1.112353086,0.438361854,48.85124694,2,3.443525791,302.0907898,340.0657654,42.46472931,0
P1139,2023,765637.2035,3833113.56,0,0,0,0,0,0,0,0,0,0,0.574158669,0.031249619,0.221210705,389,5.841375351,50.80602081,46.23762215,3,3.416742325,301.9280701,334.1293945,42.92110062,0
P1140,2023,673867.2035,3807583.56,2.1004,2.5205,1,1,0,97.9788,0.0137,0,0.001890359,0,0.680230916,0.009807553,0.097927579,177,0.896970928,2.136583702,39.16316786,3,3.706800222,301.5241699,365.4799805,41.29615402,0
P1141,2023,711817.2035,3804823.56,10.502,35.2867,2.5,1.3056,70,69.7719,0.2486,0,0.069048976,0,0.698147357,0.047361352,0.054009918,433,2.206292391,0,41.70791891,3,3.27897048,300.8175354,347.8916016,41.12039948,0
P1142,2023,717337.2035,3847603.56,4.2008,15.1229,1.625,1.2286,77.2727,84.689,0.129,0,0,0.029309526,0.75070864,0.055588578,0.198814057,451,12.13755226,1.871634252,39.83171869,4,3.459582567,302.7138062,332.0740051,37.11730576,0
P1143,2023,744937.2035,3860713.56,2.1004,37.1771,1.7368,1.7368,90.7285,53.626,0.4408,0,0,0.161157599,0.483241826,0.036999256,0.736559539,4082,86.27841949,0.116285062,40.6425318,6,3.573699236,302.6500854,330.7122192,37.47978592,0
P1144,2023,784267.2035,3844153.56,0,0,0,0,0,0,0,0,0,0,0.658092678,0.050390967,0.303617918,758,1.012154937,0.252184741,41.46819791,3,3.409186363,302.4294128,330.7804565,40.53306198,0
P1145,2023,722857.2035,3859333.56,0,0,0,0,0,0,0,0,0,0,0.735570014,0.038644951,0.172701388,407,10.47644043,18.05123597,41.83299385,3,3.528584719,303.0486755,335.2858582,36.84806824,0
P1146,2023,741487.2035,3851053.56,0,0,0,0,0,0,0,0,0,0,0.364869565,0.063114476,1,24738,94.10827637,0,45.29680254,4,3.513288975,302.3354492,335.1213989,38.65895081,0
P1147,2023,730447.2035,3848983.56,0,0,0,0,0,0,0,0,0,0,0.5262357,0.03334962,0.959573942,2955,81.78046417,0.398824504,42.5789912,4,3.487524509,302.5538635,332.2203369,38.04486847,0
P1148,2023,718027.2035,3813793.56,4.2008,7.5614,1.5714,1.2727,73.3333,89.1308,0.1011,0.023740182,0,0,0.707347691,0.066762428,0.143190227,436,5.569599152,0.267567011,41.45140552,4,3.258364439,301.0604248,343.3886414,43.30556488,0
P1149,2023,724927.2035,3829663.56,8.4016,23.9445,1.9167,1.3068,78.8462,74.1729,0.2283,0.050961953,0.005671078,0,0.730550706,0.0415271,0.124721798,204,4.764395714,0,37.24650334,4,3.361119032,301.1007385,338.4608765,42.3226738,0
P1150,2023,724927.2035,3860713.56,0,0,0,0,0,0,0,0,0,0,0.753327131,0.05688179,0.355328711,408,21.31969452,0,42.40588056,3,3.537448168,302.9355469,333.5616455,37.17997742,0
P1151,2023,711127.2035,3836563.56,6.3012,11.9723,1.8333,1.3,50,89.8199,0.0784,0.014126827,0,0,0.649790704,0.08214933,0.044474307,111,1.329619765,186.8719012,40.04497893,3,3.369370699,301.1605225,342.0113831,39.95929337,0
P1152,2023,742867.2035,3800683.56,0,0,0,0,0,0,0,0,0,0,0.825672746,0.0284026,0.149988657,397,2.294391632,0.785916381,48.66982986,3,3.226694107,302.1405334,340.7339172,43.07536316,0
P1153,2023,709057.2035,3827593.56,0,0,0,0,0,0,0,0,0,0,0.71412611,0.02487052,0.258086726,328,11.18144321,0.760295092,43.3011414,3,3.27630806,300.5892944,345.6320496,40.92303085,0
P1154,2023,669727.2035,3814483.56,14.7028,73.724,3.5556,2.0038,67.1429,47.164,0.4216,0.134122196,0.020447856,0,0.728090286,0.034064442,0,116,0.811713398,0,33.3249784,2,3.777732849,300.9605408,369.458252,43.79377365,0
P1155,2023,737347.2035,3818623.56,0,0,0,0,0,0,0,0,0,0,0.697697222,0.030868542,0.279847482,760,12.0251379,4.719059198,42.750802,3,3.314628124,301.7831421,332.1303406,44.01264572,0
P1156,2023,708367.2035,3813793.56,2.1004,4.4108,1,1,100,94.0223,0.0535,0.010405935,0,0,0.65693891,0.027567329,0.494268566,630,4.058953762,0,39.34566909,4,3.22721982,300.7151184,346.032074,40.24781799,0
P1157,2023,757357.2035,3860713.56,0,0,0,0,0,0,0,0,0,0,0.58504355,0.0358743,0.211471627,674,62.48062134,0.226435296,38.39045049,3,3.585783482,302.8247375,332.3562622,36.39871979,0
P1158,2023,693187.2035,3826903.56,2.1004,8.8217,1.1087,1.1087,99.5,92.0524,0.0621,0.979848916,0.009160275,0,0.8815974,0.047856635,0,29,0.650805831,0,31.51096602,2,3.502426863,300.157074,357.8977661,39.42831802,0
P1159,2023,737347.2035,3807583.56,0,0,0,0,0,0,0,0,0,0,0.621003807,0.025129758,0.379461134,744,15.13078785,6.207474848,42.32817017,3,3.259956837,301.7344971,337.6095581,44.06412125,0
P1160,2023,680767.2035,3815173.56,2.1004,42.8481,1.4359,1.4359,97.6422,39.8174,0.5945,0.705202285,0.012766767,0,0.73188746,0.098062007,0.009469714,109,8.678786278,16.33863308,36.47447161,4,3.70758152,301.5152893,376.6325378,41.21362305,0
P1161,2023,767707.2035,3824143.56,0,0,0,0,0,0,0,0,0,0,0.538068593,0.038752735,0.777317192,455,5.777901173,2.064968534,43.29328373,3,3.351983786,301.7035217,327.6735229,44.63528824,0
P1162,2023,683527.2035,3850363.56,0,0,0,0,0,0,0,0,0,0,0.528017938,0.05940285,0.603157907,1556,78.33934784,3.446527599,45.24078456,4,3.44950819,302.6087646,336.9821777,41.87298584,0
P1163,2023,782887.2035,3850363.56,0,0,0,0,0,0,0,0,0,0,0.653906524,0.036618676,0.958883916,634,3.856141329,0.140033738,43.95599706,3,3.45757556,302.7036438,325.6019592,38.42279816,0
P1164,2023,711127.2035,3841393.56,0,0,0,0,0,0,0,0,0,0,0.766366482,0.045667058,0.017967371,183,2.504811049,34.23935025,43.51212465,2,3.403908253,301.832428,336.4528198,38.85332108,0
P1165,2023,778057.2035,3824833.56,0,0,0,0,0,0,0,0,0,0,0.756074071,0.051955158,0.501394021,383,0.629771173,3.429438744,46.84133859,3,3.332017422,301.5838013,328.2982788,46.08945465,0
P1166,2023,739417.2035,3861403.56,0,0,0,0,0,0,0,0,0,0,0.453793734,0.042725878,0.966432686,1677,82.80002594,0.263467702,43.80664986,4,3.567257881,302.6488037,327.7836609,37.87403488,0
P1167,2023,676627.2035,3849673.56,0,0,0,0,0,0,0,0,0,0,0.669351757,0.148950601,0.222977554,687,18.35786247,0.046658303,41.71236444,3,3.408210754,302.5569458,332.9491272,43.31326675,0
P1169,2023,734587.2035,3810343.56,0,0,0,0,0,0,0,0,0,0,0.732831001,0.074288988,0.124244728,341,5.165217876,4.342763399,42.60912838,3,3.272105455,301.6889648,338.133667,44.27676773,0
P1170,2023,765637.2035,3849673.56,0,0,0,0,0,0,0,0,0,0,0.592433274,0.041362499,0.339499286,430,61.17347717,31.39395647,45.01339277,3,3.529464483,302.6095886,341.2269287,38.38236618,0
P1171,2023,743557.2035,3846223.56,0,0,0,0,0,0,0,0,0,0,0.404390454,0.053485228,1,7270,88.20436859,0,44.05474438,4,3.48720479,302.1369324,338.1997986,39.38685608,0
P1172,2023,705607.2035,3853123.56,0,0,0,0,0,0,0,0,0,0,0.650164604,0.14336546,0.301764263,361,22.30858231,0,37.96237708,3,3.463298559,302.7271423,325.6003723,37.98295975,0
P1173,2023,758737.2035,3810343.56,0,0,0,0,0,0,0,0,0,0,0.580417991,0.026564189,0.440727288,428,29.53732491,24.31935771,44.38528079,3,3.275399685,302.1103516,323.7891235,43.0848732,0
P1174,2023,747007.2035,3831733.56,8.4016,31.506,2.6,1.2396,57.8947,76.1408,0.1846,0.005671078,0,0.040651681,0.576858819,0.040575807,0.729940919,1653,49.55132675,0,39.95467534,5,3.398693323,301.7034302,336.2469177,42.41445923,0
P1175,2023,775297.2035,3858643.56,14.7028,20.794,2.5714,1.0909,26.6667,85.9857,0.1011,0,0,0.01923702,0.697858572,0.031648623,0.562031856,111,9.226535797,0.20386331,39.46826241,4,3.553433657,303.0344238,332.1799622,36.10532761,0
P1176,2023,715267.2035,3838633.56,0,0,0,0,0,0,0,0,0,0,0.658807397,0.056381763,0.294022861,592,12.22217464,1.156844915,42.83767527,3,3.396564245,301.7697754,333.7958984,39.62507248,0
P1177,2023,677317.2035,3839323.56,0,0,0,0,0,0,0,0,0,0,0.69897151,0.051805374,0.453770835,990,9.253175735,0.168035617,45.88628343,3,3.513383389,302.7276611,351.4239502,43.61121368,0
P1178,2023,718027.2035,3807583.56,14.7028,93.8878,3.0345,2.2313,84.4327,22.1067,0.6668,0.373144832,0.003780718,0,0.81494379,0.088444756,0.000996046,157,0.783324718,0,35.80891566,2,3.266225338,300.7240295,344.9950562,43.07040024,0
P1179,2023,755287.2035,3820693.56,0,0,0,0,0,0,0,0,0,0,0.599633336,0.024259035,0.446119512,1757,56.11942291,1.774273637,42.89207963,3,3.330896139,301.9098511,329.2897949,43.67530441,0
P1180,2023,772537.2035,3862093.56,4.2008,10.0819,1.3333,1,75,90.9495,0.0704,0,0,0.013232514,0.642471075,0.040066268,0.12172942,96,3.431537628,0,43.62948574,3,3.581853867,303.134613,332.3762817,35.30009842,0
P1181,2023,713887.2035,3831043.56,14.7028,73.0939,3.2,1.9301,74.7126,42.4574,0.4765,0.181640278,0,0,0.769272447,0.038537992,0.001037954,120,5.515936375,0,35.98743564,3,3.328712702,300.8667603,342.4272156,41.35496902,0
P1182,2023,719407.2035,3831043.56,14.7028,42.8481,3,1.4098,62.3188,66.1019,0.2726,0.074399293,0.007561437,0,0.718756616,0.059615085,0,91,8.582363129,0,36.38764235,3,3.35043478,301.0508118,339.7914124,41.76514053,0
P1184,2023,714577.2035,3813793.56,0,0,0,0,0,0,0,0,0,0,0.718579888,0.063244588,0.124268717,332,1.254252195,0.956355879,42.31860311,2,3.248751163,300.8599243,342.9194336,42.60342407,0
P1185,2023,724927.2035,3848293.56,0,0,0,0,0,0,0,0,0,0,0.629822075,0.036611838,0.50156671,866,55.17474365,2.312143349,40.94100421,4,3.475584507,302.7024536,332.4110107,37.39203644,0
P1186,2023,709747.2035,3846913.56,8.4016,15.1229,2,1.125,40,89.0984,0.0784,0.015122873,0,0,0.778551877,0.068859197,0.039238392,183,2.659931421,0,35.53970089,3,3.440376282,302.5697632,329.7347412,37.70004272,0
P1187,2023,720097.2035,3847603.56,0,0,0,0,0,0,0,0,0,0,0.672299385,0.041450193,0.765576532,829,19.78391457,0.610702585,43.30849476,3,3.464129925,302.7097473,332.1482849,37.20343781,0
P1188,2023,702157.2035,3803443.56,12.6024,35.9168,2.9,1.3762,40.625,76.9939,0.167,0.013232514,0.027502982,0,0.589388311,0.075491821,0.190471363,314,5.433298588,1.724893479,39.3483589,4,3.3600986,301.1369629,353.464447,37.73374176,0
P1189,2023,695947.2035,3840013.56,4.2008,76.2445,2.5,1.7371,89.7872,23.7028,0.6918,0.482301462,0,0,0.840168595,0.104529652,0.052011755,117,0.655437946,3.65608924,35.1268445,3,3.454542875,300.057312,346.7760315,39.26278687,0
P1190,2023,734587.2035,3817933.56,0,0,0,0,0,0,0,0,0,0,0.602620482,0.028556162,0.453249206,873,4.32263422,4.985808207,42.63448849,3,3.31024909,301.7599792,335.0078125,44.05838394,0
P1191,2023,742177.2035,3829663.56,0,0,0,0,0,0,0,0,0,0,0.617689788,0.060099759,0.386006248,478,10.24861431,1.225003154,41.94213585,3,3.382350445,301.5292053,335.715332,42.90612411,0
P1192,2023,745627.2035,3863473.56,0,0,0,0,0,0,0,0,0,0,0.553586602,0.032581606,0.205212257,943,81.93626404,7.726812564,42.12770395,3,3.588914871,302.6880493,330.1582642,37.33930206,0
P1193,2023,780127.2035,3833113.56,0,0,0,0,0,0,0,0,0,0,0.622740209,0.051494776,0.01578973,214,0.477659792,0,43.82670642,2,3.376302719,301.9119873,329.3005066,44.19167709,0
P1194,2023,731137.2035,3825523.56,0,0,0,0,0,0,0,0,0,0,0.689241827,0.034406405,0.419888011,526,5.06251955,0,40.89126598,3,3.345190287,301.198822,337.6591797,43.39349747,0
P1195,2023,739417.2035,3855193.56,0,0,0,0,0,0,0,0,0,0,0.399007231,0.048432494,1,7229,100.440094,0,43.51317956,4,3.534175396,302.5141907,331.5613098,38.17183304,0
P1196,2023,742867.2035,3799993.56,0,0,0,0,0,0,0,0,0,0,0.808849752,0.033948462,0.216191791,477,2.302532673,0,46.90315342,3,3.222721577,302.1470947,341.3564758,43.00836945,0
P1197,2023,755977.2035,3808963.56,0,0,0,0,0,0,0,0,0,0,0.598970294,0.032658998,0.803784579,1737,51.78556442,2.338064341,45.04288533,4,3.269992828,302.2158508,327.0288086,42.7890625,0
P1198,2023,688357.2035,3837943.56,2.1004,0,1,1,100,0,0,1,0,0,0.868482947,0.148405225,0,13,0.713429093,0,32.75040481,2,3.522190332,300.6466675,344.0803223,41.23303604,0
P1199,2023,739417.2035,3820003.56,0,0,0,0,0,0,0,0,0,0,0.724597216,0.035568229,0.037807183,616,7.040386677,1.052631579,41.51842396,2,3.322755337,301.7542114,330.9463196,43.92293549,0
P1200,2023,717337.3749,3808273.724,10.502,79.3951,2.5152,1.5995,89.8167,22.8949,0.6931,0.437779119,0.054889814,0,0.806290865,0.114097258,0,109,0.754057586,0,35.49051146,2,3.265538692,300.7272339,344.5861206,42.99000168,0
P1201,2023,667657.2035,3815173.56,4.2008,106.4902,2.9744,2.3093,89.2608,25.8277,0.598,0.468883973,0.243176809,0,0.753153205,0.061653408,0,70,0.653281271,0,34.16660959,2,3.780448198,301.0014038,366.9212952,44.48402023,0
P1202,2023,713887.2035,3828283.56,0,0,0,0,0,0,0,0,0,0,0.657766342,0.026411713,0.377292409,873,32.02870941,0.523553017,43.10782253,3,3.303674698,300.5953674,345.250061,41.95014954,0
P1203,2023,706297.2035,3848983.56,0,0,0,0,0,0,0,0,0,0,0.623123884,0.094767168,0.31944753,637,5.286783695,1.174412333,41.42384768,3,3.444467306,302.6344299,326.8136597,37.94870758,0
P1204,2023,732517.2035,3837253.56,10.502,54.8204,2.8889,1.4558,75.3623,51.1125,0.4183,0.148669685,0,0,0.735197127,0.046456207,0.394308047,862,18.74551773,0.193621191,38.61902582,5,3.426983356,301.7089844,332.0859375,41.03384018,0
P1205,2023,708367.2035,3858643.56,0,0,0,0,0,0,0,0,0,0,0.669657171,0.042564602,0.614909696,683,51.85175323,0.248998381,44.14411208,4,3.495265722,302.9421997,327.3415833,37.57670212,0
P1206,2023,726307.2035,3838633.56,2.1004,2.5205,1,1,0,97.9788,0.0137,0.001890359,0,0,0.656689763,0.049643252,0.255143425,557,14.27813053,2.131656482,39.23714477,4,3.425175667,301.930603,333.221283,40.19576263,0
P1207,2023,738037.2035,3829663.56,6.3012,26.465,1.9167,1.3719,79.6296,73.1213,0.2335,0.053866277,0,0.007561437,0.737906456,0.054241896,0.018371948,317,4.666893482,0,36.3578715,3,3.380442858,301.5114746,335.2167358,42.77519989,0
P1208,2023,736657.2035,3845533.56,0,0,0,0,0,0,0,0,0,0,0.48612988,0.042606414,0.986767486,3150,81.87969971,0,43.15958328,4,3.4765625,302.1987,334.2214355,39.26538086,0
P1209,2023,673867.2035,3832423.56,0,0,0,0,0,0,0,0,0,0,0.630547345,0.027384266,0.952178791,2081,2.144013405,0.020061271,44.92797909,3,3.607907295,302.4287415,362.8200378,44.3230896,0
P1210,2023,753907.2035,3840703.56,0,0,0,0,0,0,0,0,0,0,0.577164352,0.029620309,0.592200052,438,33.36937714,3.210156157,41.30280822,3,3.462357044,302.1203308,337.0616455,40.45496368,0
P1211,2023,710437.2035,3813793.56,4.2008,45.9987,2.0417,1.5485,90,40.7936,0.572,0.238263,0.030241508,0,0.689856768,0.105830019,0.427111829,567,2.573378801,0.829714251,40.64537934,5,3.234496117,300.7655945,344.9986572,41.03335571,0
P1212,2023,735277.2035,3835183.56,12.6024,103.3396,3.3846,2.4415,79.0541,24.9106,0.6145,0.306072387,0,0,0.725553691,0.061554067,0.042047053,335,6.952083111,0.695623386,35.4594415,3,3.416162014,301.6195984,333.2957153,41.61326599,0
P1213,2023,684907.2035,3841393.56,14.7028,146.1878,3.6842,3.1836,84.7305,16.6051,0.6361,0.667047173,0.002367429,0,0.82545656,0.109058323,0.000518977,27,2.452546835,0,34.07981933,3,3.495728016,301.8164673,345.3135071,41.82401276,0
P1214,2023,684907.2035,3836563.56,8.4016,81.9156,3,2.3286,84.6966,24.5168,0.6668,0.372016992,0.007561437,0,0.778785169,0.09392869,0,53,2.585676432,0,34.55031079,3,3.547982931,301.1433105,347.5554504,42.16994476,0
P1215,2023,742867.2035,3824833.56,0,0,0,0,0,0,0,0,0,0,0.52249074,0.022554183,0.766572772,1497,21.9561367,3.161531788,44.8403712,3,3.350864887,301.5516968,333.8732605,43.64422226,0
P1216,2023,731827.2035,3850363.56,0,0,0,0,0,0,0,0,0,0,0.434770793,0.044710656,0.957213598,3028,83.51746368,2.998001694,44.57539244,4,3.496806145,302.5483398,331.8572693,38.12882233,0
P1217,2023,755977.2035,3807583.56,0,0,0,0,0,0,0,0,0,0,0.696286321,0.042363776,0.878919518,1465,23.80533409,0.121236208,46.43992831,4,3.263602495,302.2491455,328.2802429,42.54654312,0
P1218,2023,709057.2035,3825523.56,0,0,0,0,0,0,0,0,0,0,0.63814944,0.018508304,0.897781202,1690,11.80572224,0,45.82612376,3,3.256145954,300.5172424,345.3131104,41.15970612,0
P1219,2023,780817.2035,3868303.56,0,0,0,0,0,0,0,0,0,0,0.799280405,0.047454998,0.005856626,41,2.507466555,0,44.78040728,2,3.55461359,303.2854614,324.6741028,34.22029495,0
P1220,2023,759427.2035,3829663.56,0,0,0,0,0,0,0,0,0,0,0.553561389,0.01985516,0.725461939,1459,89.169487,0,44.85168503,4,3.389098167,301.7865295,333.6200867,43.13491058,0
P1221,2023,736657.2035,3819313.56,0,0,0,0,0,0,0,0,0,0,0.692306221,0.02522631,0.169822886,550,8.181240082,4.008749401,41.52274477,3,3.318253994,301.7372131,333.1454773,43.95766068,0
P1222,2023,674557.2035,3814483.56,2.1004,5.041,1.087,1.087,99.6024,95.3548,0.035,0.992438563,0.001890359,0,0.913891494,0.075839637,0,14,0.757144213,0,31.25404695,2,3.754478693,301.2221069,374.0788879,42.74221802,0
P1223,2023,673867.2035,3814483.56,4.2008,27.7253,1.3556,1.2245,98.3105,72.7593,0.2335,0.92877574,0.014168735,0,0.846255839,0.09490759,0,6,0.753791571,0,31.52797343,2,3.757814169,301.1834412,373.4085999,42.89284897,0
P1224,2023,742867.2035,3862783.56,0,0,0,0,0,0,0,0,0,0,0.540798306,0.032256817,0.935388289,2447,84.4561615,2.745399,44.75628189,4,3.580652714,302.6408997,327.6566467,37.75399399,0
P1225,2023,683527.2035,3835183.56,2.1004,4.4108,1.3333,1.3333,0,96.5452,0.0249,0.003303649,0,0,0.671801925,0.128723848,0.053365218,650,2.085277796,0,41.85441108,3,3.56642437,301.3543701,350.9946899,42.55997467,0
P1226,2023,673867.2035,3828283.56,10.502,27.0951,2.3636,1.2457,68.0851,74.6896,0.2125,0.052040995,0.003780718,0,0.767639399,0.108558583,0.003780718,53,1.008387446,0,37.09242401,2,3.671716213,302.0709839,366.7633057,44.41770935,0
P1227,2023,699397.2035,3833113.56,6.3012,89.477,2.7632,2.359,90.176,26.3996,0.6265,0.662037701,0.017532209,0,0.861501873,0.05447623,0.018903592,98,0.534362674,0,32.29953649,3,3.410474062,299.8888245,349.7609253,39.2239418,0
P1228,2023,724237.2035,3862093.56,0,0,0,0,0,0,0,0,0,0,0.656306446,0.032725579,0.092813148,243,17.1721096,7.546685254,43.38632531,3,3.541218996,302.8777466,332.7854919,37.35313034,0
P1229,2023,731827.2035,3817243.56,4.2008,5.6711,1.4,1,60,93.6338,0.0535,0.008265962,0,0.003780718,0.819859326,0.077482816,0.0940169,294,2.369292259,0,36.65644107,3,3.30258894,301.6854248,337.8795166,44.07514191,0
P1230,2023,765637.2035,3838633.56,0,0,0,0,0,0,0,0,0,0,0.652448118,0.030316906,0.161676576,311,4.969041348,4.969632545,46.24221386,3,3.457838058,302.1368103,338.8087463,41.64748001,0
P1231,2023,701467.2035,3837253.56,4.2008,88.2168,2.6154,2.2588,90.9091,27.3928,0.6176,0.696028523,0,0,0.895892859,0.071991094,0,246,0.651370406,0,34.29816672,2,3.403443575,300.1922302,348.2304382,39.39641571,0
P1232,2023,773227.2035,3835183.56,0,0,0,0,0,0,0,0,0,0,0.666005611,0.04642258,0.06898915,272,0.960493028,6.068043282,47.17424729,2,3.421485186,302.0332642,334.9788513,43.01778412,0
P1233,2023,673941.1156,3846955.327,0,0,0,0,0,0,0,0,0,0,0,0.059515771,0.013671582,177,1.962315321,0,42.17516033,1,3.357304811,302.3361206,337.7150269,43.07901382,0
P1234,2023,695947.2035,3822763.56,12.6024,138.6263,4.2581,3.3867,76.3466,13.0656,0.6841,0.319004133,0.106884387,0,0.776845872,0.068188563,0,85,3.558506727,0,37.22275726,3,3.449898243,300.4031982,359.8019104,37.92287064,0
P1235,2023,778057.2035,3858643.56,0,0,0,0,0,0,0,0,0,0,0.670815706,0.045669901,0.788057375,556,15.59289265,0.181424127,39.65321474,3,3.540688515,303.0466614,331.442749,36.11458969,0
P1236,2023,702157.2035,3834493.56,8.4016,105.8601,3.1026,2.303,88.5953,26.0957,0.5963,0.717007009,0,0,0.970977366,0.07194155,0,43,0.301179409,0,33.46861766,2,3.381325722,300.1470337,349.961853,39.51953125,0
P1237,2023,738727.2035,3842773.56,0,0,0,0,0,0,0,0,0,0,0.459889978,0.039923707,0.7276404,1695,85.5880127,2.732268897,40.67799473,4,3.463062286,301.988678,335.1420593,40.05345917,0
P1238,2023,731827.2035,3846223.56,0,0,0,0,0,0,0,0,0,0,0.499034256,0.037797889,0.952837503,1656,85.48740387,0.78803563,43.27289528,4,3.474806786,302.3622131,332.3286438,38.7123642,0
P1239,2023,686977.2035,3816553.56,2.1004,10.712,1.4286,1.4286,76.9231,88.8116,0.0937,0.017346661,0,0,0.564857364,0.032427469,0.335103548,2007,82.14033508,0.028513546,42.58869504,5,3.626040936,301.5862122,372.3611145,39.21237183,0
P1240,2023,724927.2035,3838633.56,0,0,0,0,0,0,0,0,0,0,0.720139146,0.072264259,0.263797059,610,6.177402973,0.107726922,38.57170939,3,3.423100471,301.9584045,333.461731,40.08502579,0
P1241,2023,695947.2035,3861403.56,0,0,0,0,0,0,0,0,0,0,0.68660903,0.063377116,0.270721699,85,0.726695657,0.10182889,42.53682566,3,3.501951694,302.8508911,323.5444031,38.80695343,0
P1242,2023,678697.2035,3812413.56,6.3012,57.971,2.7143,2.194,81.5385,43.0995,0.5061,0,0.207833537,0,0.499781072,0.023134319,0.033478248,199,1.584194779,55.20178119,44.79409352,3,3.726780891,301.6007996,378.0327148,41.35242462,0
P1243,2023,737347.2035,3866923.56,2.1004,20.1638,1.6,1.6,81.25,80.2286,0.167,0,0,0.039697543,0.716605961,0.060461549,0.098184276,434,54.36008453,0,38.82136764,5,3.587872505,302.6745605,325.3902588,38.15778351,0
P1244,2023,780817.2035,3825523.56,0,0,0,0,0,0,0,0,0,0,0.764318168,0.041018601,0.013709584,179,0.443990022,0,51.18829623,2,3.323056936,301.5596008,328.4411926,46.3580246,0
P1245,2023,730447.2035,3830353.56,4.2008,27.7253,2.0909,1.4333,75.5102,74.1136,0.2178,0.055672821,0,0,0.641919494,0.026077029,0.667392937,1403,9.601668358,1.556698183,41.07839793,5,3.376836777,301.382843,335.7015381,42.37440872,0
P1246,2023,719407.2035,3849673.56,0,0,0,0,0,0,0,0,0,0,0.610286653,0.030947017,0.67995233,1231,33.27540588,7.853388724,43.0728405,3,3.473366976,302.7861328,332.5903625,37.09600067,0
P1247,2023,702847.2035,3822763.56,14.7028,40.9578,3.1818,1.3931,44.186,72.9164,0.2016,0.001890359,0.046763991,0,0.705729663,0.066342735,0.200192523,387,3.658345699,2.318184653,42.62949976,4,3.305888653,300.5396118,349.6772156,39.21749496,0
P1248,2023,721477.2035,3846223.56,0,0,0,0,0,0,0,0,0,0,0.640747309,0.034852958,0.181326601,377,7.325841904,3.387320036,37.73464608,3,3.458390713,302.5848389,332.414093,37.65989304,0
P1249,2023,735967.2035,3830353.56,10.502,20.1638,2.25,1.0938,58.3333,82.8886,0.1356,0.032840632,0,0,0.729662597,0.026262169,0.386950897,796,2.998169184,0.681753063,38.62126566,4,3.384112835,301.5174561,334.7754822,42.57579803,0
P1250,2023,749767.2035,3819313.56,0,0,0,0,0,0,0,0,0,0,0.667764246,0.028332282,0.016190068,398,5.558783054,6.093338481,44.55504033,2,3.321861267,301.9759521,328.7527161,43.68569946,0
P1251,2023,720097.2035,3833803.56,12.6024,51.6698,3.1429,1.6863,61.5385,62.39,0.2954,0.030621083,0.02268431,0.031181967,0.537115812,0.086835925,0.868051207,94,16.57756042,-0.519380599,41.56345216,5,3.37550807,301.3800049,336.7513428,41.1223259,0
P1252,2023,760117.2035,3820693.56,0,0,0,0,0,0,0,0,0,0,0.523246825,0.024140955,0.505940484,716,19.31044579,2.060644639,45.01250182,3,3.331401587,301.8144226,325.7481384,43.93444824,0
P1253,2023,685597.2035,3845533.56,0,0,0,0,0,0,0,0,0,0,0.524706125,0.041444637,0.919765177,1821,26.65652466,3.126045196,43.23117354,3,3.454432726,302.3618164,344.1338501,41.37159348,0
P1254,2023,738037.2035,3842083.56,0,0,0,0,0,0,0,0,0,0,0.429324538,0.046813303,0.900051088,1423,81.27131653,2.839746217,42.87740656,4,3.458581686,301.9578247,334.7004089,40.17849731,0
P1255,2023,731827.2035,3834493.56,25.2048,136.1059,5,1.8223,62.2047,23.6628,0.5759,0.263928852,0,0,0.686629236,0.063077111,0.005671078,737,8.769174576,0,35.15997591,3,3.407745123,301.6017456,333.2619934,41.57356262,0
P1256,2023,693877.2035,3799303.56,25.2048,124.1336,4.0323,1.7899,77.7778,15.3426,0.6831,0.159264346,0.275550681,0,0.715668857,0.059639045,0.045576325,80,0.930686831,0,38.70440968,3,3.467505932,301.1620789,359.4259033,36.62201691,0
P1257,2023,680767.2035,3813103.56,10.502,33.3963,2.7273,1.4253,53.6585,74.78,0.196,0,0.051099523,0,0.477341592,0.026230591,0.229849977,285,6.226735115,0,42.11599922,4,3.706716061,301.6790466,378.2695618,40.76746368,0
P1258,2023,680767.2035,3826213.56,2.1004,37.8072,1.6667,1.6667,96.8912,75.0013,0.1846,0.933467345,0.021641105,0,0.819306016,0.046418435,0,22,0.601929903,0,32.49848572,2,3.677086592,300.9055176,363.6646729,43.21053696,0
P1259,2023,787717.2035,3859333.56,4.2008,5.6711,1.5,1,50,94.4029,0.0445,0,0,0.006004506,0.655638158,0.041994149,0.024485603,122,3.150859833,0,44.23831119,3,3.447566986,302.9204407,323.1539917,36.67606354,0
P1260,2023,713197.2035,3811723.56,4.2008,78.765,2.2195,1.8387,93.4811,35.2557,0.5468,0.755673682,0.007936773,0,0.845167816,0.105511456,0,32,0.674226105,0,34.19453398,2,3.251601696,300.7985535,344.3753967,41.97395325,0
P1261,2023,714577.2035,3826213.56,16.8032,117.2023,4.24,2.6949,70.5455,24.3053,0.5963,0.09088512,0.187180381,0,0.651020885,0.107353704,0.001890359,163,78.05000305,0,38.34579924,5,3.288019657,300.3727417,347.6029358,42.58089066,0
P1262,2023,766327.2035,3833803.56,0,0,0,0,0,0,0,0,0,0,0.574243724,0.043004653,0.57981893,516,4.605988503,0.285821324,45.891678,3,3.422212601,301.9583435,334.9546814,42.82194901,0
P1263,2023,778747.2035,3847603.56,4.2008,37.1771,1.7778,1.2917,89.3939,56.227,0.4082,0,0,0.142254007,0.486758322,0.040313216,0.539875965,876,29.16136169,0.070275455,38.94869262,5,3.481340647,302.6060486,325.9777832,39.21591949,0
P1264,2023,670417.2035,3811723.56,0,0,0,0,0,0,0,0,0,0,0.695872605,0.010189783,0.198571528,489,2.312196016,0.587979706,39.10500222,3,3.763427019,300.9287109,367.281311,43.12444305,0
P1265,2023,691117.2035,3798613.56,25.2048,125.3938,4.3846,1.8923,69.4444,22.0134,0.6081,0.225411072,0.073551126,0,0.756324351,0.062263532,0.011527704,130,1.047132015,3.922987604,37.78573037,3,3.494670391,301.3078613,363.3940735,36.6516571,0
P1266,2023,747697.2035,3856573.56,4.2008,65.5325,1.8611,1.7728,94.7635,27.4902,0.6755,0,0,0.607915933,0.583147943,0.035052994,0.077945959,509,94.55926514,25.67020755,31.97902658,6,3.553538561,302.5774841,335.7669067,37.54019165,0
P1267,2023,695257.2035,3851743.56,10.502,11.3422,2,1,25,90.8185,0.0704,0.014223309,0,0,0.738176823,0.064635404,0.007561437,120,2.243549585,0,38.65052844,2,3.467256546,301.9225464,337.8847351,38.93196106,0
P1268,2023,705607.2035,3837253.56,4.2008,61.1216,1.8605,1.7556,95.6316,48.1042,0.4377,0.846845596,0,0,0.932655513,0.098557367,0.001371382,44,0.645418823,100,33.05701122,2,3.361245871,300.749115,350.1454468,39.53012466,0
P1269,2023,698017.2035,3828283.56,6.3012,55.4505,1.8372,1.6157,95.9137,54.2207,0.38,0.857580195,0.016929417,0,0.858053565,0.062746023,0.012527988,66,0.726695657,112.5461178,33.21197042,3,3.41644454,300.0713501,354.2826843,38.59650421,0
P1270,2023,746317.2035,3830353.56,2.1004,3.1506,1,1,100,95.9497,0.035,0.004239869,0,0,0.54325664,0.031560407,0.808309372,995,41.04991913,0.381779916,42.53370998,5,3.388836384,301.6582642,336.4119873,42.68772507,0
P1271,2023,707677.2035,3844153.56,14.7028,44.7385,2.8571,1.2962,63.8889,64.9123,0.2819,0.082795216,0,0,0.768596947,0.07305988,0.00308886,176,3.428012133,0,35.96306392,3,3.415405035,302.088623,333.8960266,38.39876556,0
P1272,2023,747697.2035,3813793.56,0,0,0,0,0,0,0,0,0,0,0.684779048,0.035051835,0.47118835,818,42.70415878,1.582320079,43.19354329,3,3.291306496,302.1512451,323.7129211,43.86243057,0
P1273,2023,711817.2035,3864853.56,0,0,0,0,0,0,0,0,0,0,0.760366499,0.042761177,0.301768454,438,2.361353159,0.350266734,45.86455958,3,3.521509171,302.641449,329.6487122,38.01035309,0
P1274,2023,757357.2035,3815863.56,0,0,0,0,0,0,0,0,0,0,0.634112477,0.035389922,0.811610616,784,19.43146515,0.188083935,44.27911354,3,3.302755594,302.0071106,321.3570557,43.9366188,0
P1275,2023,755287.2035,3815173.56,0,0,0,0,0,0,0,0,0,0,0.632010341,0.027123628,0.452347236,305,31.77794456,0.022972312,48.0549186,3,3.298844099,302.0849609,321.8161316,43.86053467,0
P1276,2023,769087.2035,3820693.56,0,0,0,0,0,0,0,0,0,0,0.535948455,0.024476811,0.721546828,306,10.97700214,34.14647218,45.10954772,3,3.330038309,301.6867981,329.8954773,44.94584274,0
P1277,2023,720787.2035,3810343.56,14.7028,64.9023,2.9524,1.4276,78.0749,42.4453,0.4956,0.195899912,0,0,0.760345399,0.063456643,0,239,1.880177021,0,38.24764213,3,3.264509916,301.0325623,345.2815552,43.57489777,0
P1278,2023,708367.2035,3843463.56,8.4016,14.4928,2,1.2333,46.1538,87.8979,0.0937,0.018688802,0,0,0.76379931,0.116431898,0.00282658,103,3.258656025,0,36.70379558,3,3.411914825,302.00354,335.0065613,38.49250031,0
P1279,2023,753217.2035,3829663.56,0,0,0,0,0,0,0,0,0,0,0.749851108,0.033234911,0.153017359,119,6.090816021,0.506674275,44.91707947,3,3.386804104,301.8260803,337.1187439,42.71341324,0
P1280,2023,748387.2035,3829663.56,0,0,0,0,0,0,0,0,0,0,0.533504069,0.026032695,0.689531242,753,30.24491692,11.07755454,44.61954595,3,3.384890795,301.7155457,336.9635315,42.74591446,0
P1281,2023,780127.2035,3827593.56,0,0,0,0,0,0,0,0,0,0,0.709486783,0.041895562,0.199860927,126,0.650805831,0.142434529,48.15361055,3,3.340065956,301.6333618,328.8792725,45.91487122,0
P1282,2023,726307.2035,3839323.56,0,0,0,0,0,0,0,0,0,0,0.59255898,0.073308913,0.296154844,547,17.62838745,0.390457447,40.60075676,3,3.428933382,301.9846497,333.1474304,39.99856949,0
P1283,2023,753217.2035,3825523.56,0,0,0,0,0,0,0,0,0,0,0.748579323,0.030304526,0.141310703,274,6.980623245,1.130688324,46.57986525,3,3.358573437,301.782959,337.7111816,43.36841583,0
P1284,2023,773917.2035,3860023.56,0,0,0,0,0,0,0,0,0,0,0.682103395,0.046161572,0.11758502,114,6.235314369,0.334149722,48.5414082,2,3.566619396,303.0823669,332.6774292,35.73995972,0
P1285,2023,711127.2035,3848293.56,0,0,0,0,0,0,0,0,0,0,0.73496151,0.026714285,0.231683929,463,5.023201942,0.674759288,41.39729912,3,3.451060057,302.6888123,329.8621521,37.42943192,0
P1286,2023,780127.2035,3857263.56,0,0,0,0,0,0,0,0,0,0,0.668103099,0.035965434,0.111804793,104,16.87524986,0.69997699,40.36628847,3,3.516486645,302.9744873,329.2887268,36.58549118,0
P1287,2023,756552.9922,3802929.777,0,0,0,0,0,0,0,0,0,0.001147161,0,0.028313417,0.091944134,0,0,0,44.76126555,1,3.239180565,302.3121033,332.177124,41.58830643,0
P1288,2023,755977.2035,3839323.56,0,0,0,0,0,0,0,0,0,0,0.613198638,0.039544662,0.52831295,472,28.99346924,3.656571518,43.49907801,3,3.455567598,302.0850525,335.783783,40.93343353,0
P1289,2023,738037.2035,3855193.56,0,0,0,0,0,0,0,0,0,0,0.504987299,0.035257958,0.996696351,1968,90.45149231,0,43.43170754,4,3.531956196,302.5406799,331.2712708,38.12277985,0
P1290,2023,698707.2035,3834493.56,2.1004,59.8614,2.1163,2.1163,94.5392,53.0706,0.3836,0.869547299,0.000477069,0,0.939946234,0.099801555,0.003780718,49,0.466651469,0,32.3297223,2,3.424595356,299.7267456,348.614502,39.27562332,0
P1291,2023,664897.2035,3810343.56,0,0,0,0,0,0,0,0,0,0,0.6849491,0.012074785,0.039238392,142,1.926328182,17.74019837,43.60213587,2,3.76687479,300.691864,360.1355286,44.59739685,0
P1292,2023,673867.2035,3810343.56,4.2008,8.8217,1.4,1.2,60,92.7514,0.0535,0.001890359,0.007561437,0,0.623959243,0.025150068,0.018444441,183,1.686646461,0,42.0551669,3,3.732674837,301.3280029,369.4107971,41.9723587,0
P1293,2023,765637.2035,3842773.56,0,0,0,0,0,0,0,0,0,0,0.525963724,0.039393857,0.895866854,606,15.57398319,6.367889655,45.55460731,3,3.485008001,302.3164978,340.2466736,40.40384674,0
P1294,2023,681457.2035,3857263.56,0,0,0,0,0,0,0,0,0,0,0.790034235,0.047622031,0.26881766,54,0.935963154,0,41.81842756,3,3.481118917,302.450531,326.9276733,42.80693436,0
P1296,2023,735277.2035,3848983.56,4.2008,16.3831,1.875,1.4286,70.8333,83.8013,0.1356,0,0,0.028253654,0.540806115,0.067049623,0.754135194,2996,93.0568924,1.368498587,41.67706108,6,3.494068384,302.4190063,333.2301331,38.50326157,0
P1297,2023,666277.2035,3850363.56,0,0,0,0,0,0,0,0,0,0,0.620086193,0.02416218,0.433486613,504,1.887691498,0.265117885,48.00009905,3,3.316218376,301.9189453,331.2269287,43.64938736,0
P1298,2023,737347.2035,3863473.56,0,0,0,0,0,0,0,0,0,0,0.560524762,0.028811176,0.408409872,1066,83.53672791,2.587294938,42.10173038,4,3.572299719,302.6735229,327.0099792,37.98387527,0
P1299,2023,755977.2035,3857953.56,0,0,0,0,0,0,0,0,0,0,0.563860297,0.032660856,0.609116121,988,82.33415985,4.932599299,40.96257985,4,3.569292545,302.7322388,335.2962952,36.85484314,0
P1300,2023,785647.2035,3841393.56,0,0,0,0,0,0,0,0,0,0,0.68235749,0.0424282,0.010304201,145,0.904067755,0,43.08671319,2,3.380789757,302.3013611,335.1552124,41.53109741,0
P1301,2023,760807.2035,3821383.56,0,0,0,0,0,0,0,0,0,0,0.659895182,0.027756709,0.080196093,521,19.0222683,2.839651791,48.61033322,3,3.335583687,301.78479,326.0965881,43.95578384,0
P1302,2023,720097.2035,3845533.56,0,0,0,0,0,0,0,0,0,0,0.635184467,0.030321867,0.571370596,557,4.744865417,5.36737757,40.9397564,3,3.451741934,302.5187073,332.5004578,37.81261444,0
P1303,2023,745627.2035,3842773.56,0,0,0,0,0,0,0,0,0,0,0.412243098,0.031706998,0.982986767,2752,95.44095612,0,43.52324447,4,3.468677282,302.0121765,337.8306274,40.10904694,0
P1304,2023,691117.2035,3856573.56,6.3012,37.8072,2.5385,1.5288,68.254,68.3838,0.2584,0,0,0.07087951,0.622281253,0.120089119,0.295427342,139,3.641185045,11.57478438,39.23625198,4,3.490510702,302.6731262,329.098053,39.91040802,0
P1305,2023,709057.2035,3857953.56,0,0,0,0,0,0,0,0,0,0,0.577342153,0.036408423,0.092521627,588,48.762146,0,43.78583012,3,3.493629694,302.9545593,327.9827576,37.47222137,0
P1306,2023,785647.2035,3864853.56,0,0,0,0,0,0,0,0,0,0,0.599830806,0.052832781,0.466924979,641,5.21639967,2.608165711,40.89728879,3,3.492486477,303.080719,323.0130005,35.47140121,0
P1307,2023,729067.2035,3827593.56,0,0,0,0,0,0,0,0,0,0,0.609281957,0.02797424,0.644333291,1238,13.14928627,0.419347105,41.08678622,3,3.354743958,301.1481018,337.7861938,42.92642593,0
P1308,2023,758047.2035,3817243.56,0,0,0,0,0,0,0,0,0,0,0.572226942,0.037884742,0.695233098,911,20.1187458,0.776634972,46.01668671,3,3.310869694,301.9501343,322.7476196,43.92477417,0
P1309,2023,783577.2035,3841393.56,0,0,0,0,0,0,0,0,0,0,0.685301602,0.053988817,0.159224807,204,1.703939199,0.486440929,43.47766956,2,3.399166107,302.3070984,332.6959534,41.50218582,0
P833,2023,691750.2852,3859997.24,0,0,0,0,0,0,0,0,0,0,0.595352888,0.015625512,0.603717035,71,1.34782815,0,42.60227375,3,,,,,
P883,2023,686268.3905,3859100.919,0,0,0,0,0,0,0,0,0,0,0.664831638,0.077358498,0.139597143,0,2.132035255,0,40.57409718,2,,,,,
P903,2023,756345.3695,3802078.402,0,0,0,0,0,0,0,0,0,0.937541264,0,0,0,0,0,0,33.8283645,1,,,,,
P951,2023,673700.6867,3816334.032,0,0,0,0,0,0,0,0.976973598,0,0,0.955534697,0.095986489,0,0,0,0,28.45814799,1,,,,,
P984,2023,791084.9893,3868783.854,0,0,0,0,0,0,0,0,0.005641644,0.086267533,0.427189767,0.030583483,0.661395348,0,1.678156853,14.05481928,39.51044922,3,,,,,
P1025,2023,780132.6497,3871680.172,0,0,0,0,0,0,0,0,0,0,0.690923452,0.035060361,0.464896347,14,0.618009806,0.315008379,47.66906366,3,,,,,
P1084,2023,785628.4756,3855576.257,0,0,0,0,0,0,0,0,0,0,0,0.02704918,0.137941543,0,0,0,38.53992893,1,,,,,
P1096,2023,792295.5111,3860557.114,0,0,0,0,0,0,0,0,0,0,0,0.032085353,0.18014179,0,0,6.480080052,39.83866991,1,,,,,
P1118,2023,746962.5365,3866141.552,0,0,0,0,0,0,0,0,0,0.112365365,0.616061985,0.046038771,0.670558171,160,18.93679428,0.466687449,39.20673739,4,,,,,
P1168,2023,695425.033,3862502.245,0,0,0,0,0,0,0,0,0,0,0,0.06685739,0,0,0.746849597,0,44.94575186,1,,,,,
P1183,2023,734981.2149,3800307.192,0,0,0,0,0,0,0,0.164933889,0.130090672,0,0,0.018447371,0,0,0,0,31.73416574,1,,,,,
P1295,2023,763297.641,3802396.288,0,0,0,0,0,0,0,0,0,0,0,0.02930471,0,0,0,0,48.14555359,1,,,,,
P1310,2023,698707.2035,3856573.56,0,0,0,0,0,0,0,0,0,0,0.665779352,0.078663896,0.168313446,287,2.996382713,0.878795233,39.85931616,2,3.485852242,302.6989441,326.1114197,38.4662056,0
P1311,2023,755287.2035,3846913.56,0,0,0,0,0,0,0,0,0,0,0.420580387,0.046854674,0.946610792,2054,82.54107666,0.120540719,46.22477385,4,3.502056122,302.3763428,344.069519,38.8748703,0
P1312,2023,774607.2035,3821383.56,0,0,0,0,0,0,0,0,0,0,0.80409956,0.047261125,0.002975472,112,0.650805831,100,48.06918491,2,3.321941853,301.5861511,329.378418,45.8420639,0
P1313,2023,772537.2035,3817243.56,0,0,0,0,0,0,0,0,0,0,0.787269115,0.04443134,0.414012647,358,1.112766862,0.091737779,48.31862838,3,3.302391291,301.5830994,333.3695068,45.72435379,0
P1314,2023,781507.2035,3857953.56,2.1004,1.8904,1,1,0,98.2058,0.0137,0,0,0.002367429,0.672427177,0.044614421,0.115156946,176,11.48319912,3.023544469,39.23419455,3,3.505475521,302.978302,328.4907837,36.51016998,0
P1315,2023,764257.2035,3846913.56,0,0,0,0,0,0,0,0,0,0,0.517350018,0.055950035,0.82024401,1011,42.49368668,0.520206374,42.87260521,3,3.510925055,302.4821777,342.5785522,39.13502884,0
P1316,2023,739417.2035,3803443.56,0,0,0,0,0,0,0,0,0,0,0.768604159,0.048041651,0.271597081,361,1.626046896,1.989671224,45.37516395,3,3.241222382,301.8003845,340.3558044,43.71960068,0
P1317,2023,687667.2035,3806203.56,0,0,0,0,0,0,0,0,0,0,0.650146186,0.016320763,0.794728882,1993,6.388588905,0.338645571,45.41592263,3,3.578101635,301.8922119,372.0634155,37.10724258,0
P1318,2023,775987.2035,3835183.56,2.1004,7.5614,1.6,1.6,57.1429,92.3597,0.0621,0.009433877,0,0,0.614008844,0.052171775,0.513955489,488,0.795026481,1.848262075,42.91366254,4,3.409991026,302.027832,332.1194458,43.24133682,0
P1319,2023,726307.2035,3848983.56,0,0,0,0,0,0,0,0,0,0,0.627906859,0.025932715,0.694975876,1931,63.6160202,0.674835478,40.60070703,4,3.481271505,302.681366,332.4944153,37.53017044,0
P1320,2023,746317.2035,3853123.56,0,0,0,0,0,0,0,0,0,0,0.425545245,0.070024389,0.988657845,6722,92.96954346,0,43.98667541,4,3.530980825,302.4483948,337.1636047,38.1125145,0
P1321,2023,730447.2035,3806203.56,10.502,44.7385,2.7143,1.4543,68.4211,64.1212,0.291,0.082597,0,0,0.786055565,0.078021682,0.009970773,195,0.918190658,0,39.87075085,2,3.254694939,301.2320251,343.980957,44.23608398,0
P1322,2023,733207.2035,3851743.56,0,0,0,0,0,0,0,0,0,0,0.536359072,0.046736977,0.905856558,2470,84.02908325,0.210882321,44.51289417,4,3.506070375,302.5418396,331.3190918,38.19405746,0
P1323,2023,785647.2035,3831043.56,0,0,0,0,0,0,0,0,0,0,0.641315103,0.056524505,0.37781615,325,0.4468683,3.926828712,45.21614741,3,3.321201086,301.7635193,331.0537415,45.14315796,0
P1324,2023,719407.2035,3836563.56,0,0,0,0,0,0,0,0,0,0,0.687568545,0.057549564,0.10257337,220,24.23651695,0.271018825,38.05889114,3,3.395589352,301.664917,334.0661621,40.41679764,0
P1325,2023,766327.2035,3845533.56,0,0,0,0,0,0,0,0,0,0,0.566892147,0.036696253,0.627945339,618,32.4876709,0.349798688,42.38718563,3,3.503750324,302.4432678,340.7489014,39.58711624,0
P1326,2023,766327.2035,3828283.56,0,0,0,0,0,0,0,0,0,0,0.574439526,0.02767969,0.425192423,180,8.240050316,13.64885621,45.44842552,3,3.380074024,301.7548523,329.3852539,44.03329849,0
P1327,2023,693877.2035,3855193.56,0,0,0,0,0,0,0,0,0,0,0.640706956,0.165399001,0.284543325,444,4.232261658,0,40.42871128,3,3.483074903,302.4902954,330.6295166,39.2481041,0
P1328,2023,672487.2035,3808273.56,0,0,0,0,0,0,0,0,0,0,0.679431081,0.01909454,0.028098691,344,1.131498694,0,40.96421159,2,3.719869137,301.3513794,364.7381592,41.81257629,0
P1329,2023,680077.2035,3808273.56,0,0,0,0,0,0,0,0,0,0,0.725337327,0.029519945,0,141,2.269999266,0,43.06536542,2,3.676190853,301.9374695,372.8551636,39.82278824,0
P1330,2023,756667.2035,3848293.56,0,0,0,0,0,0,0,0,0,0,0.444738448,0.03882315,0.940462645,1472,103.7076645,0.162105839,43.61839718,4,3.512066126,302.4493408,345.9956055,38.5555954,0
P1331,2023,747007.2035,3836563.56,0,0,0,0,0,0,0,0,0,0,0.56918925,0.029155676,0.564292493,1287,85.75895691,1.056514499,42.50998011,4,3.432207584,301.7814331,335.2140808,41.53663635,0
P1332,2023,738727.2035,3831733.56,4.2008,5.6711,1.5,1,50,94.4029,0.0445,0.006130229,0,0,0.662348032,0.034760939,0.287852558,542,6.435343266,0.819029068,39.60352341,4,3.394812107,301.5503235,335.092804,42.41199493,0
P1333,2023,764947.2035,3822763.56,0,0,0,0,0,0,0,0,0,0,0.629165232,0.032610439,0.146422728,164,7.617734432,0,45.81162416,3,3.34358716,301.7224121,327.7575684,44.37112808,0
P1334,2023,749767.2035,3820003.56,0,0,0,0,0,0,0,0,0,0,0.663700044,0.029636357,0.217743471,368,6.914689541,0.534824682,44.13225338,3,3.325811148,301.9479065,329.7432251,43.65085983,0
P1335,2023,742177.2035,3849673.56,0,0,0,0,0,0,0,0,0,0,0.426725894,0.053147357,1,22713,90.45318604,0,46.23621569,4,3.506052494,302.272644,336.5106812,38.83472061,0
P1336,2023,727687.2035,3861403.56,0,0,0,0,0,0,0,0,0,0,0.626061738,0.04703592,0.234058442,742,24.00808144,2.146365769,41.56956998,3,3.5447402,302.8415222,331.4119873,37.4970665,0
P1337,2023,706987.2035,3863473.56,0,0,0,0,0,0,0,0,0,0,0.736364841,0.042360374,0.152290677,226,5.608014584,0,44.26609326,3,3.505829573,302.779541,328.0250549,38.2816658,0
P1338,2023,774607.2035,3834493.56,0,0,0,0,0,0,0,0,0,0,0.662660778,0.040798645,0.199235159,543,0.972506583,0.93880284,42.73682731,3,3.410755157,302.0004883,332.9796753,43.31669235,0
P1339,2023,749077.2035,3811033.56,0,0,0,0,0,0,0,0,0,0,0.638971031,0.031508141,0.41399049,1311,80.22755432,0.561237706,44.35645789,4,3.27946043,302.2081604,327.2926331,43.39945984,0
P1340,2023,758047.2035,3804133.56,0,0,0,0,0,0,0,0,0,0,0.747931838,0.044714082,0.230975985,455,3.255821228,4.451097276,45.56061547,3,3.2458992,302.2817078,329.4684753,41.93540573,0
P1341,2023,738037.2035,3856573.56,2.1004,8.8217,1.4,1.4,89.4737,82.2416,0.1846,0,0,0.0386949,0.526079774,0.036377203,0.67606332,1524,96.51876068,0.930651786,41.46250815,6,3.539685726,302.5829773,330.4851685,38.00179672,0
P1342,2023,696637.2035,3813103.56,0,0,0,0,0,0,0,0,0,0,0.681345582,0.03556471,0.217236341,485,6.307294846,3.002461285,41.26514762,3,3.43460083,300.9319153,358.6331787,36.01716995,0
P1343,2023,760807.2035,3831043.56,0,0,0,0,0,0,0,0,0,0,0.460876465,0.040738467,0.937660055,1366,89.86457825,0.029294004,43.74859758,4,3.399847746,301.824646,333.0222473,42.96111679,0
P1344,2023,765637.2035,3852433.56,0,0,0,0,0,0,0,0,0,0,0.544356704,0.042269094,0.743371317,537,79.51474762,5.998067424,42.75852058,4,3.54453826,302.7073059,338.6295471,37.74711609,0
P1345,2023,660757.2035,3809653.56,0,0,0,0,0,0,0,0,0,0,0.694808185,0.01302081,0.699556782,1334,1.31090343,0.370202001,43.18518638,3,3.770815372,300.464386,356.5079041,45.8673439,0
P1346,2023,694567.2035,3847603.56,12.6024,20.794,2.4444,1.218,55.1724,81.0966,0.1547,0.032409708,0,0,0.754663527,0.081971785,0.038845137,194,3.018320799,0,37.28067749,3,3.44945097,301.4042664,346.9465027,39.12246704,0
P1347,2023,748387.2035,3802063.56,0,0,0,0,0,0,0,0,0,0,0.787337363,0.036552121,0.115413643,557,1.880425096,0.067463726,43.47035232,2,3.236909866,302.2914429,337.5584717,42.22947311,0
P1348,2023,753907.2035,3811033.56,0,0,0,0,0,0,0,0,0,0,0.488503844,0.031170375,0.797717889,1532,92.87156677,1.167468021,44.4485199,4,3.280211687,302.2207031,326.5888367,43.10836792,0
P1349,2023,680767.2035,3806893.56,0,0,0,0,0,0,0,0,0,0,0.707652152,0.032481005,0.05866178,348,2.960016012,0,43.8405396,2,3.657200098,302.0157471,371.2961121,39.26750183,0
P1350,2023,775987.2035,3825523.56,0,0,0,0,0,0,0,0,0,0,0.758027554,0.035878279,0.024115518,299,0.650805831,24.31776042,49.17969304,2,3.342837095,301.6291199,327.622406,45.69623947,0
P1351,2023,764947.2035,3845533.56,0,0,0,0,0,0,0,0,0,0,0.544783294,0.042466973,0.722117202,674,33.88001633,1.158818407,41.80527264,3,3.502545118,302.4295044,341.4642639,39.557621,0
P1352,2023,757357.2035,3829663.56,0,0,0,0,0,0,0,0,0,0,0.644737363,0.039725528,0.514063625,780,56.92673111,10.896696,46.78977554,4,3.388345242,301.8001404,334.8062134,42.99412155,0
P1353,2023,682837.2035,3857263.56,0,0,0,0,0,0,0,0,0,0,0.844689369,0.061305448,0.800236043,71,1.017300725,0,40.74126615,3,3.484566689,302.5057373,327.6908569,42.33654785,0
P1354,2023,678697.2035,3835873.56,0,0,0,0,0,0,0,0,0,0,0.483098477,0.033185859,0.505307059,2448,6.260742664,0.928911486,44.95874191,3,3.574244499,302.6704712,357.9676819,43.75429916,0
P1355,2023,687667.2035,3850363.56,0,0,0,0,0,0,0,0,0,0,0.677249014,0.098667233,0.15163331,479,25.53513527,0.252480556,39.96434739,3,3.465012312,302.526947,340.6286926,40.78415298,0
P1356,2023,751837.2035,3811033.56,0,0,0,0,0,0,0,0,0,0,0.556268454,0.032474466,0.85495607,1369,91.04260254,0.256433036,43.2163638,4,3.280399561,302.2484131,327.5091248,43.13978577,0
P1357,2023,740107.2035,3804133.56,0,0,0,0,0,0,0,0,0,0,0.758553088,0.035060965,0.19552173,331,1.398556232,1.015940149,45.17053332,3,3.245006323,301.8635559,339.2148438,43.68468475,0
P1358,2023,708367.2035,3811723.56,4.2008,57.3409,2.7143,2.185,80.9524,43.881,0.4983,0.195900437,0.011819224,0,0.724027276,0.094333351,0.066115412,248,1.782304525,6.622772102,37.2953426,3,3.239800453,300.7955017,347.0007019,40.15896988,0
P1359,2023,763567.2035,3844843.56,0,0,0,0,0,0,0,0,0,0,0.495082051,0.061266815,0.950833756,897,36.57931519,0.81770369,43.83171004,3,3.49686718,302.3860779,341.7304688,39.73033524,0
P1360,2023,696637.2035,3811723.56,4.2008,8.1916,1.4,1,60,92.9219,0.0535,0.009451796,0,0,0.717993736,0.047464442,0.031283701,369,11.20262623,0,39.71561419,3,3.435669899,300.9506836,358.3175354,36.0536232,0
P1361,2023,679387.2035,3816553.56,6.3012,19.5337,1.2667,1.1323,98.7487,77.5269,0.2016,0.953458214,0,0,0.883347988,0.075697797,0,14,4.78020525,0,29.63433296,3,3.723485231,301.3571472,375.5105591,42.01172256,0
P1362,2023,691807.2035,3826903.56,6.3012,119.0926,3.3846,2.1856,86.5801,22.0656,0.6176,0.591390899,0.099526418,0,0.85185945,0.043495828,0,67,0.641173244,0,33.21636196,2,3.527683496,300.1761169,358.2240906,39.86645508,0
P1363,2023,704227.2035,3830353.56,6.3012,58.6011,2.0488,1.6456,94.4516,40.3873,0.5377,0.714645652,0.054403172,0,0.89668262,0.108076459,0,37,0.724090874,0,32.07072284,2,3.321457624,300.459198,348.9308167,39.76460266,0
P1364,2023,749767.2035,3860023.56,0,0,0,0,0,0,0,0,0,0,0.513988435,0.046486554,0.690855658,2512,72.79547119,1.274265117,43.55814874,4,3.57706213,302.6992188,335.3005066,36.89081573,0
P1365,2023,700777.2035,3815173.56,4.2008,13.2325,1.6667,1.4412,76,84.1125,0.1421,0.0369068,0,0,0.778858721,0.041097636,0.078959923,192,2.977123261,4.609423378,38.88549482,3,3.344352245,300.7240601,353.44104,37.45954514,0
P1366,2023,758737.2035,3804823.56,0,0,0,0,0,0,0,0,0,0,0.731081843,0.035317657,0.279218049,559,2.748419285,1.97491039,46.64891257,3,3.248736858,302.25,328.226532,42.06740189,0
P1367,2023,671797.2035,3802753.56,8.4016,49.1493,2.75,1.8383,71.4286,58.8232,0.3418,0.087397754,0.013232514,0.002438577,0.674376845,0.041346172,0.005671078,223,0.965344489,0,37.68086563,2,3.670075893,301.6734924,355.793335,40.68941116,0
P1368,2023,675247.7292,3824895.908,0,0,0,0,0,0,0,0,0,0,0,0.059844582,0.025380925,674,0,2,40.39461978,1,3.722656727,301.5237732,368.7878418,44.31191635,0
P1369,2023,709057.2035,3838633.56,0,0,0,0,0,0,0,0,0,0,0.678711832,0.076062585,0.150775653,213,1.410086751,0,38.16636089,2,3.378011227,301.2855835,342.5830994,39.42398834,0
P1370,2023,698017.2035,3861403.56,0,0,0,0,0,0,0,0,0,0,0.70599407,0.058333439,0.003780718,53,0.793063402,0,45.23086479,2,3.500857115,302.8518372,323.9217529,38.64816284,0
P1371,2023,675963.7139,3816524.743,2.3691,0,1.0455,1.0455,99.7763,0,0,0.996486321,0,0,0.922061801,0.077625626,0,5,1.061532855,0,28.975256,2,3.743271589,301.319397,374.0411072,42.80688858,0
P1372,2023,719407.2035,3824143.56,0,0,0,0,0,0,0,0,0,0,0.37810725,0.045021509,0.947624232,3406,70.74208832,0,46.0964532,4,3.299140692,300.5122375,345.5829163,43.18154907,0
P1373,2023,767017.2035,3833113.56,0,0,0,0,0,0,0,0,0,0,0.627741456,0.039329168,0.326207139,326,3.38023448,1.63583321,47.32839152,3,3.417140245,301.9376831,334.3528137,43.02671814,0
P1374,2023,680767.2035,3846913.56,0,0,0,0,0,0,0,0,0,0,0.464415133,0.070837982,0.760423612,3937,70.7878952,0,44.35832096,4,3.417385578,302.7524109,338.2198181,42.38286972,0
P1375,2023,723547.2035,3841393.56,0,0,0,0,0,0,0,0,0,0,0.6300385,0.027150986,0.264184049,612,16.06354713,0.742096514,43.62037742,3,3.43544507,302.1875,333.1830444,39.17557907,0
P1376,2023,732517.2035,3807583.56,0,0,0,0,0,0,0,0,0,0,0.77371496,0.032027814,0.081076919,632,1.449791789,2.347138295,44.61729872,2,3.259343863,301.4337769,341.8287659,44.26253128,0
P1377,2023,690427.2035,3800683.56,16.8032,58.6011,3.2941,1.2716,68.8,52.3612,0.3943,0.113832197,0.011675583,0,0.644433856,0.081298236,0.259918797,896,1.843877673,1.322307449,40.79076508,4,3.513543129,301.4711914,365.8074341,36.50177383,0
P1378,2023,696637.2035,3825523.56,6.3012,104.5999,3,2.8068,87.4074,18.1126,0.6895,0.399923537,0.059782729,0.071833648,0.800320268,0.072387268,0.05681776,208,1.666552901,0,36.59195287,3,3.43716383,300.2201233,358.76297,38.17579269,0
P1379,2023,782197.2035,3826903.56,0,0,0,0,0,0,0,0,0,0,0.704154849,0.037697493,0.486198167,616,0.650805831,0.396512544,47.14810706,3,3.321249008,301.5808411,328.2383423,46.25872421,0
P1380,2023,737347.2035,3801373.56,6.3012,81.2854,2.5405,2.4586,90.7015,24.669,0.6668,0.621662993,0.004734857,0,0.850961506,0.158603473,0.001890359,64,1.767842889,0,35.04877782,3,3.228481293,301.6954041,342.9780273,43.89636612,0
P1381,2023,679387.2035,3797923.56,2.1004,12.6024,1.1739,1.1739,99.1935,88.3184,0.0937,0.964184909,0.018903592,0,0.842127562,0.103022101,0,13,0.578768492,0,34.54698669,2,3.58514452,301.4480896,360.7240906,38.15959549,0
P1382,2023,719407.2035,3851743.56,0,0,0,0,0,0,0,0,0,0,0.498930335,0.042962549,1,3880,77.97518921,0,46.539115,4,3.483725309,302.8600769,333.0643005,37.01548004,0
P1383,2023,738037.2035,3848293.56,0,0,0,0,0,0,0,0,0,0,0.397892326,0.048557854,1,22777,91.55076599,0,46.64101492,4,3.493417263,302.3304138,335.1196594,38.72229767,0
P1384,2023,718027.2035,3808963.56,6.3012,10.712,1.8,1.1667,42.8571,91.5599,0.0621,0.011992106,0,0,0.798712313,0.071470655,0.005688996,214,0.897212625,39.62440781,39.98806111,2,3.264398098,300.7980652,344.6355896,43.12349319,0
P1385,2023,730447.2035,3868993.56,8.4016,28.3554,2.0714,1.2947,80.2632,67.9058,0.291,0.086790724,0,0,0.76912272,0.129840945,0.53218514,570,15.33529091,0.143099421,42.89001534,5,3.580249786,302.6383972,326.3248596,38.55170441,0
P1386,2023,742177.2035,3828283.56,0,0,0,0,0,0,0,0,0,0,0.66868788,0.030236926,0.039972158,259,5.94811964,0,41.95396715,2,3.372871161,301.5110779,335.6053772,43.15127182,0
P1387,2023,665587.2035,3804133.56,14.7028,61.7517,2.7391,1.6631,82.0628,39.2433,0.5423,0.182592059,0.03629216,0,0.707601011,0.047455973,0,180,1.106491327,0,37.32768154,2,3.700087786,300.9547729,356.552002,43.14248657,0
P1388,2023,723547.2035,3821383.56,0,0,0,0,0,0,0,0,0,0,0.718324482,0.044060485,0.316939354,390,9.022476196,0.425821168,43.88434247,3,3.305372953,300.9465637,343.6239929,43.54827499,0
P1389,2023,695257.2035,3854503.56,2.1004,2.5205,1,1,0,97.9788,0.0137,0.002278362,0,0,0.691977382,0.162539135,0.025093646,152,1.609583497,12.08526568,40.1940258,2,3.479357243,302.3476563,331.6636047,38.91680527,0
P1390,2023,779437.2035,3849673.56,0,0,0,0,0,0,0,0,0,0,0.569723368,0.047524881,0.18738043,606,16.44528389,1.173837459,40.11484722,3,3.488477945,302.6971436,325.4088135,38.53081512,0
P1391,2023,739417.2035,3860023.56,0,0,0,0,0,0,0,0,0,0,0.453781366,0.035155084,0.857161939,828,90.46953583,6.466586114,44.10843495,4,3.560872555,302.6448669,328.5188293,37.82610321,0
P1392,2023,784264.7504,3857262.784,0,0,0,0,0,0,0,0,0,0,0.568005383,0.040537598,0.41913311,256,26.7364521,0.951880944,44.58799451,3,3.47414732,302.9142151,326.2073059,36.86784363,0
P1393,2023,724927.2035,3817933.56,0,0,0,0,0,0,0,0,0,0,0.742523551,0.073457974,0.043191992,578,11.54672146,3.345800237,39.69736843,3,3.293485165,301.3210754,344.4868469,43.896595,0
P1394,2023,718027.2035,3867613.56,0,0,0,0,0,0,0,0,0,0,0.715256155,0.06006331,0.163770402,110,0.991426587,0.063580086,42.03741253,2,3.545945168,302.4371338,328.6384277,38.24509048,0
P1395,2023,688357.2035,3817243.56,6.3012,72.4638,2.3095,2.1561,93.4524,44.8705,0.4501,0.774275823,0.05401517,0,0.842164516,0.110088491,0.011342155,47,61.60623169,0,31.88020679,5,3.605349064,301.4682312,370.6682739,38.9172821,0
P1396,2023,711817.2035,3811723.56,6.3012,42.8481,1.6047,1.4851,96.9732,53.8618,0.4183,0.862591012,0,0,0.876029015,0.111739246,0.00141329,38,0.680307746,0,32.71583652,2,3.248285055,300.7988892,345.1277771,41.45557404,0
P1397,2023,694567.2035,3826213.56,2.1004,20.1638,1.2791,1.2791,98.6095,61.0327,0.4116,0.833970987,0.02127102,0,0.878654838,0.103113224,0,31,0.810524702,0,33.34532353,2,3.477423668,300.1784363,358.5046692,38.92385483,0
P1398,2023,750457.2035,3801373.56,0,0,0,0,0,0,0,0,0,0,0.766586602,0.030370994,0.306888136,515,2.258238077,0.833534869,45.00084745,3,3.233857155,302.3314819,337.4402466,41.69158936,0
P1399,2023,724927.2035,3804133.56,8.4016,99.5589,3.0714,1.9767,83.0409,22.7208,0.6473,0.349108403,0,0,0.813934267,0.082002644,0.003780718,137,0.650805831,0,36.51843614,2,3.253362417,300.7413025,347.7166138,44.16346359,0
P1400,2023,738727.2035,3804823.56,0,0,0,0,0,0,0,0,0,0,0.769857466,0.025801465,0.101620244,319,1.918454885,2.512714908,47.1744848,2,3.247629166,301.7577209,339.3608398,43.85063171,0
P1401,2023,727687.2035,3845533.56,0,0,0,0,0,0,0,0,0,0,0.655939996,0.035594244,0.438088284,888,58.61865234,1.17150727,41.08200881,4,3.464829206,302.4304199,332.460968,38.39471054,0
P1402,2023,678697.2035,3846223.56,0,0,0,0,0,0,0,0,0,0,0.574006021,0.129602585,0.177262838,827,38.55624008,5.932132304,41.17894481,3,3.413947105,302.8251343,337.0350952,42.88602448,0
P1403,2023,724237.2035,3847603.56,0,0,0,0,0,0,0,0,0,0,0.636164427,0.032551396,0.589300491,900,29.90563011,25.55668848,40.18137295,3,3.470910549,302.6952515,332.2716675,37.36997986,0
P1404,2023,682147.2035,3819313.56,12.6024,21.4241,2.375,1.1905,45,83.8349,0.1222,0.021288939,0.008515575,0,0.646016419,0.045094805,0.056896324,188,20.42093849,4.249613532,37.36811739,4,3.685152769,301.1529846,371.0546875,41.60502243,0
P1405,2023,729757.2035,3852433.56,0,0,0,0,0,0,0,0,0,0,0.611227632,0.044376877,0.933800773,2787,83.51475525,0.381356373,44.97035168,4,3.504496574,302.671814,332.0288391,37.75471115,0
P1406,2023,783577.2035,3866923.56,0,0,0,0,0,0,0,0,0,0,0.735307395,0.02948082,0.00090698,40,6.223286152,0,45.01368647,2,3.521857977,303.1770935,323.6039124,34.8458786,0
P1407,2023,693877.2035,3794473.56,2.1004,22.0542,1.2667,1.2667,98.7193,72.2523,0.2584,0.934656355,0,0,0.958585441,0.110123051,0,18,0.529181421,0,31.05115525,2,3.451738834,300.9689941,357.0800476,37.07247162,0
P1408,2023,763567.2035,3820003.56,0,0,0,0,0,0,0,0,0,0,0.678531766,0.022090633,0.196310071,209,5.777880669,2.495500843,47.12499267,3,3.326952457,301.7711487,325.6394348,44.28423309,0
P1409,2023,685597.2035,3851053.56,0,0,0,0,0,0,0,0,0,0,0.621047139,0.058323207,0.159213484,1853,62.23963165,0.738698529,44.16696098,3,3.461426258,302.5869446,337.9949036,41.3323288,0
P1410,2023,684907.2035,3806203.56,0,0,0,0,0,0,0,0,0,0,0.666267693,0.029101151,0.414587212,960,2.656868935,0.757157618,45.49808195,3,3.607446194,301.9596558,371.4212646,37.90126038,0
P1411,2023,729757.2035,3867613.56,2.1004,5.041,1,1,100,95.3548,0.035,0,0,0.005671078,0.80996716,0.070392783,0.27675679,294,20.8085804,0,38.59022658,4,3.573138952,302.6546631,327.0734558,38.38350296,0
P1412,2023,722857.2035,3862783.56,0,0,0,0,0,0,0,0,0,0,0.641255736,0.032204854,0.214867568,846,8.849287987,7.42470721,42.56329363,3,3.540759087,302.8424683,332.3628235,37.4296608,0
P1413,2023,706297.2035,3843463.56,0,0,0,0,0,0,0,0,0,0,0.714704871,0.065701198,0.08326487,329,4.109428883,0,39.55861988,2,3.406852245,301.9191895,335.6023865,38.58500671,0
P1414,2023,697327.2035,3811033.56,0,0,0,0,0,0,0,0,0,0,0.73823297,0.049480102,0.013691665,201,18.92084122,7.629378678,40.67953001,3,3.423114777,300.8754578,356.8859253,35.95446777,0
P1415,2023,735277.2035,3864163.56,0,0,0,0,0,0,0,0,0,0,0.513899803,0.044589393,0.839319471,1334,69.46552277,0.250198582,45.34234654,4,3.570761681,302.6899719,327.0801392,38.07271194,0
P1416,2023,747007.2035,3851053.56,0,0,0,0,0,0,0,0,0,0,0.383965015,0.076737663,0.996219282,9465,95.27635956,0,45.1492118,4,3.519190788,302.3915405,339.2500916,38.31274796,0
P1417,2023,735967.2035,3805513.56,0,0,0,0,0,0,0,0,0,0,0.792645097,0.023186045,0.171157612,426,3.906370401,2.064862987,42.44051426,3,3.249776602,301.5537415,340.7589417,44.11890411,0
P1418,2023,696637.2035,3808963.56,0,0,0,0,0,0,0,0,0,0,0.661441505,0.027321291,0.702668239,1272,28.33633232,0.609364129,44.2967167,3,3.437645197,300.98703,357.6826782,36.12174606,0
P1419,2023,691117.2035,3812413.56,0,0,0,0,0,0,0,0,0,0,0.657988071,0.028429108,0.289478231,507,4.208694458,3.489265499,43.78043601,3,3.545161486,301.6756592,368.9096985,37.21010208,0
P1420,2023,777367.2035,3847603.56,4.2008,19.5337,1.9,1.2821,77.5,78.4452,0.1904,0,0,0.048087395,0.340892732,0.053591531,0.91711755,1400,65.07713318,-0.372254853,43.73302767,6,3.487457275,302.6005859,327.8459167,39.18110657,0
P1421,2023,753907.2035,3835183.56,0,0,0,0,0,0,0,0,0,0,0.636948466,0.028427406,0.404053722,312,22.07930946,0.381416585,43.42192421,3,3.426245451,301.9441833,334.4359741,41.73397446,0
P1422,2023,751837.2035,3861403.56,2.1004,49.7795,2.1429,2.1429,87.4346,45.5245,0.5009,0,0,0.199387277,0.62336874,0.03658087,0.412422237,1016,59.22390366,0,38.72559505,6,3.587087631,302.748291,335.7886353,36.60636902,0
P1423,2023,751147.2035,3845533.56,0,0,0,0,0,0,0,0,0,0,0.495179981,0.043400977,0.990273589,3284,84.90527344,0.038251543,45.99688536,4,3.489486217,302.2678833,341.5009155,39.11175919,0
P1424,2023,722857.2035,3833803.56,25.2048,73.0939,4.0667,1.6673,47.1264,56.988,0.3171,0.049668315,0.04817121,0,0.683206797,0.084806734,0.12075553,101,6.836877346,0,36.82323809,4,3.385227203,301.4665222,336.1552124,41.24368668,0
P1425,2023,784957.2035,3866923.56,0,0,0,0,0,0,0,0,0,0,0.730125248,0.026491126,0.282190922,40,8.430225372,0,45.57846467,3,3.508180618,303.1412354,322.5977478,35.01652145,0
P1426,2023,733897.2035,3813103.56,2.1004,5.041,1,1,100,95.3548,0.035,0.005671078,0,0,0.747835159,0.062616365,0.239525039,379,3.221127987,2.890467218,41.51342485,4,3.284864902,301.8034668,336.8956299,44.31274033,0
P1427,2023,733207.2035,3827593.56,0,0,0,0,0,0,0,0,0,0,0.682823181,0.044694396,0.12377373,406,2.537755013,0.960364124,38.32446312,2,3.3636024,301.4137573,335.6701355,43.03493881,0
P1428,2023,718717.2035,3829663.56,16.8032,134.8456,4.3448,2.0756,75.0643,14.825,0.671,0.317480439,0.079973888,0,0.721797645,0.060362324,0.000477069,62,12.3321352,0,34.88712892,4,3.336209536,300.8718262,341.5958557,42.07411957,0
P1429,2023,742177.2035,3862783.56,0,0,0,0,0,0,0,0,0,0,0.598341286,0.034171429,0.670183192,1505,83.56110382,3.111162714,44.79716437,4,3.579468012,302.6309204,326.9545593,37.85488892,0
P1430,2023,693187.2035,3828283.56,8.4016,79.3951,2.7429,1.442,88.8073,23.2827,0.6885,0.496950685,0.057748729,0,0.842092335,0.041618827,0.001890359,166,0.650805831,0,35.37299882,2,3.500178576,300.0960693,355.9084778,39.54470444,0
P1431,2023,679387.2035,3835183.56,0,0,0,0,0,0,0,0,0,0,0.52290678,0.030725283,0.946616044,2163,2.866235733,0.123341099,44.53866866,3,3.581237078,302.415863,357.6468506,43.60272217,0
P1432,2023,733207.2035,3856573.56,0,0,0,0,0,0,0,0,0,0,0.523409605,0.054993254,0.977213956,8437,87.28065491,0.038763733,42.46185897,4,3.531368732,302.66922,329.8813171,37.85723877,0
P1433,2023,693877.2035,3823453.56,0,0,0,0,0,0,0,0,0,0,0.703452945,0.027751117,0.079395085,282,1.789160371,0.487804878,40.16451998,2,3.491930723,300.3804932,361.008728,38.72977066,0
P1434,2023,714577.2035,3864853.56,0,0,0,0,0,0,0,0,0,0,0.64725244,0.039816912,0.808956478,1194,3.635319233,0.296541765,43.61520149,3,3.528241158,302.5919189,330.2952271,37.77758408,0
P1435,2023,678697.2035,3841393.56,0,0,0,0,0,0,0,0,0,0,0.588731766,0.047389729,1,2786,21.93608665,0.107325853,48.02745307,4,3.488357306,302.7424622,346.6718445,43.29019928,0
P1436,2023,726997.2035,3853813.56,0,0,0,0,0,0,0,0,0,0,0.573595941,0.043894223,0.278144258,795,59.67120361,6.790998376,42.8512234,3,3.507530689,302.8039856,333.0245972,37.36029816,0
P1437,2023,680767.2035,3835183.56,0,0,0,0,0,0,0,0,0,0,0.573028803,0.042181771,0.810896648,1585,1.58506012,0,43.17959727,3,3.576354504,302.06073,355.420105,43.25553131,0
P1438,2023,786337.2035,3846913.56,0,0,0,0,0,0,0,0,0,0,0.653744102,0.046511595,0.029333516,471,1.231366992,8.876002031,43.56424902,2,3.405494452,302.545105,328.8889465,39.58866501,0
P1439,2023,707677.2035,3818623.56,0,0,0,0,0,0,0,0,0,0,0.717923522,0.037535619,0.012110745,352,2.312253714,0,43.99371447,2,3.232480764,300.6392212,345.4258423,40.33396912,0
P1440,2023,733897.2035,3830353.56,10.502,41.5879,2.9286,1.6651,62.5,65.5436,0.2819,0.081017913,0,0,0.763259232,0.030667385,0.26928442,807,4.243144989,0.504472424,38.05108285,4,3.383106709,301.5110779,334.4195557,42.50548553,0
P1441,2023,669727.2035,3799993.56,0,0,0,0,0,0,0,0,0,0,0.693361819,0.02308417,0.042524122,310,0.720691502,4.325432431,42.49861402,2,3.646318674,301.6409302,354.0872498,40.87921524,0
P1442,2023,708367.2035,3854503.56,0,0,0,0,0,0,0,0,0,0,0.403200179,0.033333253,0.98435815,4536,75.60341644,0,47.07014001,4,3.475538731,302.8308105,327.6228333,37.62453842,0
